
$ python3 -u train_cls.py --epochs 20 --batch_size 128 --lr 0.001 --seed 1 --gpu 0 --amp
log: /mntdatalora/src/Pointnet-Shape-Analysis/training_runs/20260507_122029/classification.log
/mntdatalora/src/Pointnet-Shape-Analysis/sub-modules/pointnet/train_cls.py:82: FutureWarning: `torch.cuda.amp.GradScaler(args...)` is deprecated. Please use `torch.amp.GradScaler('cuda', args...)` instead.
  scaler = torch.cuda.amp.GradScaler(enabled=args.amp)

  0%|          | 0/76 [00:00<?, ?it/s]/mntdatalora/src/Pointnet-Shape-Analysis/sub-modules/pointnet/train_cls.py:35: FutureWarning: `torch.cuda.amp.autocast(args...)` is deprecated. Please use `torch.amp.autocast('cuda', args...)` instead.
  with torch.cuda.amp.autocast(enabled=use_amp):

1/20 epoch | loss: 3.8577 | accuracy: 3.9%:   0%|          | 0/76 [00:00<?, ?it/s]
1/20 epoch | loss: 3.8577 | accuracy: 3.9%:   1%|▏         | 1/76 [00:00<00:53,  1.40it/s]
1/20 epoch | loss: 3.8817 | accuracy: 3.9%:   1%|▏         | 1/76 [00:00<00:53,  1.40it/s]
1/20 epoch | loss: 3.8817 | accuracy: 3.9%:   3%|▎         | 2/76 [00:00<00:27,  2.73it/s]
1/20 epoch | loss: 3.7900 | accuracy: 6.2%:   3%|▎         | 2/76 [00:00<00:27,  2.73it/s]
1/20 epoch | loss: 3.5480 | accuracy: 17.2%:   3%|▎         | 2/76 [00:01<00:27,  2.73it/s]
1/20 epoch | loss: 3.5480 | accuracy: 17.2%:   5%|▌         | 4/76 [00:01<00:13,  5.25it/s]
1/20 epoch | loss: 3.3603 | accuracy: 22.7%:   5%|▌         | 4/76 [00:01<00:13,  5.25it/s]
1/20 epoch | loss: 3.3157 | accuracy: 25.0%:   5%|▌         | 4/76 [00:01<00:13,  5.25it/s]
1/20 epoch | loss: 3.3157 | accuracy: 25.0%:   8%|▊         | 6/76 [00:01<00:09,  7.15it/s]
1/20 epoch | loss: 3.2381 | accuracy: 29.7%:   8%|▊         | 6/76 [00:01<00:09,  7.15it/s]
1/20 epoch | loss: 3.0178 | accuracy: 33.6%:   8%|▊         | 6/76 [00:01<00:09,  7.15it/s]
1/20 epoch | loss: 3.0178 | accuracy: 33.6%:  11%|█         | 8/76 [00:01<00:07,  8.53it/s]
1/20 epoch | loss: 2.8130 | accuracy: 42.2%:  11%|█         | 8/76 [00:01<00:07,  8.53it/s]
1/20 epoch | loss: 2.6907 | accuracy: 49.2%:  11%|█         | 8/76 [00:01<00:07,  8.53it/s]
1/20 epoch | loss: 2.6907 | accuracy: 49.2%:  13%|█▎        | 10/76 [00:01<00:06,  9.50it/s]
1/20 epoch | loss: 2.6550 | accuracy: 44.5%:  13%|█▎        | 10/76 [00:01<00:06,  9.50it/s]
1/20 epoch | loss: 2.6922 | accuracy: 42.2%:  13%|█▎        | 10/76 [00:01<00:06,  9.50it/s]
1/20 epoch | loss: 2.6922 | accuracy: 42.2%:  16%|█▌        | 12/76 [00:01<00:06, 10.23it/s]
1/20 epoch | loss: 2.7075 | accuracy: 38.3%:  16%|█▌        | 12/76 [00:01<00:06, 10.23it/s]
1/20 epoch | loss: 2.6473 | accuracy: 43.0%:  16%|█▌        | 12/76 [00:01<00:06, 10.23it/s]
1/20 epoch | loss: 2.6473 | accuracy: 43.0%:  18%|█▊        | 14/76 [00:01<00:05, 10.74it/s]
1/20 epoch | loss: 2.4027 | accuracy: 46.9%:  18%|█▊        | 14/76 [00:01<00:05, 10.74it/s]
1/20 epoch | loss: 2.7715 | accuracy: 38.3%:  18%|█▊        | 14/76 [00:02<00:05, 10.74it/s]
1/20 epoch | loss: 2.7715 | accuracy: 38.3%:  21%|██        | 16/76 [00:02<00:05, 11.10it/s]
1/20 epoch | loss: 2.5035 | accuracy: 40.6%:  21%|██        | 16/76 [00:02<00:05, 11.10it/s]
1/20 epoch | loss: 2.4371 | accuracy: 39.8%:  21%|██        | 16/76 [00:02<00:05, 11.10it/s]
1/20 epoch | loss: 2.4371 | accuracy: 39.8%:  24%|██▎       | 18/76 [00:02<00:05, 11.37it/s]
1/20 epoch | loss: 2.4858 | accuracy: 41.4%:  24%|██▎       | 18/76 [00:02<00:05, 11.37it/s]
1/20 epoch | loss: 2.4060 | accuracy: 44.5%:  24%|██▎       | 18/76 [00:02<00:05, 11.37it/s]
1/20 epoch | loss: 2.4060 | accuracy: 44.5%:  26%|██▋       | 20/76 [00:02<00:04, 11.54it/s]
1/20 epoch | loss: 2.2645 | accuracy: 50.0%:  26%|██▋       | 20/76 [00:02<00:04, 11.54it/s]
1/20 epoch | loss: 2.3475 | accuracy: 42.2%:  26%|██▋       | 20/76 [00:02<00:04, 11.54it/s]
1/20 epoch | loss: 2.3475 | accuracy: 42.2%:  29%|██▉       | 22/76 [00:02<00:04, 11.57it/s]
1/20 epoch | loss: 2.2253 | accuracy: 46.9%:  29%|██▉       | 22/76 [00:02<00:04, 11.57it/s]
1/20 epoch | loss: 1.9803 | accuracy: 54.7%:  29%|██▉       | 22/76 [00:02<00:04, 11.57it/s]
1/20 epoch | loss: 1.9803 | accuracy: 54.7%:  32%|███▏      | 24/76 [00:02<00:04, 11.23it/s]
1/20 epoch | loss: 2.2234 | accuracy: 45.3%:  32%|███▏      | 24/76 [00:02<00:04, 11.23it/s]
1/20 epoch | loss: 2.2381 | accuracy: 46.9%:  32%|███▏      | 24/76 [00:02<00:04, 11.23it/s]
1/20 epoch | loss: 2.2381 | accuracy: 46.9%:  34%|███▍      | 26/76 [00:02<00:04, 11.45it/s]
1/20 epoch | loss: 2.0469 | accuracy: 47.7%:  34%|███▍      | 26/76 [00:02<00:04, 11.45it/s]
1/20 epoch | loss: 2.1069 | accuracy: 50.0%:  34%|███▍      | 26/76 [00:03<00:04, 11.45it/s]
1/20 epoch | loss: 2.1069 | accuracy: 50.0%:  37%|███▋      | 28/76 [00:03<00:04, 11.58it/s]
1/20 epoch | loss: 2.1548 | accuracy: 46.1%:  37%|███▋      | 28/76 [00:03<00:04, 11.58it/s]
1/20 epoch | loss: 2.1732 | accuracy: 46.9%:  37%|███▋      | 28/76 [00:03<00:04, 11.58it/s]
1/20 epoch | loss: 2.1732 | accuracy: 46.9%:  39%|███▉      | 30/76 [00:03<00:03, 11.69it/s]
1/20 epoch | loss: 2.1220 | accuracy: 44.5%:  39%|███▉      | 30/76 [00:03<00:03, 11.69it/s]
1/20 epoch | loss: 2.0652 | accuracy: 51.6%:  39%|███▉      | 30/76 [00:03<00:03, 11.69it/s]
1/20 epoch | loss: 2.0652 | accuracy: 51.6%:  42%|████▏     | 32/76 [00:03<00:03, 11.78it/s]
1/20 epoch | loss: 1.8136 | accuracy: 54.7%:  42%|████▏     | 32/76 [00:03<00:03, 11.78it/s]
1/20 epoch | loss: 2.2619 | accuracy: 36.7%:  42%|████▏     | 32/76 [00:03<00:03, 11.78it/s]
1/20 epoch | loss: 2.2619 | accuracy: 36.7%:  45%|████▍     | 34/76 [00:03<00:03, 11.83it/s]
1/20 epoch | loss: 2.0751 | accuracy: 49.2%:  45%|████▍     | 34/76 [00:03<00:03, 11.83it/s]
1/20 epoch | loss: 1.7366 | accuracy: 59.4%:  45%|████▍     | 34/76 [00:03<00:03, 11.83it/s]
1/20 epoch | loss: 1.7366 | accuracy: 59.4%:  47%|████▋     | 36/76 [00:03<00:03, 11.87it/s]
1/20 epoch | loss: 1.9486 | accuracy: 50.0%:  47%|████▋     | 36/76 [00:03<00:03, 11.87it/s]
1/20 epoch | loss: 1.7804 | accuracy: 54.7%:  47%|████▋     | 36/76 [00:03<00:03, 11.87it/s]
1/20 epoch | loss: 1.7804 | accuracy: 54.7%:  50%|█████     | 38/76 [00:03<00:03, 11.90it/s]
1/20 epoch | loss: 1.7189 | accuracy: 57.8%:  50%|█████     | 38/76 [00:03<00:03, 11.90it/s]
1/20 epoch | loss: 1.9469 | accuracy: 48.4%:  50%|█████     | 38/76 [00:04<00:03, 11.90it/s]
1/20 epoch | loss: 1.9469 | accuracy: 48.4%:  53%|█████▎    | 40/76 [00:04<00:03, 11.90it/s]
1/20 epoch | loss: 1.8465 | accuracy: 49.2%:  53%|█████▎    | 40/76 [00:04<00:03, 11.90it/s]
1/20 epoch | loss: 1.8080 | accuracy: 54.7%:  53%|█████▎    | 40/76 [00:04<00:03, 11.90it/s]
1/20 epoch | loss: 1.8080 | accuracy: 54.7%:  55%|█████▌    | 42/76 [00:04<00:02, 11.93it/s]
1/20 epoch | loss: 1.7854 | accuracy: 55.5%:  55%|█████▌    | 42/76 [00:04<00:02, 11.93it/s]
1/20 epoch | loss: 1.8909 | accuracy: 50.0%:  55%|█████▌    | 42/76 [00:04<00:02, 11.93it/s]
1/20 epoch | loss: 1.8909 | accuracy: 50.0%:  58%|█████▊    | 44/76 [00:04<00:02, 11.95it/s]
1/20 epoch | loss: 1.7467 | accuracy: 55.5%:  58%|█████▊    | 44/76 [00:04<00:02, 11.95it/s]
1/20 epoch | loss: 1.5586 | accuracy: 57.0%:  58%|█████▊    | 44/76 [00:04<00:02, 11.95it/s]
1/20 epoch | loss: 1.5586 | accuracy: 57.0%:  61%|██████    | 46/76 [00:04<00:02, 11.51it/s]
1/20 epoch | loss: 1.6657 | accuracy: 58.6%:  61%|██████    | 46/76 [00:04<00:02, 11.51it/s]
1/20 epoch | loss: 1.7340 | accuracy: 55.5%:  61%|██████    | 46/76 [00:04<00:02, 11.51it/s]
1/20 epoch | loss: 1.7340 | accuracy: 55.5%:  63%|██████▎   | 48/76 [00:04<00:02, 11.27it/s]
1/20 epoch | loss: 1.7132 | accuracy: 53.1%:  63%|██████▎   | 48/76 [00:04<00:02, 11.27it/s]
1/20 epoch | loss: 1.7222 | accuracy: 57.0%:  63%|██████▎   | 48/76 [00:04<00:02, 11.27it/s]
1/20 epoch | loss: 1.7222 | accuracy: 57.0%:  66%|██████▌   | 50/76 [00:04<00:02, 11.41it/s]
1/20 epoch | loss: 1.4762 | accuracy: 65.6%:  66%|██████▌   | 50/76 [00:05<00:02, 11.41it/s]
1/20 epoch | loss: 1.6635 | accuracy: 54.7%:  66%|██████▌   | 50/76 [00:05<00:02, 11.41it/s]
1/20 epoch | loss: 1.6635 | accuracy: 54.7%:  68%|██████▊   | 52/76 [00:05<00:02, 11.56it/s]
1/20 epoch | loss: 1.7205 | accuracy: 56.2%:  68%|██████▊   | 52/76 [00:05<00:02, 11.56it/s]
1/20 epoch | loss: 1.5676 | accuracy: 60.9%:  68%|██████▊   | 52/76 [00:05<00:02, 11.56it/s]
1/20 epoch | loss: 1.5676 | accuracy: 60.9%:  71%|███████   | 54/76 [00:05<00:01, 11.48it/s]
1/20 epoch | loss: 1.6618 | accuracy: 56.2%:  71%|███████   | 54/76 [00:05<00:01, 11.48it/s]
1/20 epoch | loss: 1.5270 | accuracy: 62.5%:  71%|███████   | 54/76 [00:05<00:01, 11.48it/s]
1/20 epoch | loss: 1.5270 | accuracy: 62.5%:  74%|███████▎  | 56/76 [00:05<00:01, 10.96it/s]
1/20 epoch | loss: 1.5473 | accuracy: 62.5%:  74%|███████▎  | 56/76 [00:05<00:01, 10.96it/s]
1/20 epoch | loss: 1.6835 | accuracy: 57.0%:  74%|███████▎  | 56/76 [00:05<00:01, 10.96it/s]
1/20 epoch | loss: 1.6835 | accuracy: 57.0%:  76%|███████▋  | 58/76 [00:05<00:01, 11.21it/s]
1/20 epoch | loss: 1.5638 | accuracy: 59.4%:  76%|███████▋  | 58/76 [00:05<00:01, 11.21it/s]
1/20 epoch | loss: 1.5032 | accuracy: 61.7%:  76%|███████▋  | 58/76 [00:05<00:01, 11.21it/s]
1/20 epoch | loss: 1.5032 | accuracy: 61.7%:  79%|███████▉  | 60/76 [00:05<00:01, 10.46it/s]
1/20 epoch | loss: 1.2156 | accuracy: 70.3%:  79%|███████▉  | 60/76 [00:05<00:01, 10.46it/s]
1/20 epoch | loss: 1.3591 | accuracy: 62.5%:  79%|███████▉  | 60/76 [00:06<00:01, 10.46it/s]
1/20 epoch | loss: 1.3591 | accuracy: 62.5%:  82%|████████▏ | 62/76 [00:06<00:01, 10.55it/s]
1/20 epoch | loss: 1.4315 | accuracy: 58.6%:  82%|████████▏ | 62/76 [00:06<00:01, 10.55it/s]
1/20 epoch | loss: 1.6040 | accuracy: 53.9%:  82%|████████▏ | 62/76 [00:06<00:01, 10.55it/s]
1/20 epoch | loss: 1.6040 | accuracy: 53.9%:  84%|████████▍ | 64/76 [00:06<00:01, 10.94it/s]
1/20 epoch | loss: 1.2414 | accuracy: 69.5%:  84%|████████▍ | 64/76 [00:06<00:01, 10.94it/s]
1/20 epoch | loss: 1.5596 | accuracy: 57.8%:  84%|████████▍ | 64/76 [00:06<00:01, 10.94it/s]
1/20 epoch | loss: 1.5596 | accuracy: 57.8%:  87%|████████▋ | 66/76 [00:06<00:00, 11.20it/s]
1/20 epoch | loss: 1.3101 | accuracy: 64.1%:  87%|████████▋ | 66/76 [00:06<00:00, 11.20it/s]
1/20 epoch | loss: 1.3824 | accuracy: 61.7%:  87%|████████▋ | 66/76 [00:06<00:00, 11.20it/s]
1/20 epoch | loss: 1.3824 | accuracy: 61.7%:  89%|████████▉ | 68/76 [00:06<00:00, 11.39it/s]
1/20 epoch | loss: 1.5992 | accuracy: 57.0%:  89%|████████▉ | 68/76 [00:06<00:00, 11.39it/s]
1/20 epoch | loss: 1.2738 | accuracy: 64.1%:  89%|████████▉ | 68/76 [00:06<00:00, 11.39it/s]
1/20 epoch | loss: 1.2738 | accuracy: 64.1%:  92%|█████████▏| 70/76 [00:06<00:00, 11.46it/s]
1/20 epoch | loss: 1.3934 | accuracy: 61.7%:  92%|█████████▏| 70/76 [00:06<00:00, 11.46it/s]
1/20 epoch | loss: 1.4283 | accuracy: 65.6%:  92%|█████████▏| 70/76 [00:06<00:00, 11.46it/s]
1/20 epoch | loss: 1.4283 | accuracy: 65.6%:  95%|█████████▍| 72/76 [00:06<00:00, 11.32it/s]
1/20 epoch | loss: 1.4257 | accuracy: 60.2%:  95%|█████████▍| 72/76 [00:06<00:00, 11.32it/s]
1/20 epoch | loss: 1.6281 | accuracy: 56.2%:  95%|█████████▍| 72/76 [00:07<00:00, 11.32it/s]
1/20 epoch | loss: 1.6281 | accuracy: 56.2%:  97%|█████████▋| 74/76 [00:07<00:00, 11.50it/s]
1/20 epoch | loss: 1.4072 | accuracy: 64.1%:  97%|█████████▋| 74/76 [00:07<00:00, 11.50it/s]
1/20 epoch | loss: 1.6293 | accuracy: 54.7%:  97%|█████████▋| 74/76 [00:07<00:00, 11.50it/s]
1/20 epoch | loss: 1.6293 | accuracy: 54.7%: 100%|██████████| 76/76 [00:07<00:00, 11.59it/s]
1/20 epoch | loss: 1.6293 | accuracy: 54.7%: 100%|██████████| 76/76 [00:07<00:00, 10.49it/s]
train loss: 2.0622 train acc: 49.5% | val loss: 1.7560 val acc: 50.2%
saving checkpoint to checkpoints/classification/05-07_12-20-32/Classification_ckpt_epoch0_metric50.2.ckpt

  0%|          | 0/76 [00:00<?, ?it/s]
2/20 epoch | loss: 1.4201 | accuracy: 62.5%:   0%|          | 0/76 [00:00<?, ?it/s]
2/20 epoch | loss: 1.5313 | accuracy: 57.8%:   0%|          | 0/76 [00:00<?, ?it/s]
2/20 epoch | loss: 1.5313 | accuracy: 57.8%:   3%|▎         | 2/76 [00:00<00:06, 10.87it/s]
2/20 epoch | loss: 1.4509 | accuracy: 61.7%:   3%|▎         | 2/76 [00:00<00:06, 10.87it/s]
2/20 epoch | loss: 1.3422 | accuracy: 64.1%:   3%|▎         | 2/76 [00:00<00:06, 10.87it/s]
2/20 epoch | loss: 1.3422 | accuracy: 64.1%:   5%|▌         | 4/76 [00:00<00:06, 11.27it/s]
2/20 epoch | loss: 1.5574 | accuracy: 63.3%:   5%|▌         | 4/76 [00:00<00:06, 11.27it/s]
2/20 epoch | loss: 1.3222 | accuracy: 62.5%:   5%|▌         | 4/76 [00:00<00:06, 11.27it/s]
2/20 epoch | loss: 1.3222 | accuracy: 62.5%:   8%|▊         | 6/76 [00:00<00:06, 11.36it/s]
2/20 epoch | loss: 1.4355 | accuracy: 63.3%:   8%|▊         | 6/76 [00:00<00:06, 11.36it/s]
2/20 epoch | loss: 1.1374 | accuracy: 71.1%:   8%|▊         | 6/76 [00:00<00:06, 11.36it/s]
2/20 epoch | loss: 1.1374 | accuracy: 71.1%:  11%|█         | 8/76 [00:00<00:05, 11.50it/s]
2/20 epoch | loss: 1.2493 | accuracy: 66.4%:  11%|█         | 8/76 [00:00<00:05, 11.50it/s]
2/20 epoch | loss: 1.3063 | accuracy: 64.8%:  11%|█         | 8/76 [00:00<00:05, 11.50it/s]
2/20 epoch | loss: 1.3063 | accuracy: 64.8%:  13%|█▎        | 10/76 [00:00<00:05, 11.59it/s]
2/20 epoch | loss: 1.1597 | accuracy: 71.1%:  13%|█▎        | 10/76 [00:00<00:05, 11.59it/s]
2/20 epoch | loss: 1.6199 | accuracy: 55.5%:  13%|█▎        | 10/76 [00:01<00:05, 11.59it/s]
2/20 epoch | loss: 1.6199 | accuracy: 55.5%:  16%|█▌        | 12/76 [00:01<00:05, 11.68it/s]
2/20 epoch | loss: 1.1817 | accuracy: 71.1%:  16%|█▌        | 12/76 [00:01<00:05, 11.68it/s]
2/20 epoch | loss: 1.3555 | accuracy: 65.6%:  16%|█▌        | 12/76 [00:01<00:05, 11.68it/s]
2/20 epoch | loss: 1.3555 | accuracy: 65.6%:  18%|█▊        | 14/76 [00:01<00:05, 11.76it/s]
2/20 epoch | loss: 1.2049 | accuracy: 68.0%:  18%|█▊        | 14/76 [00:01<00:05, 11.76it/s]
2/20 epoch | loss: 1.2550 | accuracy: 63.3%:  18%|█▊        | 14/76 [00:01<00:05, 11.76it/s]
2/20 epoch | loss: 1.2550 | accuracy: 63.3%:  21%|██        | 16/76 [00:01<00:05, 11.58it/s]
2/20 epoch | loss: 1.2522 | accuracy: 67.2%:  21%|██        | 16/76 [00:01<00:05, 11.58it/s]
2/20 epoch | loss: 1.2371 | accuracy: 68.0%:  21%|██        | 16/76 [00:01<00:05, 11.58it/s]
2/20 epoch | loss: 1.2371 | accuracy: 68.0%:  24%|██▎       | 18/76 [00:01<00:04, 11.66it/s]
2/20 epoch | loss: 1.3662 | accuracy: 62.5%:  24%|██▎       | 18/76 [00:01<00:04, 11.66it/s]
2/20 epoch | loss: 1.3456 | accuracy: 63.3%:  24%|██▎       | 18/76 [00:01<00:04, 11.66it/s]
2/20 epoch | loss: 1.3456 | accuracy: 63.3%:  26%|██▋       | 20/76 [00:01<00:04, 11.70it/s]
2/20 epoch | loss: 1.1435 | accuracy: 65.6%:  26%|██▋       | 20/76 [00:01<00:04, 11.70it/s]
2/20 epoch | loss: 1.2330 | accuracy: 64.1%:  26%|██▋       | 20/76 [00:01<00:04, 11.70it/s]
2/20 epoch | loss: 1.2330 | accuracy: 64.1%:  29%|██▉       | 22/76 [00:01<00:04, 11.74it/s]
2/20 epoch | loss: 1.3450 | accuracy: 63.3%:  29%|██▉       | 22/76 [00:01<00:04, 11.74it/s]
2/20 epoch | loss: 1.1317 | accuracy: 68.0%:  29%|██▉       | 22/76 [00:02<00:04, 11.74it/s]
2/20 epoch | loss: 1.1317 | accuracy: 68.0%:  32%|███▏      | 24/76 [00:02<00:04, 11.68it/s]
2/20 epoch | loss: 1.2891 | accuracy: 61.7%:  32%|███▏      | 24/76 [00:02<00:04, 11.68it/s]
2/20 epoch | loss: 1.3777 | accuracy: 60.9%:  32%|███▏      | 24/76 [00:02<00:04, 11.68it/s]
2/20 epoch | loss: 1.3777 | accuracy: 60.9%:  34%|███▍      | 26/76 [00:02<00:04, 11.33it/s]
2/20 epoch | loss: 1.1394 | accuracy: 68.0%:  34%|███▍      | 26/76 [00:02<00:04, 11.33it/s]
2/20 epoch | loss: 1.2425 | accuracy: 60.9%:  34%|███▍      | 26/76 [00:02<00:04, 11.33it/s]
2/20 epoch | loss: 1.2425 | accuracy: 60.9%:  37%|███▋      | 28/76 [00:02<00:04, 11.51it/s]
2/20 epoch | loss: 1.1627 | accuracy: 68.8%:  37%|███▋      | 28/76 [00:02<00:04, 11.51it/s]
2/20 epoch | loss: 1.1203 | accuracy: 72.7%:  37%|███▋      | 28/76 [00:02<00:04, 11.51it/s]
2/20 epoch | loss: 1.1203 | accuracy: 72.7%:  39%|███▉      | 30/76 [00:02<00:03, 11.65it/s]
2/20 epoch | loss: 1.4504 | accuracy: 60.2%:  39%|███▉      | 30/76 [00:02<00:03, 11.65it/s]
2/20 epoch | loss: 1.2089 | accuracy: 65.6%:  39%|███▉      | 30/76 [00:02<00:03, 11.65it/s]
2/20 epoch | loss: 1.2089 | accuracy: 65.6%:  42%|████▏     | 32/76 [00:02<00:03, 11.74it/s]
2/20 epoch | loss: 1.2978 | accuracy: 64.1%:  42%|████▏     | 32/76 [00:02<00:03, 11.74it/s]
2/20 epoch | loss: 1.3440 | accuracy: 62.5%:  42%|████▏     | 32/76 [00:02<00:03, 11.74it/s]
2/20 epoch | loss: 1.3440 | accuracy: 62.5%:  45%|████▍     | 34/76 [00:02<00:03, 11.79it/s]
2/20 epoch | loss: 1.1553 | accuracy: 68.0%:  45%|████▍     | 34/76 [00:03<00:03, 11.79it/s]
2/20 epoch | loss: 1.1758 | accuracy: 66.4%:  45%|████▍     | 34/76 [00:03<00:03, 11.79it/s]
2/20 epoch | loss: 1.1758 | accuracy: 66.4%:  47%|████▋     | 36/76 [00:03<00:03, 11.77it/s]
2/20 epoch | loss: 1.3594 | accuracy: 64.8%:  47%|████▋     | 36/76 [00:03<00:03, 11.77it/s]
2/20 epoch | loss: 1.2314 | accuracy: 66.4%:  47%|████▋     | 36/76 [00:03<00:03, 11.77it/s]
2/20 epoch | loss: 1.2314 | accuracy: 66.4%:  50%|█████     | 38/76 [00:03<00:03, 11.82it/s]
2/20 epoch | loss: 1.1940 | accuracy: 67.2%:  50%|█████     | 38/76 [00:03<00:03, 11.82it/s]
2/20 epoch | loss: 1.2505 | accuracy: 64.8%:  50%|█████     | 38/76 [00:03<00:03, 11.82it/s]
2/20 epoch | loss: 1.2505 | accuracy: 64.8%:  53%|█████▎    | 40/76 [00:03<00:03, 11.85it/s]
2/20 epoch | loss: 1.0194 | accuracy: 71.1%:  53%|█████▎    | 40/76 [00:03<00:03, 11.85it/s]
2/20 epoch | loss: 1.1920 | accuracy: 71.9%:  53%|█████▎    | 40/76 [00:03<00:03, 11.85it/s]
2/20 epoch | loss: 1.1920 | accuracy: 71.9%:  55%|█████▌    | 42/76 [00:03<00:02, 11.84it/s]
2/20 epoch | loss: 1.1452 | accuracy: 67.2%:  55%|█████▌    | 42/76 [00:03<00:02, 11.84it/s]
2/20 epoch | loss: 1.1523 | accuracy: 63.3%:  55%|█████▌    | 42/76 [00:03<00:02, 11.84it/s]
2/20 epoch | loss: 1.1523 | accuracy: 63.3%:  58%|█████▊    | 44/76 [00:03<00:02, 11.80it/s]
2/20 epoch | loss: 1.1016 | accuracy: 66.4%:  58%|█████▊    | 44/76 [00:03<00:02, 11.80it/s]
2/20 epoch | loss: 1.2397 | accuracy: 68.8%:  58%|█████▊    | 44/76 [00:03<00:02, 11.80it/s]
2/20 epoch | loss: 1.2397 | accuracy: 68.8%:  61%|██████    | 46/76 [00:03<00:02, 11.69it/s]
2/20 epoch | loss: 1.2683 | accuracy: 68.0%:  61%|██████    | 46/76 [00:04<00:02, 11.69it/s]
2/20 epoch | loss: 0.9296 | accuracy: 76.6%:  61%|██████    | 46/76 [00:04<00:02, 11.69it/s]
2/20 epoch | loss: 0.9296 | accuracy: 76.6%:  63%|██████▎   | 48/76 [00:04<00:02, 11.75it/s]
2/20 epoch | loss: 1.3490 | accuracy: 67.2%:  63%|██████▎   | 48/76 [00:04<00:02, 11.75it/s]
2/20 epoch | loss: 1.1101 | accuracy: 69.5%:  63%|██████▎   | 48/76 [00:04<00:02, 11.75it/s]
2/20 epoch | loss: 1.1101 | accuracy: 69.5%:  66%|██████▌   | 50/76 [00:04<00:02, 11.39it/s]
2/20 epoch | loss: 1.1153 | accuracy: 73.4%:  66%|██████▌   | 50/76 [00:04<00:02, 11.39it/s]
2/20 epoch | loss: 1.0970 | accuracy: 68.8%:  66%|██████▌   | 50/76 [00:04<00:02, 11.39it/s]
2/20 epoch | loss: 1.0970 | accuracy: 68.8%:  68%|██████▊   | 52/76 [00:04<00:02, 10.84it/s]
2/20 epoch | loss: 1.1729 | accuracy: 63.3%:  68%|██████▊   | 52/76 [00:04<00:02, 10.84it/s]
2/20 epoch | loss: 1.0474 | accuracy: 71.1%:  68%|██████▊   | 52/76 [00:04<00:02, 10.84it/s]
2/20 epoch | loss: 1.0474 | accuracy: 71.1%:  71%|███████   | 54/76 [00:04<00:01, 11.14it/s]
2/20 epoch | loss: 1.1088 | accuracy: 72.7%:  71%|███████   | 54/76 [00:04<00:01, 11.14it/s]
2/20 epoch | loss: 1.1868 | accuracy: 68.0%:  71%|███████   | 54/76 [00:04<00:01, 11.14it/s]
2/20 epoch | loss: 1.1868 | accuracy: 68.0%:  74%|███████▎  | 56/76 [00:04<00:01, 11.36it/s]
2/20 epoch | loss: 1.0675 | accuracy: 71.9%:  74%|███████▎  | 56/76 [00:04<00:01, 11.36it/s]
2/20 epoch | loss: 1.0366 | accuracy: 73.4%:  74%|███████▎  | 56/76 [00:05<00:01, 11.36it/s]
2/20 epoch | loss: 1.0366 | accuracy: 73.4%:  76%|███████▋  | 58/76 [00:05<00:01, 11.53it/s]
2/20 epoch | loss: 0.9851 | accuracy: 74.2%:  76%|███████▋  | 58/76 [00:05<00:01, 11.53it/s]
2/20 epoch | loss: 1.2388 | accuracy: 64.8%:  76%|███████▋  | 58/76 [00:05<00:01, 11.53it/s]
2/20 epoch | loss: 1.2388 | accuracy: 64.8%:  79%|███████▉  | 60/76 [00:05<00:01, 11.57it/s]
2/20 epoch | loss: 1.0964 | accuracy: 73.4%:  79%|███████▉  | 60/76 [00:05<00:01, 11.57it/s]
2/20 epoch | loss: 0.9249 | accuracy: 71.1%:  79%|███████▉  | 60/76 [00:05<00:01, 11.57it/s]
2/20 epoch | loss: 0.9249 | accuracy: 71.1%:  82%|████████▏ | 62/76 [00:05<00:01, 11.65it/s]
2/20 epoch | loss: 0.9903 | accuracy: 71.1%:  82%|████████▏ | 62/76 [00:05<00:01, 11.65it/s]
2/20 epoch | loss: 1.0930 | accuracy: 68.8%:  82%|████████▏ | 62/76 [00:05<00:01, 11.65it/s]
2/20 epoch | loss: 1.0930 | accuracy: 68.8%:  84%|████████▍ | 64/76 [00:05<00:01, 11.73it/s]
2/20 epoch | loss: 1.0904 | accuracy: 74.2%:  84%|████████▍ | 64/76 [00:05<00:01, 11.73it/s]
2/20 epoch | loss: 1.3442 | accuracy: 65.6%:  84%|████████▍ | 64/76 [00:05<00:01, 11.73it/s]
2/20 epoch | loss: 1.3442 | accuracy: 65.6%:  87%|████████▋ | 66/76 [00:05<00:00, 11.76it/s]
2/20 epoch | loss: 1.1542 | accuracy: 68.0%:  87%|████████▋ | 66/76 [00:05<00:00, 11.76it/s]
2/20 epoch | loss: 1.0849 | accuracy: 70.3%:  87%|████████▋ | 66/76 [00:05<00:00, 11.76it/s]
2/20 epoch | loss: 1.0849 | accuracy: 70.3%:  89%|████████▉ | 68/76 [00:05<00:00, 11.80it/s]
2/20 epoch | loss: 0.9601 | accuracy: 72.7%:  89%|████████▉ | 68/76 [00:05<00:00, 11.80it/s]
2/20 epoch | loss: 1.1890 | accuracy: 64.1%:  89%|████████▉ | 68/76 [00:06<00:00, 11.80it/s]
2/20 epoch | loss: 1.1890 | accuracy: 64.1%:  92%|█████████▏| 70/76 [00:06<00:00, 11.84it/s]
2/20 epoch | loss: 0.9859 | accuracy: 71.9%:  92%|█████████▏| 70/76 [00:06<00:00, 11.84it/s]
2/20 epoch | loss: 1.0654 | accuracy: 70.3%:  92%|█████████▏| 70/76 [00:06<00:00, 11.84it/s]
2/20 epoch | loss: 1.0654 | accuracy: 70.3%:  95%|█████████▍| 72/76 [00:06<00:00, 11.87it/s]
2/20 epoch | loss: 1.1580 | accuracy: 68.0%:  95%|█████████▍| 72/76 [00:06<00:00, 11.87it/s]
2/20 epoch | loss: 1.0246 | accuracy: 70.3%:  95%|█████████▍| 72/76 [00:06<00:00, 11.87it/s]
2/20 epoch | loss: 1.0246 | accuracy: 70.3%:  97%|█████████▋| 74/76 [00:06<00:00, 11.60it/s]
2/20 epoch | loss: 1.1243 | accuracy: 67.2%:  97%|█████████▋| 74/76 [00:06<00:00, 11.60it/s]
2/20 epoch | loss: 1.0148 | accuracy: 71.1%:  97%|█████████▋| 74/76 [00:06<00:00, 11.60it/s]
2/20 epoch | loss: 1.0148 | accuracy: 71.1%: 100%|██████████| 76/76 [00:06<00:00, 11.68it/s]
2/20 epoch | loss: 1.0148 | accuracy: 71.1%: 100%|██████████| 76/76 [00:06<00:00, 11.62it/s]
train loss: 1.2032 train acc: 67.2% | val loss: 1.2649 val acc: 65.7%
saving checkpoint to checkpoints/classification/05-07_12-20-32/Classification_ckpt_epoch1_metric65.68.ckpt

  0%|          | 0/76 [00:00<?, ?it/s]
3/20 epoch | loss: 0.8745 | accuracy: 71.9%:   0%|          | 0/76 [00:00<?, ?it/s]
3/20 epoch | loss: 0.8745 | accuracy: 71.9%:   1%|▏         | 1/76 [00:00<00:07,  9.80it/s]
3/20 epoch | loss: 0.9605 | accuracy: 73.4%:   1%|▏         | 1/76 [00:00<00:07,  9.80it/s]
3/20 epoch | loss: 0.9605 | accuracy: 73.4%:   3%|▎         | 2/76 [00:00<00:08,  9.19it/s]
3/20 epoch | loss: 0.9122 | accuracy: 80.5%:   3%|▎         | 2/76 [00:00<00:08,  9.19it/s]
3/20 epoch | loss: 0.9122 | accuracy: 80.5%:   4%|▍         | 3/76 [00:00<00:08,  9.11it/s]
3/20 epoch | loss: 1.0123 | accuracy: 70.3%:   4%|▍         | 3/76 [00:00<00:08,  9.11it/s]
3/20 epoch | loss: 1.0123 | accuracy: 70.3%:   5%|▌         | 4/76 [00:00<00:09,  8.00it/s]
3/20 epoch | loss: 1.0621 | accuracy: 69.5%:   5%|▌         | 4/76 [00:00<00:09,  8.00it/s]
3/20 epoch | loss: 1.1490 | accuracy: 71.1%:   5%|▌         | 4/76 [00:00<00:09,  8.00it/s]
3/20 epoch | loss: 1.1490 | accuracy: 71.1%:   8%|▊         | 6/76 [00:00<00:07,  9.66it/s]
3/20 epoch | loss: 0.9713 | accuracy: 75.0%:   8%|▊         | 6/76 [00:00<00:07,  9.66it/s]
3/20 epoch | loss: 1.1197 | accuracy: 64.1%:   8%|▊         | 6/76 [00:00<00:07,  9.66it/s]
3/20 epoch | loss: 1.1197 | accuracy: 64.1%:  11%|█         | 8/76 [00:00<00:06, 10.48it/s]
3/20 epoch | loss: 0.9214 | accuracy: 74.2%:  11%|█         | 8/76 [00:00<00:06, 10.48it/s]
3/20 epoch | loss: 1.1485 | accuracy: 68.0%:  11%|█         | 8/76 [00:00<00:06, 10.48it/s]
3/20 epoch | loss: 1.1485 | accuracy: 68.0%:  13%|█▎        | 10/76 [00:00<00:06, 10.94it/s]
3/20 epoch | loss: 0.8823 | accuracy: 75.0%:  13%|█▎        | 10/76 [00:01<00:06, 10.94it/s]
3/20 epoch | loss: 1.0503 | accuracy: 74.2%:  13%|█▎        | 10/76 [00:01<00:06, 10.94it/s]
3/20 epoch | loss: 1.0503 | accuracy: 74.2%:  16%|█▌        | 12/76 [00:01<00:05, 11.24it/s]
3/20 epoch | loss: 1.0298 | accuracy: 70.3%:  16%|█▌        | 12/76 [00:01<00:05, 11.24it/s]
3/20 epoch | loss: 0.7197 | accuracy: 79.7%:  16%|█▌        | 12/76 [00:01<00:05, 11.24it/s]
3/20 epoch | loss: 0.7197 | accuracy: 79.7%:  18%|█▊        | 14/76 [00:01<00:05, 11.46it/s]
3/20 epoch | loss: 1.1489 | accuracy: 63.3%:  18%|█▊        | 14/76 [00:01<00:05, 11.46it/s]
3/20 epoch | loss: 0.9070 | accuracy: 78.1%:  18%|█▊        | 14/76 [00:01<00:05, 11.46it/s]
3/20 epoch | loss: 0.9070 | accuracy: 78.1%:  21%|██        | 16/76 [00:01<00:05, 11.45it/s]
3/20 epoch | loss: 0.7820 | accuracy: 77.3%:  21%|██        | 16/76 [00:01<00:05, 11.45it/s]
3/20 epoch | loss: 0.9982 | accuracy: 73.4%:  21%|██        | 16/76 [00:01<00:05, 11.45it/s]
3/20 epoch | loss: 0.9982 | accuracy: 73.4%:  24%|██▎       | 18/76 [00:01<00:05, 11.55it/s]
3/20 epoch | loss: 0.8368 | accuracy: 78.9%:  24%|██▎       | 18/76 [00:01<00:05, 11.55it/s]
3/20 epoch | loss: 1.1035 | accuracy: 68.8%:  24%|██▎       | 18/76 [00:01<00:05, 11.55it/s]
3/20 epoch | loss: 1.1035 | accuracy: 68.8%:  26%|██▋       | 20/76 [00:01<00:04, 11.63it/s]
3/20 epoch | loss: 0.7515 | accuracy: 78.1%:  26%|██▋       | 20/76 [00:01<00:04, 11.63it/s]
3/20 epoch | loss: 0.8052 | accuracy: 75.8%:  26%|██▋       | 20/76 [00:02<00:04, 11.63it/s]
3/20 epoch | loss: 0.8052 | accuracy: 75.8%:  29%|██▉       | 22/76 [00:02<00:04, 11.66it/s]
3/20 epoch | loss: 1.0093 | accuracy: 74.2%:  29%|██▉       | 22/76 [00:02<00:04, 11.66it/s]
3/20 epoch | loss: 0.8491 | accuracy: 77.3%:  29%|██▉       | 22/76 [00:02<00:04, 11.66it/s]
3/20 epoch | loss: 0.8491 | accuracy: 77.3%:  32%|███▏      | 24/76 [00:02<00:04, 11.71it/s]
3/20 epoch | loss: 0.9968 | accuracy: 73.4%:  32%|███▏      | 24/76 [00:02<00:04, 11.71it/s]
3/20 epoch | loss: 0.7456 | accuracy: 79.7%:  32%|███▏      | 24/76 [00:02<00:04, 11.71it/s]
3/20 epoch | loss: 0.7456 | accuracy: 79.7%:  34%|███▍      | 26/76 [00:02<00:04, 11.74it/s]
3/20 epoch | loss: 1.0142 | accuracy: 71.1%:  34%|███▍      | 26/76 [00:02<00:04, 11.74it/s]
3/20 epoch | loss: 1.0678 | accuracy: 71.9%:  34%|███▍      | 26/76 [00:02<00:04, 11.74it/s]
3/20 epoch | loss: 1.0678 | accuracy: 71.9%:  37%|███▋      | 28/76 [00:02<00:04, 11.48it/s]
3/20 epoch | loss: 0.7770 | accuracy: 78.1%:  37%|███▋      | 28/76 [00:02<00:04, 11.48it/s]
3/20 epoch | loss: 0.6897 | accuracy: 78.1%:  37%|███▋      | 28/76 [00:02<00:04, 11.48it/s]
3/20 epoch | loss: 0.6897 | accuracy: 78.1%:  39%|███▉      | 30/76 [00:02<00:04, 11.50it/s]
3/20 epoch | loss: 0.8097 | accuracy: 73.4%:  39%|███▉      | 30/76 [00:02<00:04, 11.50it/s]
3/20 epoch | loss: 1.1630 | accuracy: 68.8%:  39%|███▉      | 30/76 [00:02<00:04, 11.50it/s]
3/20 epoch | loss: 1.1630 | accuracy: 68.8%:  42%|████▏     | 32/76 [00:02<00:03, 11.60it/s]
3/20 epoch | loss: 1.0775 | accuracy: 67.2%:  42%|████▏     | 32/76 [00:02<00:03, 11.60it/s]
3/20 epoch | loss: 1.0218 | accuracy: 72.7%:  42%|████▏     | 32/76 [00:03<00:03, 11.60it/s]
3/20 epoch | loss: 1.0218 | accuracy: 72.7%:  45%|████▍     | 34/76 [00:03<00:03, 11.66it/s]
3/20 epoch | loss: 0.8458 | accuracy: 76.6%:  45%|████▍     | 34/76 [00:03<00:03, 11.66it/s]
3/20 epoch | loss: 0.8586 | accuracy: 78.9%:  45%|████▍     | 34/76 [00:03<00:03, 11.66it/s]
3/20 epoch | loss: 0.8586 | accuracy: 78.9%:  47%|████▋     | 36/76 [00:03<00:03, 11.71it/s]
3/20 epoch | loss: 1.1029 | accuracy: 67.2%:  47%|████▋     | 36/76 [00:03<00:03, 11.71it/s]
3/20 epoch | loss: 0.9276 | accuracy: 71.1%:  47%|████▋     | 36/76 [00:03<00:03, 11.71it/s]
3/20 epoch | loss: 0.9276 | accuracy: 71.1%:  50%|█████     | 38/76 [00:03<00:03, 11.72it/s]
3/20 epoch | loss: 1.2092 | accuracy: 64.1%:  50%|█████     | 38/76 [00:03<00:03, 11.72it/s]
3/20 epoch | loss: 1.0805 | accuracy: 70.3%:  50%|█████     | 38/76 [00:03<00:03, 11.72it/s]
3/20 epoch | loss: 1.0805 | accuracy: 70.3%:  53%|█████▎    | 40/76 [00:03<00:03, 11.70it/s]
3/20 epoch | loss: 1.0206 | accuracy: 72.7%:  53%|█████▎    | 40/76 [00:03<00:03, 11.70it/s]
3/20 epoch | loss: 1.1781 | accuracy: 68.8%:  53%|█████▎    | 40/76 [00:03<00:03, 11.70it/s]
3/20 epoch | loss: 1.1781 | accuracy: 68.8%:  55%|█████▌    | 42/76 [00:03<00:02, 11.75it/s]
3/20 epoch | loss: 1.0929 | accuracy: 68.8%:  55%|█████▌    | 42/76 [00:03<00:02, 11.75it/s]
3/20 epoch | loss: 1.2214 | accuracy: 63.3%:  55%|█████▌    | 42/76 [00:03<00:02, 11.75it/s]
3/20 epoch | loss: 1.2214 | accuracy: 63.3%:  58%|█████▊    | 44/76 [00:03<00:02, 11.78it/s]
3/20 epoch | loss: 1.1575 | accuracy: 62.5%:  58%|█████▊    | 44/76 [00:03<00:02, 11.78it/s]
3/20 epoch | loss: 0.9230 | accuracy: 72.7%:  58%|█████▊    | 44/76 [00:04<00:02, 11.78it/s]
3/20 epoch | loss: 0.9230 | accuracy: 72.7%:  61%|██████    | 46/76 [00:04<00:02, 11.80it/s]
3/20 epoch | loss: 0.9226 | accuracy: 72.7%:  61%|██████    | 46/76 [00:04<00:02, 11.80it/s]
3/20 epoch | loss: 1.1715 | accuracy: 66.4%:  61%|██████    | 46/76 [00:04<00:02, 11.80it/s]
3/20 epoch | loss: 1.1715 | accuracy: 66.4%:  63%|██████▎   | 48/76 [00:04<00:02, 11.83it/s]
3/20 epoch | loss: 0.8631 | accuracy: 76.6%:  63%|██████▎   | 48/76 [00:04<00:02, 11.83it/s]
3/20 epoch | loss: 0.7373 | accuracy: 77.3%:  63%|██████▎   | 48/76 [00:04<00:02, 11.83it/s]
3/20 epoch | loss: 0.7373 | accuracy: 77.3%:  66%|██████▌   | 50/76 [00:04<00:02, 11.84it/s]
3/20 epoch | loss: 1.0432 | accuracy: 72.7%:  66%|██████▌   | 50/76 [00:04<00:02, 11.84it/s]
3/20 epoch | loss: 0.9195 | accuracy: 75.8%:  66%|██████▌   | 50/76 [00:04<00:02, 11.84it/s]
3/20 epoch | loss: 0.9195 | accuracy: 75.8%:  68%|██████▊   | 52/76 [00:04<00:02, 11.76it/s]
3/20 epoch | loss: 0.9170 | accuracy: 75.8%:  68%|██████▊   | 52/76 [00:04<00:02, 11.76it/s]
3/20 epoch | loss: 0.9932 | accuracy: 73.4%:  68%|██████▊   | 52/76 [00:04<00:02, 11.76it/s]
3/20 epoch | loss: 0.9932 | accuracy: 73.4%:  71%|███████   | 54/76 [00:04<00:01, 11.38it/s]
3/20 epoch | loss: 0.8551 | accuracy: 78.1%:  71%|███████   | 54/76 [00:04<00:01, 11.38it/s]
3/20 epoch | loss: 0.7301 | accuracy: 83.6%:  71%|███████   | 54/76 [00:04<00:01, 11.38it/s]
3/20 epoch | loss: 0.7301 | accuracy: 83.6%:  74%|███████▎  | 56/76 [00:04<00:01, 11.52it/s]
3/20 epoch | loss: 1.0160 | accuracy: 71.9%:  74%|███████▎  | 56/76 [00:05<00:01, 11.52it/s]
3/20 epoch | loss: 0.9099 | accuracy: 77.3%:  74%|███████▎  | 56/76 [00:05<00:01, 11.52it/s]
3/20 epoch | loss: 0.9099 | accuracy: 77.3%:  76%|███████▋  | 58/76 [00:05<00:01, 11.62it/s]
3/20 epoch | loss: 0.9724 | accuracy: 75.0%:  76%|███████▋  | 58/76 [00:05<00:01, 11.62it/s]
3/20 epoch | loss: 0.8301 | accuracy: 78.1%:  76%|███████▋  | 58/76 [00:05<00:01, 11.62it/s]
3/20 epoch | loss: 0.8301 | accuracy: 78.1%:  79%|███████▉  | 60/76 [00:05<00:01, 11.67it/s]
3/20 epoch | loss: 0.8955 | accuracy: 72.7%:  79%|███████▉  | 60/76 [00:05<00:01, 11.67it/s]
3/20 epoch | loss: 1.0339 | accuracy: 75.0%:  79%|███████▉  | 60/76 [00:05<00:01, 11.67it/s]
3/20 epoch | loss: 1.0339 | accuracy: 75.0%:  82%|████████▏ | 62/76 [00:05<00:01, 10.72it/s]
3/20 epoch | loss: 0.7980 | accuracy: 78.1%:  82%|████████▏ | 62/76 [00:05<00:01, 10.72it/s]
3/20 epoch | loss: 0.8635 | accuracy: 78.9%:  82%|████████▏ | 62/76 [00:05<00:01, 10.72it/s]
3/20 epoch | loss: 0.8635 | accuracy: 78.9%:  84%|████████▍ | 64/76 [00:05<00:01, 11.04it/s]
3/20 epoch | loss: 0.7359 | accuracy: 82.8%:  84%|████████▍ | 64/76 [00:05<00:01, 11.04it/s]
3/20 epoch | loss: 0.8243 | accuracy: 75.0%:  84%|████████▍ | 64/76 [00:05<00:01, 11.04it/s]
3/20 epoch | loss: 0.8243 | accuracy: 75.0%:  87%|████████▋ | 66/76 [00:05<00:00, 11.23it/s]
3/20 epoch | loss: 0.8853 | accuracy: 73.4%:  87%|████████▋ | 66/76 [00:05<00:00, 11.23it/s]
3/20 epoch | loss: 0.8423 | accuracy: 76.6%:  87%|████████▋ | 66/76 [00:05<00:00, 11.23it/s]
3/20 epoch | loss: 0.8423 | accuracy: 76.6%:  89%|████████▉ | 68/76 [00:05<00:00, 11.38it/s]
3/20 epoch | loss: 0.8130 | accuracy: 75.8%:  89%|████████▉ | 68/76 [00:06<00:00, 11.38it/s]
3/20 epoch | loss: 0.9213 | accuracy: 70.3%:  89%|████████▉ | 68/76 [00:06<00:00, 11.38it/s]
3/20 epoch | loss: 0.9213 | accuracy: 70.3%:  92%|█████████▏| 70/76 [00:06<00:00, 11.50it/s]
3/20 epoch | loss: 1.0195 | accuracy: 75.0%:  92%|█████████▏| 70/76 [00:06<00:00, 11.50it/s]
3/20 epoch | loss: 0.9412 | accuracy: 71.9%:  92%|█████████▏| 70/76 [00:06<00:00, 11.50it/s]
3/20 epoch | loss: 0.9412 | accuracy: 71.9%:  95%|█████████▍| 72/76 [00:06<00:00, 11.60it/s]
3/20 epoch | loss: 0.8621 | accuracy: 75.8%:  95%|█████████▍| 72/76 [00:06<00:00, 11.60it/s]
3/20 epoch | loss: 0.9398 | accuracy: 76.6%:  95%|█████████▍| 72/76 [00:06<00:00, 11.60it/s]
3/20 epoch | loss: 0.9398 | accuracy: 76.6%:  97%|█████████▋| 74/76 [00:06<00:00, 11.36it/s]
3/20 epoch | loss: 0.8163 | accuracy: 78.1%:  97%|█████████▋| 74/76 [00:06<00:00, 11.36it/s]
3/20 epoch | loss: 0.6093 | accuracy: 83.6%:  97%|█████████▋| 74/76 [00:06<00:00, 11.36it/s]
3/20 epoch | loss: 0.6093 | accuracy: 83.6%: 100%|██████████| 76/76 [00:06<00:00, 11.09it/s]
3/20 epoch | loss: 0.6093 | accuracy: 83.6%: 100%|██████████| 76/76 [00:06<00:00, 11.33it/s]
train loss: 0.9430 train acc: 73.8% | val loss: 1.5718 val acc: 56.6%
saving checkpoint to checkpoints/classification/05-07_12-20-32/Classification_ckpt_epoch2_metric56.65.ckpt

  0%|          | 0/76 [00:00<?, ?it/s]
4/20 epoch | loss: 0.7194 | accuracy: 80.5%:   0%|          | 0/76 [00:00<?, ?it/s]
4/20 epoch | loss: 0.9438 | accuracy: 72.7%:   0%|          | 0/76 [00:00<?, ?it/s]
4/20 epoch | loss: 0.9438 | accuracy: 72.7%:   3%|▎         | 2/76 [00:00<00:06, 11.12it/s]
4/20 epoch | loss: 0.6898 | accuracy: 79.7%:   3%|▎         | 2/76 [00:00<00:06, 11.12it/s]
4/20 epoch | loss: 0.7334 | accuracy: 77.3%:   3%|▎         | 2/76 [00:00<00:06, 11.12it/s]
4/20 epoch | loss: 0.7334 | accuracy: 77.3%:   5%|▌         | 4/76 [00:00<00:06, 10.71it/s]
4/20 epoch | loss: 0.9430 | accuracy: 68.0%:   5%|▌         | 4/76 [00:00<00:06, 10.71it/s]
4/20 epoch | loss: 0.9442 | accuracy: 73.4%:   5%|▌         | 4/76 [00:00<00:06, 10.71it/s]
4/20 epoch | loss: 0.9442 | accuracy: 73.4%:   8%|▊         | 6/76 [00:00<00:06, 11.00it/s]
4/20 epoch | loss: 0.8442 | accuracy: 78.9%:   8%|▊         | 6/76 [00:00<00:06, 11.00it/s]
4/20 epoch | loss: 0.9332 | accuracy: 71.9%:   8%|▊         | 6/76 [00:00<00:06, 11.00it/s]
4/20 epoch | loss: 0.9332 | accuracy: 71.9%:  11%|█         | 8/76 [00:00<00:06, 11.06it/s]
4/20 epoch | loss: 0.8121 | accuracy: 76.6%:  11%|█         | 8/76 [00:00<00:06, 11.06it/s]
4/20 epoch | loss: 0.7535 | accuracy: 79.7%:  11%|█         | 8/76 [00:00<00:06, 11.06it/s]
4/20 epoch | loss: 0.7535 | accuracy: 79.7%:  13%|█▎        | 10/76 [00:00<00:05, 11.31it/s]
4/20 epoch | loss: 0.5540 | accuracy: 84.4%:  13%|█▎        | 10/76 [00:00<00:05, 11.31it/s]
4/20 epoch | loss: 0.8236 | accuracy: 76.6%:  13%|█▎        | 10/76 [00:01<00:05, 11.31it/s]
4/20 epoch | loss: 0.8236 | accuracy: 76.6%:  16%|█▌        | 12/76 [00:01<00:05, 11.51it/s]
4/20 epoch | loss: 0.8472 | accuracy: 71.9%:  16%|█▌        | 12/76 [00:01<00:05, 11.51it/s]
4/20 epoch | loss: 0.9775 | accuracy: 71.1%:  16%|█▌        | 12/76 [00:01<00:05, 11.51it/s]
4/20 epoch | loss: 0.9775 | accuracy: 71.1%:  18%|█▊        | 14/76 [00:01<00:05, 11.32it/s]
4/20 epoch | loss: 0.7331 | accuracy: 75.8%:  18%|█▊        | 14/76 [00:01<00:05, 11.32it/s]
4/20 epoch | loss: 0.8415 | accuracy: 75.8%:  18%|█▊        | 14/76 [00:01<00:05, 11.32it/s]
4/20 epoch | loss: 0.8415 | accuracy: 75.8%:  21%|██        | 16/76 [00:01<00:05, 11.36it/s]
4/20 epoch | loss: 0.8629 | accuracy: 74.2%:  21%|██        | 16/76 [00:01<00:05, 11.36it/s]
4/20 epoch | loss: 0.8087 | accuracy: 75.8%:  21%|██        | 16/76 [00:01<00:05, 11.36it/s]
4/20 epoch | loss: 0.8087 | accuracy: 75.8%:  24%|██▎       | 18/76 [00:01<00:05, 11.37it/s]
4/20 epoch | loss: 0.8078 | accuracy: 73.4%:  24%|██▎       | 18/76 [00:01<00:05, 11.37it/s]
4/20 epoch | loss: 0.8544 | accuracy: 73.4%:  24%|██▎       | 18/76 [00:01<00:05, 11.37it/s]
4/20 epoch | loss: 0.8544 | accuracy: 73.4%:  26%|██▋       | 20/76 [00:01<00:04, 11.43it/s]
4/20 epoch | loss: 0.7860 | accuracy: 77.3%:  26%|██▋       | 20/76 [00:01<00:04, 11.43it/s]
4/20 epoch | loss: 0.5822 | accuracy: 81.2%:  26%|██▋       | 20/76 [00:01<00:04, 11.43it/s]
4/20 epoch | loss: 0.5822 | accuracy: 81.2%:  29%|██▉       | 22/76 [00:01<00:05, 10.73it/s]
4/20 epoch | loss: 0.8580 | accuracy: 72.7%:  29%|██▉       | 22/76 [00:02<00:05, 10.73it/s]
4/20 epoch | loss: 0.6488 | accuracy: 81.2%:  29%|██▉       | 22/76 [00:02<00:05, 10.73it/s]
4/20 epoch | loss: 0.6488 | accuracy: 81.2%:  32%|███▏      | 24/76 [00:02<00:04, 10.99it/s]
4/20 epoch | loss: 0.7451 | accuracy: 77.3%:  32%|███▏      | 24/76 [00:02<00:04, 10.99it/s]
4/20 epoch | loss: 0.9002 | accuracy: 71.1%:  32%|███▏      | 24/76 [00:02<00:04, 10.99it/s]
4/20 epoch | loss: 0.9002 | accuracy: 71.1%:  34%|███▍      | 26/76 [00:02<00:04, 10.87it/s]
4/20 epoch | loss: 0.5672 | accuracy: 85.9%:  34%|███▍      | 26/76 [00:02<00:04, 10.87it/s]
4/20 epoch | loss: 0.7649 | accuracy: 77.3%:  34%|███▍      | 26/76 [00:02<00:04, 10.87it/s]
4/20 epoch | loss: 0.7649 | accuracy: 77.3%:  37%|███▋      | 28/76 [00:02<00:04, 11.10it/s]
4/20 epoch | loss: 0.8676 | accuracy: 78.1%:  37%|███▋      | 28/76 [00:02<00:04, 11.10it/s]
4/20 epoch | loss: 1.0625 | accuracy: 72.7%:  37%|███▋      | 28/76 [00:02<00:04, 11.10it/s]
4/20 epoch | loss: 1.0625 | accuracy: 72.7%:  39%|███▉      | 30/76 [00:02<00:04, 11.26it/s]
4/20 epoch | loss: 0.8063 | accuracy: 77.3%:  39%|███▉      | 30/76 [00:02<00:04, 11.26it/s]
4/20 epoch | loss: 0.8603 | accuracy: 78.1%:  39%|███▉      | 30/76 [00:02<00:04, 11.26it/s]
4/20 epoch | loss: 0.8603 | accuracy: 78.1%:  42%|████▏     | 32/76 [00:02<00:03, 11.33it/s]
4/20 epoch | loss: 0.8147 | accuracy: 74.2%:  42%|████▏     | 32/76 [00:02<00:03, 11.33it/s]
4/20 epoch | loss: 0.6143 | accuracy: 85.2%:  42%|████▏     | 32/76 [00:03<00:03, 11.33it/s]
4/20 epoch | loss: 0.6143 | accuracy: 85.2%:  45%|████▍     | 34/76 [00:03<00:03, 11.09it/s]
4/20 epoch | loss: 0.8062 | accuracy: 74.2%:  45%|████▍     | 34/76 [00:03<00:03, 11.09it/s]
4/20 epoch | loss: 0.6676 | accuracy: 82.8%:  45%|████▍     | 34/76 [00:03<00:03, 11.09it/s]
4/20 epoch | loss: 0.6676 | accuracy: 82.8%:  47%|████▋     | 36/76 [00:03<00:03, 11.16it/s]
4/20 epoch | loss: 0.9475 | accuracy: 74.2%:  47%|████▋     | 36/76 [00:03<00:03, 11.16it/s]
4/20 epoch | loss: 0.7359 | accuracy: 79.7%:  47%|████▋     | 36/76 [00:03<00:03, 11.16it/s]
4/20 epoch | loss: 0.7359 | accuracy: 79.7%:  50%|█████     | 38/76 [00:03<00:03, 11.22it/s]
4/20 epoch | loss: 0.8416 | accuracy: 75.8%:  50%|█████     | 38/76 [00:03<00:03, 11.22it/s]
4/20 epoch | loss: 0.9616 | accuracy: 66.4%:  50%|█████     | 38/76 [00:03<00:03, 11.22it/s]
4/20 epoch | loss: 0.9616 | accuracy: 66.4%:  53%|█████▎    | 40/76 [00:03<00:03, 11.40it/s]
4/20 epoch | loss: 0.7761 | accuracy: 79.7%:  53%|█████▎    | 40/76 [00:03<00:03, 11.40it/s]
4/20 epoch | loss: 0.6845 | accuracy: 80.5%:  53%|█████▎    | 40/76 [00:03<00:03, 11.40it/s]
4/20 epoch | loss: 0.6845 | accuracy: 80.5%:  55%|█████▌    | 42/76 [00:03<00:02, 11.36it/s]
4/20 epoch | loss: 0.5794 | accuracy: 84.4%:  55%|█████▌    | 42/76 [00:03<00:02, 11.36it/s]
4/20 epoch | loss: 0.8427 | accuracy: 77.3%:  55%|█████▌    | 42/76 [00:03<00:02, 11.36it/s]
4/20 epoch | loss: 0.8427 | accuracy: 77.3%:  58%|█████▊    | 44/76 [00:03<00:02, 11.42it/s]
4/20 epoch | loss: 0.6997 | accuracy: 80.5%:  58%|█████▊    | 44/76 [00:04<00:02, 11.42it/s]
4/20 epoch | loss: 0.7835 | accuracy: 73.4%:  58%|█████▊    | 44/76 [00:04<00:02, 11.42it/s]
4/20 epoch | loss: 0.7835 | accuracy: 73.4%:  61%|██████    | 46/76 [00:04<00:02, 11.36it/s]
4/20 epoch | loss: 0.7219 | accuracy: 81.2%:  61%|██████    | 46/76 [00:04<00:02, 11.36it/s]
4/20 epoch | loss: 0.7968 | accuracy: 73.4%:  61%|██████    | 46/76 [00:04<00:02, 11.36it/s]
4/20 epoch | loss: 0.7968 | accuracy: 73.4%:  63%|██████▎   | 48/76 [00:04<00:02, 11.42it/s]
4/20 epoch | loss: 0.8925 | accuracy: 78.1%:  63%|██████▎   | 48/76 [00:04<00:02, 11.42it/s]
4/20 epoch | loss: 0.9603 | accuracy: 71.1%:  63%|██████▎   | 48/76 [00:04<00:02, 11.42it/s]
4/20 epoch | loss: 0.9603 | accuracy: 71.1%:  66%|██████▌   | 50/76 [00:04<00:02, 10.92it/s]
4/20 epoch | loss: 0.7777 | accuracy: 76.6%:  66%|██████▌   | 50/76 [00:04<00:02, 10.92it/s]
4/20 epoch | loss: 0.7013 | accuracy: 79.7%:  66%|██████▌   | 50/76 [00:04<00:02, 10.92it/s]
4/20 epoch | loss: 0.7013 | accuracy: 79.7%:  68%|██████▊   | 52/76 [00:04<00:02, 10.91it/s]
4/20 epoch | loss: 0.8114 | accuracy: 75.8%:  68%|██████▊   | 52/76 [00:04<00:02, 10.91it/s]
4/20 epoch | loss: 0.8591 | accuracy: 76.6%:  68%|██████▊   | 52/76 [00:04<00:02, 10.91it/s]
4/20 epoch | loss: 0.8591 | accuracy: 76.6%:  71%|███████   | 54/76 [00:04<00:01, 11.04it/s]
4/20 epoch | loss: 0.8113 | accuracy: 79.7%:  71%|███████   | 54/76 [00:04<00:01, 11.04it/s]
4/20 epoch | loss: 0.8570 | accuracy: 75.8%:  71%|███████   | 54/76 [00:05<00:01, 11.04it/s]
4/20 epoch | loss: 0.8570 | accuracy: 75.8%:  74%|███████▎  | 56/76 [00:05<00:01, 10.96it/s]
4/20 epoch | loss: 0.7760 | accuracy: 77.3%:  74%|███████▎  | 56/76 [00:05<00:01, 10.96it/s]
4/20 epoch | loss: 0.7253 | accuracy: 82.0%:  74%|███████▎  | 56/76 [00:05<00:01, 10.96it/s]
4/20 epoch | loss: 0.7253 | accuracy: 82.0%:  76%|███████▋  | 58/76 [00:05<00:01, 11.10it/s]
4/20 epoch | loss: 0.7621 | accuracy: 75.8%:  76%|███████▋  | 58/76 [00:05<00:01, 11.10it/s]
4/20 epoch | loss: 0.8542 | accuracy: 75.8%:  76%|███████▋  | 58/76 [00:05<00:01, 11.10it/s]
4/20 epoch | loss: 0.8542 | accuracy: 75.8%:  79%|███████▉  | 60/76 [00:05<00:01, 11.20it/s]
4/20 epoch | loss: 0.7243 | accuracy: 79.7%:  79%|███████▉  | 60/76 [00:05<00:01, 11.20it/s]
4/20 epoch | loss: 0.7884 | accuracy: 76.6%:  79%|███████▉  | 60/76 [00:05<00:01, 11.20it/s]
4/20 epoch | loss: 0.7884 | accuracy: 76.6%:  82%|████████▏ | 62/76 [00:05<00:01, 11.27it/s]
4/20 epoch | loss: 0.8933 | accuracy: 74.2%:  82%|████████▏ | 62/76 [00:05<00:01, 11.27it/s]
4/20 epoch | loss: 0.8242 | accuracy: 77.3%:  82%|████████▏ | 62/76 [00:05<00:01, 11.27it/s]
4/20 epoch | loss: 0.8242 | accuracy: 77.3%:  84%|████████▍ | 64/76 [00:05<00:01, 11.34it/s]
4/20 epoch | loss: 0.8649 | accuracy: 74.2%:  84%|████████▍ | 64/76 [00:05<00:01, 11.34it/s]
4/20 epoch | loss: 0.8826 | accuracy: 74.2%:  84%|████████▍ | 64/76 [00:05<00:01, 11.34it/s]
4/20 epoch | loss: 0.8826 | accuracy: 74.2%:  87%|████████▋ | 66/76 [00:05<00:00, 11.23it/s]
4/20 epoch | loss: 0.8073 | accuracy: 75.8%:  87%|████████▋ | 66/76 [00:05<00:00, 11.23it/s]
4/20 epoch | loss: 0.7861 | accuracy: 76.6%:  87%|████████▋ | 66/76 [00:06<00:00, 11.23it/s]
4/20 epoch | loss: 0.7861 | accuracy: 76.6%:  89%|████████▉ | 68/76 [00:06<00:00, 11.14it/s]
4/20 epoch | loss: 0.7954 | accuracy: 75.0%:  89%|████████▉ | 68/76 [00:06<00:00, 11.14it/s]
4/20 epoch | loss: 0.6662 | accuracy: 78.1%:  89%|████████▉ | 68/76 [00:06<00:00, 11.14it/s]
4/20 epoch | loss: 0.6662 | accuracy: 78.1%:  92%|█████████▏| 70/76 [00:06<00:00, 11.05it/s]
4/20 epoch | loss: 0.7570 | accuracy: 75.8%:  92%|█████████▏| 70/76 [00:06<00:00, 11.05it/s]
4/20 epoch | loss: 0.7309 | accuracy: 74.2%:  92%|█████████▏| 70/76 [00:06<00:00, 11.05it/s]
4/20 epoch | loss: 0.7309 | accuracy: 74.2%:  95%|█████████▍| 72/76 [00:06<00:00, 10.84it/s]
4/20 epoch | loss: 0.8138 | accuracy: 76.6%:  95%|█████████▍| 72/76 [00:06<00:00, 10.84it/s]
4/20 epoch | loss: 0.5842 | accuracy: 83.6%:  95%|█████████▍| 72/76 [00:06<00:00, 10.84it/s]
4/20 epoch | loss: 0.5842 | accuracy: 83.6%:  97%|█████████▋| 74/76 [00:06<00:00, 10.83it/s]
4/20 epoch | loss: 0.7272 | accuracy: 78.9%:  97%|█████████▋| 74/76 [00:06<00:00, 10.83it/s]
4/20 epoch | loss: 0.8092 | accuracy: 76.6%:  97%|█████████▋| 74/76 [00:06<00:00, 10.83it/s]
4/20 epoch | loss: 0.8092 | accuracy: 76.6%: 100%|██████████| 76/76 [00:06<00:00, 11.01it/s]
4/20 epoch | loss: 0.8092 | accuracy: 76.6%: 100%|██████████| 76/76 [00:06<00:00, 11.14it/s]
train loss: 0.7947 train acc: 76.8% | val loss: 1.2841 val acc: 63.8%
saving checkpoint to checkpoints/classification/05-07_12-20-32/Classification_ckpt_epoch3_metric63.78.ckpt

  0%|          | 0/76 [00:00<?, ?it/s]
5/20 epoch | loss: 0.6755 | accuracy: 80.5%:   0%|          | 0/76 [00:00<?, ?it/s]
5/20 epoch | loss: 0.6643 | accuracy: 80.5%:   0%|          | 0/76 [00:00<?, ?it/s]
5/20 epoch | loss: 0.6643 | accuracy: 80.5%:   3%|▎         | 2/76 [00:00<00:06, 11.27it/s]
5/20 epoch | loss: 0.7878 | accuracy: 76.6%:   3%|▎         | 2/76 [00:00<00:06, 11.27it/s]
5/20 epoch | loss: 0.8755 | accuracy: 76.6%:   3%|▎         | 2/76 [00:00<00:06, 11.27it/s]
5/20 epoch | loss: 0.8755 | accuracy: 76.6%:   5%|▌         | 4/76 [00:00<00:06, 10.29it/s]
5/20 epoch | loss: 0.6915 | accuracy: 79.7%:   5%|▌         | 4/76 [00:00<00:06, 10.29it/s]
5/20 epoch | loss: 0.7648 | accuracy: 75.0%:   5%|▌         | 4/76 [00:00<00:06, 10.29it/s]
5/20 epoch | loss: 0.7648 | accuracy: 75.0%:   8%|▊         | 6/76 [00:00<00:06, 10.89it/s]
5/20 epoch | loss: 0.8124 | accuracy: 77.3%:   8%|▊         | 6/76 [00:00<00:06, 10.89it/s]
5/20 epoch | loss: 0.7108 | accuracy: 80.5%:   8%|▊         | 6/76 [00:00<00:06, 10.89it/s]
5/20 epoch | loss: 0.7108 | accuracy: 80.5%:  11%|█         | 8/76 [00:00<00:06, 10.99it/s]
5/20 epoch | loss: 0.7758 | accuracy: 80.5%:  11%|█         | 8/76 [00:00<00:06, 10.99it/s]
5/20 epoch | loss: 0.6025 | accuracy: 85.2%:  11%|█         | 8/76 [00:00<00:06, 10.99it/s]
5/20 epoch | loss: 0.6025 | accuracy: 85.2%:  13%|█▎        | 10/76 [00:00<00:06, 10.98it/s]
5/20 epoch | loss: 0.8515 | accuracy: 74.2%:  13%|█▎        | 10/76 [00:01<00:06, 10.98it/s]
5/20 epoch | loss: 0.6234 | accuracy: 84.4%:  13%|█▎        | 10/76 [00:01<00:06, 10.98it/s]
5/20 epoch | loss: 0.6234 | accuracy: 84.4%:  16%|█▌        | 12/76 [00:01<00:05, 10.94it/s]
5/20 epoch | loss: 0.6692 | accuracy: 78.1%:  16%|█▌        | 12/76 [00:01<00:05, 10.94it/s]
5/20 epoch | loss: 0.6735 | accuracy: 78.9%:  16%|█▌        | 12/76 [00:01<00:05, 10.94it/s]
5/20 epoch | loss: 0.6735 | accuracy: 78.9%:  18%|█▊        | 14/76 [00:01<00:05, 10.75it/s]
5/20 epoch | loss: 0.6465 | accuracy: 84.4%:  18%|█▊        | 14/76 [00:01<00:05, 10.75it/s]
5/20 epoch | loss: 0.5758 | accuracy: 85.2%:  18%|█▊        | 14/76 [00:01<00:05, 10.75it/s]
5/20 epoch | loss: 0.5758 | accuracy: 85.2%:  21%|██        | 16/76 [00:01<00:05, 10.86it/s]
5/20 epoch | loss: 0.8299 | accuracy: 75.8%:  21%|██        | 16/76 [00:01<00:05, 10.86it/s]
5/20 epoch | loss: 0.8599 | accuracy: 78.1%:  21%|██        | 16/76 [00:01<00:05, 10.86it/s]
5/20 epoch | loss: 0.8599 | accuracy: 78.1%:  24%|██▎       | 18/76 [00:01<00:05, 10.96it/s]
5/20 epoch | loss: 0.6934 | accuracy: 78.1%:  24%|██▎       | 18/76 [00:01<00:05, 10.96it/s]
5/20 epoch | loss: 0.6905 | accuracy: 78.9%:  24%|██▎       | 18/76 [00:01<00:05, 10.96it/s]
5/20 epoch | loss: 0.6905 | accuracy: 78.9%:  26%|██▋       | 20/76 [00:01<00:05, 10.92it/s]
5/20 epoch | loss: 0.8205 | accuracy: 75.8%:  26%|██▋       | 20/76 [00:01<00:05, 10.92it/s]
5/20 epoch | loss: 0.7391 | accuracy: 75.8%:  26%|██▋       | 20/76 [00:02<00:05, 10.92it/s]
5/20 epoch | loss: 0.7391 | accuracy: 75.8%:  29%|██▉       | 22/76 [00:02<00:04, 11.00it/s]
5/20 epoch | loss: 0.8335 | accuracy: 75.8%:  29%|██▉       | 22/76 [00:02<00:04, 11.00it/s]
5/20 epoch | loss: 0.6380 | accuracy: 86.7%:  29%|██▉       | 22/76 [00:02<00:04, 11.00it/s]
5/20 epoch | loss: 0.6380 | accuracy: 86.7%:  32%|███▏      | 24/76 [00:02<00:04, 10.84it/s]
5/20 epoch | loss: 0.7355 | accuracy: 79.7%:  32%|███▏      | 24/76 [00:02<00:04, 10.84it/s]
5/20 epoch | loss: 0.7471 | accuracy: 79.7%:  32%|███▏      | 24/76 [00:02<00:04, 10.84it/s]
5/20 epoch | loss: 0.7471 | accuracy: 79.7%:  34%|███▍      | 26/76 [00:02<00:04, 10.73it/s]
5/20 epoch | loss: 0.8975 | accuracy: 73.4%:  34%|███▍      | 26/76 [00:02<00:04, 10.73it/s]
5/20 epoch | loss: 0.9539 | accuracy: 75.8%:  34%|███▍      | 26/76 [00:02<00:04, 10.73it/s]
5/20 epoch | loss: 0.9539 | accuracy: 75.8%:  37%|███▋      | 28/76 [00:02<00:04, 10.97it/s]
5/20 epoch | loss: 0.6614 | accuracy: 80.5%:  37%|███▋      | 28/76 [00:02<00:04, 10.97it/s]
5/20 epoch | loss: 0.7790 | accuracy: 78.9%:  37%|███▋      | 28/76 [00:02<00:04, 10.97it/s]
5/20 epoch | loss: 0.7790 | accuracy: 78.9%:  39%|███▉      | 30/76 [00:02<00:04, 11.22it/s]
5/20 epoch | loss: 0.5294 | accuracy: 86.7%:  39%|███▉      | 30/76 [00:02<00:04, 11.22it/s]
5/20 epoch | loss: 0.7602 | accuracy: 81.2%:  39%|███▉      | 30/76 [00:02<00:04, 11.22it/s]
5/20 epoch | loss: 0.7602 | accuracy: 81.2%:  42%|████▏     | 32/76 [00:02<00:03, 11.36it/s]
5/20 epoch | loss: 0.6463 | accuracy: 79.7%:  42%|████▏     | 32/76 [00:02<00:03, 11.36it/s]
5/20 epoch | loss: 0.8531 | accuracy: 77.3%:  42%|████▏     | 32/76 [00:03<00:03, 11.36it/s]
5/20 epoch | loss: 0.8531 | accuracy: 77.3%:  45%|████▍     | 34/76 [00:03<00:03, 11.42it/s]
5/20 epoch | loss: 0.9672 | accuracy: 69.5%:  45%|████▍     | 34/76 [00:03<00:03, 11.42it/s]
5/20 epoch | loss: 0.7378 | accuracy: 78.1%:  45%|████▍     | 34/76 [00:03<00:03, 11.42it/s]
5/20 epoch | loss: 0.7378 | accuracy: 78.1%:  47%|████▋     | 36/76 [00:03<00:03, 11.32it/s]
5/20 epoch | loss: 0.6742 | accuracy: 79.7%:  47%|████▋     | 36/76 [00:03<00:03, 11.32it/s]
5/20 epoch | loss: 0.7346 | accuracy: 78.1%:  47%|████▋     | 36/76 [00:03<00:03, 11.32it/s]
5/20 epoch | loss: 0.7346 | accuracy: 78.1%:  50%|█████     | 38/76 [00:03<00:03, 11.49it/s]
5/20 epoch | loss: 0.8317 | accuracy: 72.7%:  50%|█████     | 38/76 [00:03<00:03, 11.49it/s]
5/20 epoch | loss: 0.9061 | accuracy: 78.9%:  50%|█████     | 38/76 [00:03<00:03, 11.49it/s]
5/20 epoch | loss: 0.9061 | accuracy: 78.9%:  53%|█████▎    | 40/76 [00:03<00:03, 11.48it/s]
5/20 epoch | loss: 0.6513 | accuracy: 81.2%:  53%|█████▎    | 40/76 [00:03<00:03, 11.48it/s]
5/20 epoch | loss: 0.7028 | accuracy: 82.8%:  53%|█████▎    | 40/76 [00:03<00:03, 11.48it/s]
5/20 epoch | loss: 0.7028 | accuracy: 82.8%:  55%|█████▌    | 42/76 [00:03<00:02, 11.59it/s]
5/20 epoch | loss: 0.6799 | accuracy: 80.5%:  55%|█████▌    | 42/76 [00:03<00:02, 11.59it/s]
5/20 epoch | loss: 0.8137 | accuracy: 75.0%:  55%|█████▌    | 42/76 [00:03<00:02, 11.59it/s]
5/20 epoch | loss: 0.8137 | accuracy: 75.0%:  58%|█████▊    | 44/76 [00:03<00:02, 11.66it/s]
5/20 epoch | loss: 0.4835 | accuracy: 85.2%:  58%|█████▊    | 44/76 [00:04<00:02, 11.66it/s]
5/20 epoch | loss: 0.5874 | accuracy: 80.5%:  58%|█████▊    | 44/76 [00:04<00:02, 11.66it/s]
5/20 epoch | loss: 0.5874 | accuracy: 80.5%:  61%|██████    | 46/76 [00:04<00:02, 11.72it/s]
5/20 epoch | loss: 0.7794 | accuracy: 77.3%:  61%|██████    | 46/76 [00:04<00:02, 11.72it/s]
5/20 epoch | loss: 0.8176 | accuracy: 75.8%:  61%|██████    | 46/76 [00:04<00:02, 11.72it/s]
5/20 epoch | loss: 0.8176 | accuracy: 75.8%:  63%|██████▎   | 48/76 [00:04<00:02, 11.75it/s]
5/20 epoch | loss: 0.7138 | accuracy: 80.5%:  63%|██████▎   | 48/76 [00:04<00:02, 11.75it/s]
5/20 epoch | loss: 0.7378 | accuracy: 78.9%:  63%|██████▎   | 48/76 [00:04<00:02, 11.75it/s]
5/20 epoch | loss: 0.7378 | accuracy: 78.9%:  66%|██████▌   | 50/76 [00:04<00:02, 11.40it/s]
5/20 epoch | loss: 0.8118 | accuracy: 78.9%:  66%|██████▌   | 50/76 [00:04<00:02, 11.40it/s]
5/20 epoch | loss: 0.6221 | accuracy: 81.2%:  66%|██████▌   | 50/76 [00:04<00:02, 11.40it/s]
5/20 epoch | loss: 0.6221 | accuracy: 81.2%:  68%|██████▊   | 52/76 [00:04<00:02, 11.50it/s]
5/20 epoch | loss: 0.7202 | accuracy: 76.6%:  68%|██████▊   | 52/76 [00:04<00:02, 11.50it/s]
5/20 epoch | loss: 0.6684 | accuracy: 83.6%:  68%|██████▊   | 52/76 [00:04<00:02, 11.50it/s]
5/20 epoch | loss: 0.6684 | accuracy: 83.6%:  71%|███████   | 54/76 [00:04<00:01, 11.60it/s]
5/20 epoch | loss: 0.4704 | accuracy: 85.9%:  71%|███████   | 54/76 [00:04<00:01, 11.60it/s]
5/20 epoch | loss: 0.6194 | accuracy: 79.7%:  71%|███████   | 54/76 [00:04<00:01, 11.60it/s]
5/20 epoch | loss: 0.6194 | accuracy: 79.7%:  74%|███████▎  | 56/76 [00:04<00:01, 11.67it/s]
5/20 epoch | loss: 0.6978 | accuracy: 80.5%:  74%|███████▎  | 56/76 [00:05<00:01, 11.67it/s]
5/20 epoch | loss: 0.5421 | accuracy: 85.2%:  74%|███████▎  | 56/76 [00:05<00:01, 11.67it/s]
5/20 epoch | loss: 0.5421 | accuracy: 85.2%:  76%|███████▋  | 58/76 [00:05<00:01, 11.70it/s]
5/20 epoch | loss: 0.6794 | accuracy: 85.2%:  76%|███████▋  | 58/76 [00:05<00:01, 11.70it/s]
5/20 epoch | loss: 0.8884 | accuracy: 75.0%:  76%|███████▋  | 58/76 [00:05<00:01, 11.70it/s]
5/20 epoch | loss: 0.8884 | accuracy: 75.0%:  79%|███████▉  | 60/76 [00:05<00:01, 11.74it/s]
5/20 epoch | loss: 0.5367 | accuracy: 82.0%:  79%|███████▉  | 60/76 [00:05<00:01, 11.74it/s]
5/20 epoch | loss: 0.6030 | accuracy: 82.8%:  79%|███████▉  | 60/76 [00:05<00:01, 11.74it/s]
5/20 epoch | loss: 0.6030 | accuracy: 82.8%:  82%|████████▏ | 62/76 [00:05<00:01, 11.77it/s]
5/20 epoch | loss: 0.5798 | accuracy: 82.0%:  82%|████████▏ | 62/76 [00:05<00:01, 11.77it/s]
5/20 epoch | loss: 0.6867 | accuracy: 83.6%:  82%|████████▏ | 62/76 [00:05<00:01, 11.77it/s]
5/20 epoch | loss: 0.6867 | accuracy: 83.6%:  84%|████████▍ | 64/76 [00:05<00:01, 11.74it/s]
5/20 epoch | loss: 0.4382 | accuracy: 86.7%:  84%|████████▍ | 64/76 [00:05<00:01, 11.74it/s]
5/20 epoch | loss: 0.8876 | accuracy: 72.7%:  84%|████████▍ | 64/76 [00:05<00:01, 11.74it/s]
5/20 epoch | loss: 0.8876 | accuracy: 72.7%:  87%|████████▋ | 66/76 [00:05<00:00, 11.77it/s]
5/20 epoch | loss: 0.8833 | accuracy: 73.4%:  87%|████████▋ | 66/76 [00:05<00:00, 11.77it/s]
5/20 epoch | loss: 0.5921 | accuracy: 82.8%:  87%|████████▋ | 66/76 [00:05<00:00, 11.77it/s]
5/20 epoch | loss: 0.5921 | accuracy: 82.8%:  89%|████████▉ | 68/76 [00:05<00:00, 11.78it/s]
5/20 epoch | loss: 0.7744 | accuracy: 83.6%:  89%|████████▉ | 68/76 [00:06<00:00, 11.78it/s]
5/20 epoch | loss: 0.9316 | accuracy: 72.7%:  89%|████████▉ | 68/76 [00:06<00:00, 11.78it/s]
5/20 epoch | loss: 0.9316 | accuracy: 72.7%:  92%|█████████▏| 70/76 [00:06<00:00, 11.77it/s]
5/20 epoch | loss: 0.7472 | accuracy: 73.4%:  92%|█████████▏| 70/76 [00:06<00:00, 11.77it/s]
5/20 epoch | loss: 0.6786 | accuracy: 83.6%:  92%|█████████▏| 70/76 [00:06<00:00, 11.77it/s]
5/20 epoch | loss: 0.6786 | accuracy: 83.6%:  95%|█████████▍| 72/76 [00:06<00:00, 11.80it/s]
5/20 epoch | loss: 0.6908 | accuracy: 77.3%:  95%|█████████▍| 72/76 [00:06<00:00, 11.80it/s]
5/20 epoch | loss: 0.5613 | accuracy: 81.2%:  95%|█████████▍| 72/76 [00:06<00:00, 11.80it/s]
5/20 epoch | loss: 0.5613 | accuracy: 81.2%:  97%|█████████▋| 74/76 [00:06<00:00, 11.36it/s]
5/20 epoch | loss: 0.6413 | accuracy: 84.4%:  97%|█████████▋| 74/76 [00:06<00:00, 11.36it/s]
5/20 epoch | loss: 0.6413 | accuracy: 84.4%:  97%|█████████▋| 74/76 [00:06<00:00, 11.36it/s]
5/20 epoch | loss: 0.6413 | accuracy: 84.4%: 100%|██████████| 76/76 [00:06<00:00, 11.49it/s]
5/20 epoch | loss: 0.6413 | accuracy: 84.4%: 100%|██████████| 76/76 [00:06<00:00, 11.35it/s]
train loss: 0.7169 train acc: 79.6% | val loss: 1.2549 val acc: 64.2%
saving checkpoint to checkpoints/classification/05-07_12-20-32/Classification_ckpt_epoch4_metric64.22.ckpt

  0%|          | 0/76 [00:00<?, ?it/s]
6/20 epoch | loss: 0.7789 | accuracy: 75.8%:   0%|          | 0/76 [00:00<?, ?it/s]
6/20 epoch | loss: 0.5943 | accuracy: 82.8%:   0%|          | 0/76 [00:00<?, ?it/s]
6/20 epoch | loss: 0.5943 | accuracy: 82.8%:   3%|▎         | 2/76 [00:00<00:06, 11.70it/s]
6/20 epoch | loss: 0.7072 | accuracy: 78.9%:   3%|▎         | 2/76 [00:00<00:06, 11.70it/s]
6/20 epoch | loss: 0.4656 | accuracy: 87.5%:   3%|▎         | 2/76 [00:00<00:06, 11.70it/s]
6/20 epoch | loss: 0.4656 | accuracy: 87.5%:   5%|▌         | 4/76 [00:00<00:06, 11.52it/s]
6/20 epoch | loss: 0.6439 | accuracy: 84.4%:   5%|▌         | 4/76 [00:00<00:06, 11.52it/s]
6/20 epoch | loss: 0.5789 | accuracy: 79.7%:   5%|▌         | 4/76 [00:00<00:06, 11.52it/s]
6/20 epoch | loss: 0.5789 | accuracy: 79.7%:   8%|▊         | 6/76 [00:00<00:06, 10.86it/s]
6/20 epoch | loss: 0.7582 | accuracy: 74.2%:   8%|▊         | 6/76 [00:00<00:06, 10.86it/s]
6/20 epoch | loss: 0.5355 | accuracy: 85.2%:   8%|▊         | 6/76 [00:00<00:06, 10.86it/s]
6/20 epoch | loss: 0.5355 | accuracy: 85.2%:  11%|█         | 8/76 [00:00<00:06, 11.23it/s]
6/20 epoch | loss: 0.6730 | accuracy: 79.7%:  11%|█         | 8/76 [00:00<00:06, 11.23it/s]
6/20 epoch | loss: 0.6988 | accuracy: 78.9%:  11%|█         | 8/76 [00:00<00:06, 11.23it/s]
6/20 epoch | loss: 0.6988 | accuracy: 78.9%:  13%|█▎        | 10/76 [00:00<00:05, 11.45it/s]
6/20 epoch | loss: 0.5621 | accuracy: 81.2%:  13%|█▎        | 10/76 [00:00<00:05, 11.45it/s]
6/20 epoch | loss: 0.7120 | accuracy: 80.5%:  13%|█▎        | 10/76 [00:01<00:05, 11.45it/s]
6/20 epoch | loss: 0.7120 | accuracy: 80.5%:  16%|█▌        | 12/76 [00:01<00:05, 11.59it/s]
6/20 epoch | loss: 0.7045 | accuracy: 78.9%:  16%|█▌        | 12/76 [00:01<00:05, 11.59it/s]
6/20 epoch | loss: 0.7046 | accuracy: 78.9%:  16%|█▌        | 12/76 [00:01<00:05, 11.59it/s]
6/20 epoch | loss: 0.7046 | accuracy: 78.9%:  18%|█▊        | 14/76 [00:01<00:05, 11.70it/s]
6/20 epoch | loss: 0.4691 | accuracy: 88.3%:  18%|█▊        | 14/76 [00:01<00:05, 11.70it/s]
6/20 epoch | loss: 0.6323 | accuracy: 78.1%:  18%|█▊        | 14/76 [00:01<00:05, 11.70it/s]
6/20 epoch | loss: 0.6323 | accuracy: 78.1%:  21%|██        | 16/76 [00:01<00:05, 11.77it/s]
6/20 epoch | loss: 0.7078 | accuracy: 78.1%:  21%|██        | 16/76 [00:01<00:05, 11.77it/s]
6/20 epoch | loss: 0.6200 | accuracy: 82.0%:  21%|██        | 16/76 [00:01<00:05, 11.77it/s]
6/20 epoch | loss: 0.6200 | accuracy: 82.0%:  24%|██▎       | 18/76 [00:01<00:04, 11.79it/s]
6/20 epoch | loss: 0.5388 | accuracy: 83.6%:  24%|██▎       | 18/76 [00:01<00:04, 11.79it/s]
6/20 epoch | loss: 0.6249 | accuracy: 82.0%:  24%|██▎       | 18/76 [00:01<00:04, 11.79it/s]
6/20 epoch | loss: 0.6249 | accuracy: 82.0%:  26%|██▋       | 20/76 [00:01<00:04, 11.82it/s]
6/20 epoch | loss: 0.4778 | accuracy: 88.3%:  26%|██▋       | 20/76 [00:01<00:04, 11.82it/s]
6/20 epoch | loss: 0.8247 | accuracy: 72.7%:  26%|██▋       | 20/76 [00:01<00:04, 11.82it/s]
6/20 epoch | loss: 0.8247 | accuracy: 72.7%:  29%|██▉       | 22/76 [00:01<00:04, 11.82it/s]
6/20 epoch | loss: 0.6110 | accuracy: 82.0%:  29%|██▉       | 22/76 [00:01<00:04, 11.82it/s]
6/20 epoch | loss: 0.5433 | accuracy: 82.0%:  29%|██▉       | 22/76 [00:02<00:04, 11.82it/s]
6/20 epoch | loss: 0.5433 | accuracy: 82.0%:  32%|███▏      | 24/76 [00:02<00:04, 11.85it/s]
6/20 epoch | loss: 0.4597 | accuracy: 87.5%:  32%|███▏      | 24/76 [00:02<00:04, 11.85it/s]
6/20 epoch | loss: 0.5298 | accuracy: 88.3%:  32%|███▏      | 24/76 [00:02<00:04, 11.85it/s]
6/20 epoch | loss: 0.5298 | accuracy: 88.3%:  34%|███▍      | 26/76 [00:02<00:04, 11.52it/s]
6/20 epoch | loss: 0.6914 | accuracy: 82.0%:  34%|███▍      | 26/76 [00:02<00:04, 11.52it/s]
6/20 epoch | loss: 0.4858 | accuracy: 84.4%:  34%|███▍      | 26/76 [00:02<00:04, 11.52it/s]
6/20 epoch | loss: 0.4858 | accuracy: 84.4%:  37%|███▋      | 28/76 [00:02<00:04, 11.61it/s]
6/20 epoch | loss: 0.6377 | accuracy: 79.7%:  37%|███▋      | 28/76 [00:02<00:04, 11.61it/s]
6/20 epoch | loss: 0.6273 | accuracy: 78.9%:  37%|███▋      | 28/76 [00:02<00:04, 11.61it/s]
6/20 epoch | loss: 0.6273 | accuracy: 78.9%:  39%|███▉      | 30/76 [00:02<00:04, 11.24it/s]
6/20 epoch | loss: 0.5747 | accuracy: 83.6%:  39%|███▉      | 30/76 [00:02<00:04, 11.24it/s]
6/20 epoch | loss: 0.6237 | accuracy: 79.7%:  39%|███▉      | 30/76 [00:02<00:04, 11.24it/s]
6/20 epoch | loss: 0.6237 | accuracy: 79.7%:  42%|████▏     | 32/76 [00:02<00:03, 11.42it/s]
6/20 epoch | loss: 0.8742 | accuracy: 77.3%:  42%|████▏     | 32/76 [00:02<00:03, 11.42it/s]
6/20 epoch | loss: 0.5922 | accuracy: 82.8%:  42%|████▏     | 32/76 [00:02<00:03, 11.42it/s]
6/20 epoch | loss: 0.5922 | accuracy: 82.8%:  45%|████▍     | 34/76 [00:02<00:03, 11.54it/s]
6/20 epoch | loss: 0.7507 | accuracy: 79.7%:  45%|████▍     | 34/76 [00:03<00:03, 11.54it/s]
6/20 epoch | loss: 0.4938 | accuracy: 85.2%:  45%|████▍     | 34/76 [00:03<00:03, 11.54it/s]
6/20 epoch | loss: 0.4938 | accuracy: 85.2%:  47%|████▋     | 36/76 [00:03<00:03, 11.62it/s]
6/20 epoch | loss: 0.5246 | accuracy: 82.0%:  47%|████▋     | 36/76 [00:03<00:03, 11.62it/s]
6/20 epoch | loss: 0.6319 | accuracy: 78.1%:  47%|████▋     | 36/76 [00:03<00:03, 11.62it/s]
6/20 epoch | loss: 0.6319 | accuracy: 78.1%:  50%|█████     | 38/76 [00:03<00:03, 11.69it/s]
6/20 epoch | loss: 0.5901 | accuracy: 81.2%:  50%|█████     | 38/76 [00:03<00:03, 11.69it/s]
6/20 epoch | loss: 0.5930 | accuracy: 84.4%:  50%|█████     | 38/76 [00:03<00:03, 11.69it/s]
6/20 epoch | loss: 0.5930 | accuracy: 84.4%:  53%|█████▎    | 40/76 [00:03<00:03, 11.74it/s]
6/20 epoch | loss: 0.5603 | accuracy: 85.9%:  53%|█████▎    | 40/76 [00:03<00:03, 11.74it/s]
6/20 epoch | loss: 0.5800 | accuracy: 84.4%:  53%|█████▎    | 40/76 [00:03<00:03, 11.74it/s]
6/20 epoch | loss: 0.5800 | accuracy: 84.4%:  55%|█████▌    | 42/76 [00:03<00:02, 11.79it/s]
6/20 epoch | loss: 0.6745 | accuracy: 79.7%:  55%|█████▌    | 42/76 [00:03<00:02, 11.79it/s]
6/20 epoch | loss: 0.5827 | accuracy: 82.8%:  55%|█████▌    | 42/76 [00:03<00:02, 11.79it/s]
6/20 epoch | loss: 0.5827 | accuracy: 82.8%:  58%|█████▊    | 44/76 [00:03<00:02, 11.80it/s]
6/20 epoch | loss: 0.4938 | accuracy: 82.0%:  58%|█████▊    | 44/76 [00:03<00:02, 11.80it/s]
6/20 epoch | loss: 0.7300 | accuracy: 78.9%:  58%|█████▊    | 44/76 [00:03<00:02, 11.80it/s]
6/20 epoch | loss: 0.7300 | accuracy: 78.9%:  61%|██████    | 46/76 [00:03<00:02, 11.83it/s]
6/20 epoch | loss: 0.5584 | accuracy: 85.2%:  61%|██████    | 46/76 [00:04<00:02, 11.83it/s]
6/20 epoch | loss: 0.6508 | accuracy: 82.0%:  61%|██████    | 46/76 [00:04<00:02, 11.83it/s]
6/20 epoch | loss: 0.6508 | accuracy: 82.0%:  63%|██████▎   | 48/76 [00:04<00:02, 11.65it/s]
6/20 epoch | loss: 0.7158 | accuracy: 78.1%:  63%|██████▎   | 48/76 [00:04<00:02, 11.65it/s]
6/20 epoch | loss: 0.5581 | accuracy: 85.9%:  63%|██████▎   | 48/76 [00:04<00:02, 11.65it/s]
6/20 epoch | loss: 0.5581 | accuracy: 85.9%:  66%|██████▌   | 50/76 [00:04<00:02, 11.72it/s]
6/20 epoch | loss: 0.7153 | accuracy: 76.6%:  66%|██████▌   | 50/76 [00:04<00:02, 11.72it/s]
6/20 epoch | loss: 0.5308 | accuracy: 82.8%:  66%|██████▌   | 50/76 [00:04<00:02, 11.72it/s]
6/20 epoch | loss: 0.5308 | accuracy: 82.8%:  68%|██████▊   | 52/76 [00:04<00:02, 11.71it/s]
6/20 epoch | loss: 0.5838 | accuracy: 82.8%:  68%|██████▊   | 52/76 [00:04<00:02, 11.71it/s]
6/20 epoch | loss: 0.5939 | accuracy: 79.7%:  68%|██████▊   | 52/76 [00:04<00:02, 11.71it/s]
6/20 epoch | loss: 0.5939 | accuracy: 79.7%:  71%|███████   | 54/76 [00:04<00:01, 11.27it/s]
6/20 epoch | loss: 0.5348 | accuracy: 84.4%:  71%|███████   | 54/76 [00:04<00:01, 11.27it/s]
6/20 epoch | loss: 0.7156 | accuracy: 81.2%:  71%|███████   | 54/76 [00:04<00:01, 11.27it/s]
6/20 epoch | loss: 0.7156 | accuracy: 81.2%:  74%|███████▎  | 56/76 [00:04<00:01, 11.45it/s]
6/20 epoch | loss: 0.6240 | accuracy: 82.8%:  74%|███████▎  | 56/76 [00:04<00:01, 11.45it/s]
6/20 epoch | loss: 0.7241 | accuracy: 81.2%:  74%|███████▎  | 56/76 [00:05<00:01, 11.45it/s]
6/20 epoch | loss: 0.7241 | accuracy: 81.2%:  76%|███████▋  | 58/76 [00:05<00:01, 11.55it/s]
6/20 epoch | loss: 0.4635 | accuracy: 85.9%:  76%|███████▋  | 58/76 [00:05<00:01, 11.55it/s]
6/20 epoch | loss: 0.5882 | accuracy: 82.0%:  76%|███████▋  | 58/76 [00:05<00:01, 11.55it/s]
6/20 epoch | loss: 0.5882 | accuracy: 82.0%:  79%|███████▉  | 60/76 [00:05<00:01, 11.64it/s]
6/20 epoch | loss: 0.8459 | accuracy: 71.9%:  79%|███████▉  | 60/76 [00:05<00:01, 11.64it/s]
6/20 epoch | loss: 0.7056 | accuracy: 85.2%:  79%|███████▉  | 60/76 [00:05<00:01, 11.64it/s]
6/20 epoch | loss: 0.7056 | accuracy: 85.2%:  82%|████████▏ | 62/76 [00:05<00:01, 11.67it/s]
6/20 epoch | loss: 0.6123 | accuracy: 78.1%:  82%|████████▏ | 62/76 [00:05<00:01, 11.67it/s]
6/20 epoch | loss: 0.5283 | accuracy: 79.7%:  82%|████████▏ | 62/76 [00:05<00:01, 11.67it/s]
6/20 epoch | loss: 0.5283 | accuracy: 79.7%:  84%|████████▍ | 64/76 [00:05<00:01, 11.65it/s]
6/20 epoch | loss: 0.6190 | accuracy: 83.6%:  84%|████████▍ | 64/76 [00:05<00:01, 11.65it/s]
6/20 epoch | loss: 0.6631 | accuracy: 82.8%:  84%|████████▍ | 64/76 [00:05<00:01, 11.65it/s]
6/20 epoch | loss: 0.6631 | accuracy: 82.8%:  87%|████████▋ | 66/76 [00:05<00:00, 11.69it/s]
6/20 epoch | loss: 0.5067 | accuracy: 85.9%:  87%|████████▋ | 66/76 [00:05<00:00, 11.69it/s]
6/20 epoch | loss: 0.5245 | accuracy: 85.2%:  87%|████████▋ | 66/76 [00:05<00:00, 11.69it/s]
6/20 epoch | loss: 0.5245 | accuracy: 85.2%:  89%|████████▉ | 68/76 [00:05<00:00, 11.75it/s]
6/20 epoch | loss: 0.7243 | accuracy: 76.6%:  89%|████████▉ | 68/76 [00:05<00:00, 11.75it/s]
6/20 epoch | loss: 0.8963 | accuracy: 79.7%:  89%|████████▉ | 68/76 [00:06<00:00, 11.75it/s]
6/20 epoch | loss: 0.8963 | accuracy: 79.7%:  92%|█████████▏| 70/76 [00:06<00:00, 11.78it/s]
6/20 epoch | loss: 0.6046 | accuracy: 79.7%:  92%|█████████▏| 70/76 [00:06<00:00, 11.78it/s]
6/20 epoch | loss: 0.5415 | accuracy: 82.0%:  92%|█████████▏| 70/76 [00:06<00:00, 11.78it/s]
6/20 epoch | loss: 0.5415 | accuracy: 82.0%:  95%|█████████▍| 72/76 [00:06<00:00, 11.78it/s]
6/20 epoch | loss: 0.7277 | accuracy: 75.8%:  95%|█████████▍| 72/76 [00:06<00:00, 11.78it/s]
6/20 epoch | loss: 0.6676 | accuracy: 82.0%:  95%|█████████▍| 72/76 [00:06<00:00, 11.78it/s]
6/20 epoch | loss: 0.6676 | accuracy: 82.0%:  97%|█████████▋| 74/76 [00:06<00:00, 11.74it/s]
6/20 epoch | loss: 0.5753 | accuracy: 84.4%:  97%|█████████▋| 74/76 [00:06<00:00, 11.74it/s]
6/20 epoch | loss: 0.5350 | accuracy: 82.8%:  97%|█████████▋| 74/76 [00:06<00:00, 11.74it/s]
6/20 epoch | loss: 0.5350 | accuracy: 82.8%: 100%|██████████| 76/76 [00:06<00:00, 11.76it/s]
6/20 epoch | loss: 0.5350 | accuracy: 82.8%: 100%|██████████| 76/76 [00:06<00:00, 11.64it/s]
train loss: 0.6224 train acc: 81.6% | val loss: 1.0466 val acc: 71.2%
saving checkpoint to checkpoints/classification/05-07_12-20-32/Classification_ckpt_epoch5_metric71.15.ckpt

  0%|          | 0/76 [00:00<?, ?it/s]
7/20 epoch | loss: 0.4240 | accuracy: 88.3%:   0%|          | 0/76 [00:00<?, ?it/s]
7/20 epoch | loss: 0.6351 | accuracy: 81.2%:   0%|          | 0/76 [00:00<?, ?it/s]
7/20 epoch | loss: 0.6351 | accuracy: 81.2%:   3%|▎         | 2/76 [00:00<00:06, 11.84it/s]
7/20 epoch | loss: 0.4509 | accuracy: 86.7%:   3%|▎         | 2/76 [00:00<00:06, 11.84it/s]
7/20 epoch | loss: 0.5656 | accuracy: 79.7%:   3%|▎         | 2/76 [00:00<00:06, 11.84it/s]
7/20 epoch | loss: 0.5656 | accuracy: 79.7%:   5%|▌         | 4/76 [00:00<00:06, 11.87it/s]
7/20 epoch | loss: 0.6975 | accuracy: 79.7%:   5%|▌         | 4/76 [00:00<00:06, 11.87it/s]
7/20 epoch | loss: 0.6718 | accuracy: 82.8%:   5%|▌         | 4/76 [00:00<00:06, 11.87it/s]
7/20 epoch | loss: 0.6718 | accuracy: 82.8%:   8%|▊         | 6/76 [00:00<00:05, 11.86it/s]
7/20 epoch | loss: 0.4982 | accuracy: 82.0%:   8%|▊         | 6/76 [00:00<00:05, 11.86it/s]
7/20 epoch | loss: 0.5531 | accuracy: 84.4%:   8%|▊         | 6/76 [00:00<00:05, 11.86it/s]
7/20 epoch | loss: 0.5531 | accuracy: 84.4%:  11%|█         | 8/76 [00:00<00:05, 11.72it/s]
7/20 epoch | loss: 0.5129 | accuracy: 85.2%:  11%|█         | 8/76 [00:00<00:05, 11.72it/s]
7/20 epoch | loss: 0.6489 | accuracy: 82.8%:  11%|█         | 8/76 [00:00<00:05, 11.72it/s]
7/20 epoch | loss: 0.6489 | accuracy: 82.8%:  13%|█▎        | 10/76 [00:00<00:05, 11.38it/s]
7/20 epoch | loss: 0.5034 | accuracy: 86.7%:  13%|█▎        | 10/76 [00:00<00:05, 11.38it/s]
7/20 epoch | loss: 0.7233 | accuracy: 79.7%:  13%|█▎        | 10/76 [00:01<00:05, 11.38it/s]
7/20 epoch | loss: 0.7233 | accuracy: 79.7%:  16%|█▌        | 12/76 [00:01<00:05, 11.47it/s]
7/20 epoch | loss: 0.5249 | accuracy: 85.2%:  16%|█▌        | 12/76 [00:01<00:05, 11.47it/s]
7/20 epoch | loss: 0.4847 | accuracy: 87.5%:  16%|█▌        | 12/76 [00:01<00:05, 11.47it/s]
7/20 epoch | loss: 0.4847 | accuracy: 87.5%:  18%|█▊        | 14/76 [00:01<00:05, 11.52it/s]
7/20 epoch | loss: 0.7882 | accuracy: 77.3%:  18%|█▊        | 14/76 [00:01<00:05, 11.52it/s]
7/20 epoch | loss: 0.4813 | accuracy: 92.2%:  18%|█▊        | 14/76 [00:01<00:05, 11.52it/s]
7/20 epoch | loss: 0.4813 | accuracy: 92.2%:  21%|██        | 16/76 [00:01<00:05, 11.65it/s]
7/20 epoch | loss: 0.4427 | accuracy: 86.7%:  21%|██        | 16/76 [00:01<00:05, 11.65it/s]
7/20 epoch | loss: 0.5765 | accuracy: 85.2%:  21%|██        | 16/76 [00:01<00:05, 11.65it/s]
7/20 epoch | loss: 0.5765 | accuracy: 85.2%:  24%|██▎       | 18/76 [00:01<00:04, 11.70it/s]
7/20 epoch | loss: 0.5189 | accuracy: 85.2%:  24%|██▎       | 18/76 [00:01<00:04, 11.70it/s]
7/20 epoch | loss: 0.6022 | accuracy: 79.7%:  24%|██▎       | 18/76 [00:01<00:04, 11.70it/s]
7/20 epoch | loss: 0.6022 | accuracy: 79.7%:  26%|██▋       | 20/76 [00:01<00:04, 11.77it/s]
7/20 epoch | loss: 0.4174 | accuracy: 85.9%:  26%|██▋       | 20/76 [00:01<00:04, 11.77it/s]
7/20 epoch | loss: 0.6232 | accuracy: 84.4%:  26%|██▋       | 20/76 [00:01<00:04, 11.77it/s]
7/20 epoch | loss: 0.6232 | accuracy: 84.4%:  29%|██▉       | 22/76 [00:01<00:04, 11.77it/s]
7/20 epoch | loss: 0.6751 | accuracy: 81.2%:  29%|██▉       | 22/76 [00:01<00:04, 11.77it/s]
7/20 epoch | loss: 0.5624 | accuracy: 83.6%:  29%|██▉       | 22/76 [00:02<00:04, 11.77it/s]
7/20 epoch | loss: 0.5624 | accuracy: 83.6%:  32%|███▏      | 24/76 [00:02<00:04, 11.70it/s]
7/20 epoch | loss: 0.5099 | accuracy: 81.2%:  32%|███▏      | 24/76 [00:02<00:04, 11.70it/s]
7/20 epoch | loss: 0.4736 | accuracy: 85.2%:  32%|███▏      | 24/76 [00:02<00:04, 11.70it/s]
7/20 epoch | loss: 0.4736 | accuracy: 85.2%:  34%|███▍      | 26/76 [00:02<00:04, 11.67it/s]
7/20 epoch | loss: 0.8078 | accuracy: 75.0%:  34%|███▍      | 26/76 [00:02<00:04, 11.67it/s]
7/20 epoch | loss: 0.4989 | accuracy: 84.4%:  34%|███▍      | 26/76 [00:02<00:04, 11.67it/s]
7/20 epoch | loss: 0.4989 | accuracy: 84.4%:  37%|███▋      | 28/76 [00:02<00:04, 11.62it/s]
7/20 epoch | loss: 0.5050 | accuracy: 85.9%:  37%|███▋      | 28/76 [00:02<00:04, 11.62it/s]
7/20 epoch | loss: 0.5061 | accuracy: 86.7%:  37%|███▋      | 28/76 [00:02<00:04, 11.62it/s]
7/20 epoch | loss: 0.5061 | accuracy: 86.7%:  39%|███▉      | 30/76 [00:02<00:03, 11.62it/s]
7/20 epoch | loss: 0.5910 | accuracy: 81.2%:  39%|███▉      | 30/76 [00:02<00:03, 11.62it/s]
7/20 epoch | loss: 0.6076 | accuracy: 82.8%:  39%|███▉      | 30/76 [00:02<00:03, 11.62it/s]
7/20 epoch | loss: 0.6076 | accuracy: 82.8%:  42%|████▏     | 32/76 [00:02<00:03, 11.59it/s]
7/20 epoch | loss: 0.5383 | accuracy: 82.8%:  42%|████▏     | 32/76 [00:02<00:03, 11.59it/s]
7/20 epoch | loss: 0.6461 | accuracy: 81.2%:  42%|████▏     | 32/76 [00:02<00:03, 11.59it/s]
7/20 epoch | loss: 0.6461 | accuracy: 81.2%:  45%|████▍     | 34/76 [00:02<00:03, 11.25it/s]
7/20 epoch | loss: 0.6227 | accuracy: 84.4%:  45%|████▍     | 34/76 [00:03<00:03, 11.25it/s]
7/20 epoch | loss: 0.4138 | accuracy: 86.7%:  45%|████▍     | 34/76 [00:03<00:03, 11.25it/s]
7/20 epoch | loss: 0.4138 | accuracy: 86.7%:  47%|████▋     | 36/76 [00:03<00:03, 11.40it/s]
7/20 epoch | loss: 0.5847 | accuracy: 84.4%:  47%|████▋     | 36/76 [00:03<00:03, 11.40it/s]
7/20 epoch | loss: 0.4655 | accuracy: 88.3%:  47%|████▋     | 36/76 [00:03<00:03, 11.40it/s]
7/20 epoch | loss: 0.4655 | accuracy: 88.3%:  50%|█████     | 38/76 [00:03<00:03, 11.51it/s]
7/20 epoch | loss: 0.5718 | accuracy: 82.8%:  50%|█████     | 38/76 [00:03<00:03, 11.51it/s]
7/20 epoch | loss: 0.5546 | accuracy: 80.5%:  50%|█████     | 38/76 [00:03<00:03, 11.51it/s]
7/20 epoch | loss: 0.5546 | accuracy: 80.5%:  53%|█████▎    | 40/76 [00:03<00:03, 11.58it/s]
7/20 epoch | loss: 0.6394 | accuracy: 80.5%:  53%|█████▎    | 40/76 [00:03<00:03, 11.58it/s]
7/20 epoch | loss: 0.5210 | accuracy: 85.2%:  53%|█████▎    | 40/76 [00:03<00:03, 11.58it/s]
7/20 epoch | loss: 0.5210 | accuracy: 85.2%:  55%|█████▌    | 42/76 [00:03<00:02, 11.63it/s]
7/20 epoch | loss: 0.5951 | accuracy: 82.8%:  55%|█████▌    | 42/76 [00:03<00:02, 11.63it/s]
7/20 epoch | loss: 0.6679 | accuracy: 79.7%:  55%|█████▌    | 42/76 [00:03<00:02, 11.63it/s]
7/20 epoch | loss: 0.6679 | accuracy: 79.7%:  58%|█████▊    | 44/76 [00:03<00:02, 11.68it/s]
7/20 epoch | loss: 0.4937 | accuracy: 89.8%:  58%|█████▊    | 44/76 [00:03<00:02, 11.68it/s]
7/20 epoch | loss: 0.4507 | accuracy: 85.9%:  58%|█████▊    | 44/76 [00:03<00:02, 11.68it/s]
7/20 epoch | loss: 0.4507 | accuracy: 85.9%:  61%|██████    | 46/76 [00:03<00:02, 11.71it/s]
7/20 epoch | loss: 0.6495 | accuracy: 81.2%:  61%|██████    | 46/76 [00:04<00:02, 11.71it/s]
7/20 epoch | loss: 0.5281 | accuracy: 83.6%:  61%|██████    | 46/76 [00:04<00:02, 11.71it/s]
7/20 epoch | loss: 0.5281 | accuracy: 83.6%:  63%|██████▎   | 48/76 [00:04<00:02, 11.71it/s]
7/20 epoch | loss: 0.7423 | accuracy: 81.2%:  63%|██████▎   | 48/76 [00:04<00:02, 11.71it/s]
7/20 epoch | loss: 0.5838 | accuracy: 81.2%:  63%|██████▎   | 48/76 [00:04<00:02, 11.71it/s]
7/20 epoch | loss: 0.5838 | accuracy: 81.2%:  66%|██████▌   | 50/76 [00:04<00:02, 11.76it/s]
7/20 epoch | loss: 0.3779 | accuracy: 89.1%:  66%|██████▌   | 50/76 [00:04<00:02, 11.76it/s]
7/20 epoch | loss: 0.6021 | accuracy: 82.8%:  66%|██████▌   | 50/76 [00:04<00:02, 11.76it/s]
7/20 epoch | loss: 0.6021 | accuracy: 82.8%:  68%|██████▊   | 52/76 [00:04<00:02, 11.78it/s]
7/20 epoch | loss: 0.5754 | accuracy: 84.4%:  68%|██████▊   | 52/76 [00:04<00:02, 11.78it/s]
7/20 epoch | loss: 0.5073 | accuracy: 83.6%:  68%|██████▊   | 52/76 [00:04<00:02, 11.78it/s]
7/20 epoch | loss: 0.5073 | accuracy: 83.6%:  71%|███████   | 54/76 [00:04<00:01, 11.78it/s]
7/20 epoch | loss: 0.6123 | accuracy: 80.5%:  71%|███████   | 54/76 [00:04<00:01, 11.78it/s]
7/20 epoch | loss: 0.4873 | accuracy: 88.3%:  71%|███████   | 54/76 [00:04<00:01, 11.78it/s]
7/20 epoch | loss: 0.4873 | accuracy: 88.3%:  74%|███████▎  | 56/76 [00:04<00:01, 11.81it/s]
7/20 epoch | loss: 0.5112 | accuracy: 86.7%:  74%|███████▎  | 56/76 [00:04<00:01, 11.81it/s]
7/20 epoch | loss: 0.6760 | accuracy: 78.1%:  74%|███████▎  | 56/76 [00:04<00:01, 11.81it/s]
7/20 epoch | loss: 0.6760 | accuracy: 78.1%:  76%|███████▋  | 58/76 [00:04<00:01, 11.37it/s]
7/20 epoch | loss: 0.7258 | accuracy: 78.9%:  76%|███████▋  | 58/76 [00:05<00:01, 11.37it/s]
7/20 epoch | loss: 0.5944 | accuracy: 82.8%:  76%|███████▋  | 58/76 [00:05<00:01, 11.37it/s]
7/20 epoch | loss: 0.5944 | accuracy: 82.8%:  79%|███████▉  | 60/76 [00:05<00:01, 11.47it/s]
7/20 epoch | loss: 0.4282 | accuracy: 86.7%:  79%|███████▉  | 60/76 [00:05<00:01, 11.47it/s]
7/20 epoch | loss: 0.6442 | accuracy: 82.8%:  79%|███████▉  | 60/76 [00:05<00:01, 11.47it/s]
7/20 epoch | loss: 0.6442 | accuracy: 82.8%:  82%|████████▏ | 62/76 [00:05<00:01, 11.56it/s]
7/20 epoch | loss: 0.5869 | accuracy: 82.8%:  82%|████████▏ | 62/76 [00:05<00:01, 11.56it/s]
7/20 epoch | loss: 0.4982 | accuracy: 87.5%:  82%|████████▏ | 62/76 [00:05<00:01, 11.56it/s]
7/20 epoch | loss: 0.4982 | accuracy: 87.5%:  84%|████████▍ | 64/76 [00:05<00:01, 11.59it/s]
7/20 epoch | loss: 0.5982 | accuracy: 81.2%:  84%|████████▍ | 64/76 [00:05<00:01, 11.59it/s]
7/20 epoch | loss: 0.6034 | accuracy: 82.8%:  84%|████████▍ | 64/76 [00:05<00:01, 11.59it/s]
7/20 epoch | loss: 0.6034 | accuracy: 82.8%:  87%|████████▋ | 66/76 [00:05<00:00, 11.66it/s]
7/20 epoch | loss: 0.5426 | accuracy: 85.2%:  87%|████████▋ | 66/76 [00:05<00:00, 11.66it/s]
7/20 epoch | loss: 0.5687 | accuracy: 82.8%:  87%|████████▋ | 66/76 [00:05<00:00, 11.66it/s]
7/20 epoch | loss: 0.5687 | accuracy: 82.8%:  89%|████████▉ | 68/76 [00:05<00:00, 11.70it/s]
7/20 epoch | loss: 0.4697 | accuracy: 82.8%:  89%|████████▉ | 68/76 [00:05<00:00, 11.70it/s]
7/20 epoch | loss: 0.7369 | accuracy: 79.7%:  89%|████████▉ | 68/76 [00:06<00:00, 11.70it/s]
7/20 epoch | loss: 0.7369 | accuracy: 79.7%:  92%|█████████▏| 70/76 [00:06<00:00, 11.75it/s]
7/20 epoch | loss: 0.5536 | accuracy: 83.6%:  92%|█████████▏| 70/76 [00:06<00:00, 11.75it/s]
7/20 epoch | loss: 0.4525 | accuracy: 89.1%:  92%|█████████▏| 70/76 [00:06<00:00, 11.75it/s]
7/20 epoch | loss: 0.4525 | accuracy: 89.1%:  95%|█████████▍| 72/76 [00:06<00:00, 11.48it/s]
7/20 epoch | loss: 0.6583 | accuracy: 82.8%:  95%|█████████▍| 72/76 [00:06<00:00, 11.48it/s]
7/20 epoch | loss: 0.4965 | accuracy: 86.7%:  95%|█████████▍| 72/76 [00:06<00:00, 11.48it/s]
7/20 epoch | loss: 0.4965 | accuracy: 86.7%:  97%|█████████▋| 74/76 [00:06<00:00, 11.59it/s]
7/20 epoch | loss: 0.6531 | accuracy: 79.7%:  97%|█████████▋| 74/76 [00:06<00:00, 11.59it/s]
7/20 epoch | loss: 0.6310 | accuracy: 84.4%:  97%|█████████▋| 74/76 [00:06<00:00, 11.59it/s]
7/20 epoch | loss: 0.6310 | accuracy: 84.4%: 100%|██████████| 76/76 [00:06<00:00, 11.66it/s]
7/20 epoch | loss: 0.6310 | accuracy: 84.4%: 100%|██████████| 76/76 [00:06<00:00, 11.63it/s]
train loss: 0.5677 train acc: 83.6% | val loss: 0.8355 val acc: 75.8%
saving checkpoint to checkpoints/classification/05-07_12-20-32/Classification_ckpt_epoch6_metric75.77.ckpt

  0%|          | 0/76 [00:00<?, ?it/s]
8/20 epoch | loss: 0.4661 | accuracy: 87.5%:   0%|          | 0/76 [00:00<?, ?it/s]
8/20 epoch | loss: 0.4135 | accuracy: 87.5%:   0%|          | 0/76 [00:00<?, ?it/s]
8/20 epoch | loss: 0.4135 | accuracy: 87.5%:   3%|▎         | 2/76 [00:00<00:06, 11.71it/s]
8/20 epoch | loss: 0.5507 | accuracy: 86.7%:   3%|▎         | 2/76 [00:00<00:06, 11.71it/s]
8/20 epoch | loss: 0.4919 | accuracy: 86.7%:   3%|▎         | 2/76 [00:00<00:06, 11.71it/s]
8/20 epoch | loss: 0.4919 | accuracy: 86.7%:   5%|▌         | 4/76 [00:00<00:06, 11.76it/s]
8/20 epoch | loss: 0.3928 | accuracy: 89.8%:   5%|▌         | 4/76 [00:00<00:06, 11.76it/s]
8/20 epoch | loss: 0.5779 | accuracy: 82.0%:   5%|▌         | 4/76 [00:00<00:06, 11.76it/s]
8/20 epoch | loss: 0.5779 | accuracy: 82.0%:   8%|▊         | 6/76 [00:00<00:05, 11.78it/s]
8/20 epoch | loss: 0.3315 | accuracy: 89.8%:   8%|▊         | 6/76 [00:00<00:05, 11.78it/s]
8/20 epoch | loss: 0.5034 | accuracy: 85.9%:   8%|▊         | 6/76 [00:00<00:05, 11.78it/s]
8/20 epoch | loss: 0.5034 | accuracy: 85.9%:  11%|█         | 8/76 [00:00<00:05, 11.76it/s]
8/20 epoch | loss: 0.7365 | accuracy: 80.5%:  11%|█         | 8/76 [00:00<00:05, 11.76it/s]
8/20 epoch | loss: 0.5380 | accuracy: 83.6%:  11%|█         | 8/76 [00:00<00:05, 11.76it/s]
8/20 epoch | loss: 0.5380 | accuracy: 83.6%:  13%|█▎        | 10/76 [00:00<00:06, 10.87it/s]
8/20 epoch | loss: 0.5497 | accuracy: 82.8%:  13%|█▎        | 10/76 [00:00<00:06, 10.87it/s]
8/20 epoch | loss: 0.4980 | accuracy: 84.4%:  13%|█▎        | 10/76 [00:01<00:06, 10.87it/s]
8/20 epoch | loss: 0.4980 | accuracy: 84.4%:  16%|█▌        | 12/76 [00:01<00:06, 10.32it/s]
8/20 epoch | loss: 0.6171 | accuracy: 82.0%:  16%|█▌        | 12/76 [00:01<00:06, 10.32it/s]
8/20 epoch | loss: 0.3601 | accuracy: 92.2%:  16%|█▌        | 12/76 [00:01<00:06, 10.32it/s]
8/20 epoch | loss: 0.3601 | accuracy: 92.2%:  18%|█▊        | 14/76 [00:01<00:05, 10.70it/s]
8/20 epoch | loss: 0.6681 | accuracy: 82.0%:  18%|█▊        | 14/76 [00:01<00:05, 10.70it/s]
8/20 epoch | loss: 0.6411 | accuracy: 82.0%:  18%|█▊        | 14/76 [00:01<00:05, 10.70it/s]
8/20 epoch | loss: 0.6411 | accuracy: 82.0%:  21%|██        | 16/76 [00:01<00:05, 11.00it/s]
8/20 epoch | loss: 0.4081 | accuracy: 87.5%:  21%|██        | 16/76 [00:01<00:05, 11.00it/s]
8/20 epoch | loss: 0.4214 | accuracy: 88.3%:  21%|██        | 16/76 [00:01<00:05, 11.00it/s]
8/20 epoch | loss: 0.4214 | accuracy: 88.3%:  24%|██▎       | 18/76 [00:01<00:05, 11.24it/s]
8/20 epoch | loss: 0.7355 | accuracy: 81.2%:  24%|██▎       | 18/76 [00:01<00:05, 11.24it/s]
8/20 epoch | loss: 0.3875 | accuracy: 88.3%:  24%|██▎       | 18/76 [00:01<00:05, 11.24it/s]
8/20 epoch | loss: 0.3875 | accuracy: 88.3%:  26%|██▋       | 20/76 [00:01<00:04, 11.43it/s]
8/20 epoch | loss: 0.5252 | accuracy: 83.6%:  26%|██▋       | 20/76 [00:01<00:04, 11.43it/s]
8/20 epoch | loss: 0.6686 | accuracy: 79.7%:  26%|██▋       | 20/76 [00:01<00:04, 11.43it/s]
8/20 epoch | loss: 0.6686 | accuracy: 79.7%:  29%|██▉       | 22/76 [00:01<00:04, 11.55it/s]
8/20 epoch | loss: 0.4827 | accuracy: 86.7%:  29%|██▉       | 22/76 [00:02<00:04, 11.55it/s]
8/20 epoch | loss: 0.6600 | accuracy: 77.3%:  29%|██▉       | 22/76 [00:02<00:04, 11.55it/s]
8/20 epoch | loss: 0.6600 | accuracy: 77.3%:  32%|███▏      | 24/76 [00:02<00:04, 11.64it/s]
8/20 epoch | loss: 0.5173 | accuracy: 85.2%:  32%|███▏      | 24/76 [00:02<00:04, 11.64it/s]
8/20 epoch | loss: 0.5200 | accuracy: 82.8%:  32%|███▏      | 24/76 [00:02<00:04, 11.64it/s]
8/20 epoch | loss: 0.5200 | accuracy: 82.8%:  34%|███▍      | 26/76 [00:02<00:04, 11.68it/s]
8/20 epoch | loss: 0.6288 | accuracy: 81.2%:  34%|███▍      | 26/76 [00:02<00:04, 11.68it/s]
8/20 epoch | loss: 0.5137 | accuracy: 81.2%:  34%|███▍      | 26/76 [00:02<00:04, 11.68it/s]
8/20 epoch | loss: 0.5137 | accuracy: 81.2%:  37%|███▋      | 28/76 [00:02<00:04, 11.73it/s]
8/20 epoch | loss: 0.4308 | accuracy: 87.5%:  37%|███▋      | 28/76 [00:02<00:04, 11.73it/s]
8/20 epoch | loss: 0.5486 | accuracy: 84.4%:  37%|███▋      | 28/76 [00:02<00:04, 11.73it/s]
8/20 epoch | loss: 0.5486 | accuracy: 84.4%:  39%|███▉      | 30/76 [00:02<00:03, 11.77it/s]
8/20 epoch | loss: 0.5646 | accuracy: 79.7%:  39%|███▉      | 30/76 [00:02<00:03, 11.77it/s]
8/20 epoch | loss: 0.5770 | accuracy: 82.8%:  39%|███▉      | 30/76 [00:02<00:03, 11.77it/s]
8/20 epoch | loss: 0.5770 | accuracy: 82.8%:  42%|████▏     | 32/76 [00:02<00:03, 11.79it/s]
8/20 epoch | loss: 0.4812 | accuracy: 83.6%:  42%|████▏     | 32/76 [00:02<00:03, 11.79it/s]
8/20 epoch | loss: 0.5127 | accuracy: 84.4%:  42%|████▏     | 32/76 [00:02<00:03, 11.79it/s]
8/20 epoch | loss: 0.5127 | accuracy: 84.4%:  45%|████▍     | 34/76 [00:02<00:03, 11.82it/s]
8/20 epoch | loss: 0.6037 | accuracy: 81.2%:  45%|████▍     | 34/76 [00:03<00:03, 11.82it/s]
8/20 epoch | loss: 0.6848 | accuracy: 77.3%:  45%|████▍     | 34/76 [00:03<00:03, 11.82it/s]
8/20 epoch | loss: 0.6848 | accuracy: 77.3%:  47%|████▋     | 36/76 [00:03<00:03, 11.36it/s]
8/20 epoch | loss: 0.6129 | accuracy: 82.0%:  47%|████▋     | 36/76 [00:03<00:03, 11.36it/s]
8/20 epoch | loss: 0.4912 | accuracy: 86.7%:  47%|████▋     | 36/76 [00:03<00:03, 11.36it/s]
8/20 epoch | loss: 0.4912 | accuracy: 86.7%:  50%|█████     | 38/76 [00:03<00:03, 11.47it/s]
8/20 epoch | loss: 0.7767 | accuracy: 78.9%:  50%|█████     | 38/76 [00:03<00:03, 11.47it/s]
8/20 epoch | loss: 0.6030 | accuracy: 83.6%:  50%|█████     | 38/76 [00:03<00:03, 11.47it/s]
8/20 epoch | loss: 0.6030 | accuracy: 83.6%:  53%|█████▎    | 40/76 [00:03<00:03, 11.59it/s]
8/20 epoch | loss: 0.5242 | accuracy: 86.7%:  53%|█████▎    | 40/76 [00:03<00:03, 11.59it/s]
8/20 epoch | loss: 0.5455 | accuracy: 79.7%:  53%|█████▎    | 40/76 [00:03<00:03, 11.59it/s]
8/20 epoch | loss: 0.5455 | accuracy: 79.7%:  55%|█████▌    | 42/76 [00:03<00:02, 11.64it/s]
8/20 epoch | loss: 0.6151 | accuracy: 82.0%:  55%|█████▌    | 42/76 [00:03<00:02, 11.64it/s]
8/20 epoch | loss: 0.5346 | accuracy: 81.2%:  55%|█████▌    | 42/76 [00:03<00:02, 11.64it/s]
8/20 epoch | loss: 0.5346 | accuracy: 81.2%:  58%|█████▊    | 44/76 [00:03<00:02, 11.70it/s]
8/20 epoch | loss: 0.5568 | accuracy: 87.5%:  58%|█████▊    | 44/76 [00:03<00:02, 11.70it/s]
8/20 epoch | loss: 0.6313 | accuracy: 78.9%:  58%|█████▊    | 44/76 [00:04<00:02, 11.70it/s]
8/20 epoch | loss: 0.6313 | accuracy: 78.9%:  61%|██████    | 46/76 [00:04<00:02, 11.73it/s]
8/20 epoch | loss: 0.5352 | accuracy: 82.8%:  61%|██████    | 46/76 [00:04<00:02, 11.73it/s]
8/20 epoch | loss: 0.7868 | accuracy: 73.4%:  61%|██████    | 46/76 [00:04<00:02, 11.73it/s]
8/20 epoch | loss: 0.7868 | accuracy: 73.4%:  63%|██████▎   | 48/76 [00:04<00:02, 11.75it/s]
8/20 epoch | loss: 0.5186 | accuracy: 84.4%:  63%|██████▎   | 48/76 [00:04<00:02, 11.75it/s]
8/20 epoch | loss: 0.6139 | accuracy: 85.2%:  63%|██████▎   | 48/76 [00:04<00:02, 11.75it/s]
8/20 epoch | loss: 0.6139 | accuracy: 85.2%:  66%|██████▌   | 50/76 [00:04<00:02, 11.78it/s]
8/20 epoch | loss: 0.5727 | accuracy: 83.6%:  66%|██████▌   | 50/76 [00:04<00:02, 11.78it/s]
8/20 epoch | loss: 0.6028 | accuracy: 84.4%:  66%|██████▌   | 50/76 [00:04<00:02, 11.78it/s]
8/20 epoch | loss: 0.6028 | accuracy: 84.4%:  68%|██████▊   | 52/76 [00:04<00:02, 11.65it/s]
8/20 epoch | loss: 0.5477 | accuracy: 87.5%:  68%|██████▊   | 52/76 [00:04<00:02, 11.65it/s]
8/20 epoch | loss: 0.6277 | accuracy: 82.8%:  68%|██████▊   | 52/76 [00:04<00:02, 11.65it/s]
8/20 epoch | loss: 0.6277 | accuracy: 82.8%:  71%|███████   | 54/76 [00:04<00:01, 11.71it/s]
8/20 epoch | loss: 0.5357 | accuracy: 84.4%:  71%|███████   | 54/76 [00:04<00:01, 11.71it/s]
8/20 epoch | loss: 0.5482 | accuracy: 83.6%:  71%|███████   | 54/76 [00:04<00:01, 11.71it/s]
8/20 epoch | loss: 0.5482 | accuracy: 83.6%:  74%|███████▎  | 56/76 [00:04<00:01, 11.74it/s]
8/20 epoch | loss: 0.4703 | accuracy: 83.6%:  74%|███████▎  | 56/76 [00:04<00:01, 11.74it/s]
8/20 epoch | loss: 0.5878 | accuracy: 84.4%:  74%|███████▎  | 56/76 [00:05<00:01, 11.74it/s]
8/20 epoch | loss: 0.5878 | accuracy: 84.4%:  76%|███████▋  | 58/76 [00:05<00:01, 11.76it/s]
8/20 epoch | loss: 0.4241 | accuracy: 85.2%:  76%|███████▋  | 58/76 [00:05<00:01, 11.76it/s]
8/20 epoch | loss: 0.3754 | accuracy: 89.8%:  76%|███████▋  | 58/76 [00:05<00:01, 11.76it/s]
8/20 epoch | loss: 0.3754 | accuracy: 89.8%:  79%|███████▉  | 60/76 [00:05<00:01, 11.37it/s]
8/20 epoch | loss: 0.5990 | accuracy: 84.4%:  79%|███████▉  | 60/76 [00:05<00:01, 11.37it/s]
8/20 epoch | loss: 0.6738 | accuracy: 83.6%:  79%|███████▉  | 60/76 [00:05<00:01, 11.37it/s]
8/20 epoch | loss: 0.6738 | accuracy: 83.6%:  82%|████████▏ | 62/76 [00:05<00:01, 11.39it/s]
8/20 epoch | loss: 0.4558 | accuracy: 85.9%:  82%|████████▏ | 62/76 [00:05<00:01, 11.39it/s]
8/20 epoch | loss: 0.4047 | accuracy: 85.2%:  82%|████████▏ | 62/76 [00:05<00:01, 11.39it/s]
8/20 epoch | loss: 0.4047 | accuracy: 85.2%:  84%|████████▍ | 64/76 [00:05<00:01, 11.44it/s]
8/20 epoch | loss: 0.6272 | accuracy: 78.9%:  84%|████████▍ | 64/76 [00:05<00:01, 11.44it/s]
8/20 epoch | loss: 0.4465 | accuracy: 88.3%:  84%|████████▍ | 64/76 [00:05<00:01, 11.44it/s]
8/20 epoch | loss: 0.4465 | accuracy: 88.3%:  87%|████████▋ | 66/76 [00:05<00:00, 11.51it/s]
8/20 epoch | loss: 0.5219 | accuracy: 83.6%:  87%|████████▋ | 66/76 [00:05<00:00, 11.51it/s]
8/20 epoch | loss: 0.4065 | accuracy: 90.6%:  87%|████████▋ | 66/76 [00:05<00:00, 11.51it/s]
8/20 epoch | loss: 0.4065 | accuracy: 90.6%:  89%|████████▉ | 68/76 [00:05<00:00, 11.56it/s]
8/20 epoch | loss: 0.5453 | accuracy: 85.2%:  89%|████████▉ | 68/76 [00:05<00:00, 11.56it/s]
8/20 epoch | loss: 0.4967 | accuracy: 85.2%:  89%|████████▉ | 68/76 [00:06<00:00, 11.56it/s]
8/20 epoch | loss: 0.4967 | accuracy: 85.2%:  92%|█████████▏| 70/76 [00:06<00:00, 11.64it/s]
8/20 epoch | loss: 0.3904 | accuracy: 85.9%:  92%|█████████▏| 70/76 [00:06<00:00, 11.64it/s]
8/20 epoch | loss: 0.5979 | accuracy: 83.6%:  92%|█████████▏| 70/76 [00:06<00:00, 11.64it/s]
8/20 epoch | loss: 0.5979 | accuracy: 83.6%:  95%|█████████▍| 72/76 [00:06<00:00, 11.50it/s]
8/20 epoch | loss: 0.4449 | accuracy: 90.6%:  95%|█████████▍| 72/76 [00:06<00:00, 11.50it/s]
8/20 epoch | loss: 0.6872 | accuracy: 77.3%:  95%|█████████▍| 72/76 [00:06<00:00, 11.50it/s]
8/20 epoch | loss: 0.6872 | accuracy: 77.3%:  97%|█████████▋| 74/76 [00:06<00:00, 11.58it/s]
8/20 epoch | loss: 0.5018 | accuracy: 85.9%:  97%|█████████▋| 74/76 [00:06<00:00, 11.58it/s]
8/20 epoch | loss: 0.6733 | accuracy: 78.9%:  97%|█████████▋| 74/76 [00:06<00:00, 11.58it/s]
8/20 epoch | loss: 0.6733 | accuracy: 78.9%: 100%|██████████| 76/76 [00:06<00:00, 11.63it/s]
8/20 epoch | loss: 0.6733 | accuracy: 78.9%: 100%|██████████| 76/76 [00:06<00:00, 11.52it/s]
train loss: 0.5437 train acc: 84.0% | val loss: 1.0020 val acc: 70.4%

  0%|          | 0/76 [00:00<?, ?it/s]
9/20 epoch | loss: 0.6073 | accuracy: 78.9%:   0%|          | 0/76 [00:00<?, ?it/s]
9/20 epoch | loss: 0.5419 | accuracy: 83.6%:   0%|          | 0/76 [00:00<?, ?it/s]
9/20 epoch | loss: 0.5419 | accuracy: 83.6%:   3%|▎         | 2/76 [00:00<00:06, 11.81it/s]
9/20 epoch | loss: 0.4368 | accuracy: 89.1%:   3%|▎         | 2/76 [00:00<00:06, 11.81it/s]
9/20 epoch | loss: 0.5562 | accuracy: 83.6%:   3%|▎         | 2/76 [00:00<00:06, 11.81it/s]
9/20 epoch | loss: 0.5562 | accuracy: 83.6%:   5%|▌         | 4/76 [00:00<00:06, 11.39it/s]
9/20 epoch | loss: 0.5157 | accuracy: 82.0%:   5%|▌         | 4/76 [00:00<00:06, 11.39it/s]
9/20 epoch | loss: 0.5699 | accuracy: 83.6%:   5%|▌         | 4/76 [00:00<00:06, 11.39it/s]
9/20 epoch | loss: 0.5699 | accuracy: 83.6%:   8%|▊         | 6/76 [00:00<00:06, 11.54it/s]
9/20 epoch | loss: 0.4443 | accuracy: 89.8%:   8%|▊         | 6/76 [00:00<00:06, 11.54it/s]
9/20 epoch | loss: 0.5187 | accuracy: 80.5%:   8%|▊         | 6/76 [00:00<00:06, 11.54it/s]
9/20 epoch | loss: 0.5187 | accuracy: 80.5%:  11%|█         | 8/76 [00:00<00:05, 11.66it/s]
9/20 epoch | loss: 0.4649 | accuracy: 86.7%:  11%|█         | 8/76 [00:00<00:05, 11.66it/s]
9/20 epoch | loss: 0.4569 | accuracy: 85.2%:  11%|█         | 8/76 [00:00<00:05, 11.66it/s]
9/20 epoch | loss: 0.4569 | accuracy: 85.2%:  13%|█▎        | 10/76 [00:00<00:05, 11.74it/s]
9/20 epoch | loss: 0.4274 | accuracy: 84.4%:  13%|█▎        | 10/76 [00:00<00:05, 11.74it/s]
9/20 epoch | loss: 0.4542 | accuracy: 89.8%:  13%|█▎        | 10/76 [00:01<00:05, 11.74it/s]
9/20 epoch | loss: 0.4542 | accuracy: 89.8%:  16%|█▌        | 12/76 [00:01<00:05, 11.78it/s]
9/20 epoch | loss: 0.3765 | accuracy: 85.9%:  16%|█▌        | 12/76 [00:01<00:05, 11.78it/s]
9/20 epoch | loss: 0.6690 | accuracy: 80.5%:  16%|█▌        | 12/76 [00:01<00:05, 11.78it/s]
9/20 epoch | loss: 0.6690 | accuracy: 80.5%:  18%|█▊        | 14/76 [00:01<00:05, 11.80it/s]
9/20 epoch | loss: 0.4461 | accuracy: 85.2%:  18%|█▊        | 14/76 [00:01<00:05, 11.80it/s]
9/20 epoch | loss: 0.6355 | accuracy: 83.6%:  18%|█▊        | 14/76 [00:01<00:05, 11.80it/s]
9/20 epoch | loss: 0.6355 | accuracy: 83.6%:  21%|██        | 16/76 [00:01<00:05, 11.78it/s]
9/20 epoch | loss: 0.4973 | accuracy: 84.4%:  21%|██        | 16/76 [00:01<00:05, 11.78it/s]
9/20 epoch | loss: 0.5513 | accuracy: 82.0%:  21%|██        | 16/76 [00:01<00:05, 11.78it/s]
9/20 epoch | loss: 0.5513 | accuracy: 82.0%:  24%|██▎       | 18/76 [00:01<00:05, 11.43it/s]
9/20 epoch | loss: 0.4903 | accuracy: 84.4%:  24%|██▎       | 18/76 [00:01<00:05, 11.43it/s]
9/20 epoch | loss: 0.2881 | accuracy: 92.2%:  24%|██▎       | 18/76 [00:01<00:05, 11.43it/s]
9/20 epoch | loss: 0.2881 | accuracy: 92.2%:  26%|██▋       | 20/76 [00:01<00:04, 11.34it/s]
9/20 epoch | loss: 0.4705 | accuracy: 84.4%:  26%|██▋       | 20/76 [00:01<00:04, 11.34it/s]
9/20 epoch | loss: 0.4477 | accuracy: 88.3%:  26%|██▋       | 20/76 [00:01<00:04, 11.34it/s]
9/20 epoch | loss: 0.4477 | accuracy: 88.3%:  29%|██▉       | 22/76 [00:01<00:04, 11.45it/s]
9/20 epoch | loss: 0.4771 | accuracy: 85.9%:  29%|██▉       | 22/76 [00:01<00:04, 11.45it/s]
9/20 epoch | loss: 0.3939 | accuracy: 87.5%:  29%|██▉       | 22/76 [00:02<00:04, 11.45it/s]
9/20 epoch | loss: 0.3939 | accuracy: 87.5%:  32%|███▏      | 24/76 [00:02<00:04, 11.54it/s]
9/20 epoch | loss: 0.4844 | accuracy: 86.7%:  32%|███▏      | 24/76 [00:02<00:04, 11.54it/s]
9/20 epoch | loss: 0.4852 | accuracy: 85.9%:  32%|███▏      | 24/76 [00:02<00:04, 11.54it/s]
9/20 epoch | loss: 0.4852 | accuracy: 85.9%:  34%|███▍      | 26/76 [00:02<00:04, 11.60it/s]
9/20 epoch | loss: 0.4616 | accuracy: 85.2%:  34%|███▍      | 26/76 [00:02<00:04, 11.60it/s]
9/20 epoch | loss: 0.5260 | accuracy: 83.6%:  34%|███▍      | 26/76 [00:02<00:04, 11.60it/s]
9/20 epoch | loss: 0.5260 | accuracy: 83.6%:  37%|███▋      | 28/76 [00:02<00:04, 11.65it/s]
9/20 epoch | loss: 0.4310 | accuracy: 88.3%:  37%|███▋      | 28/76 [00:02<00:04, 11.65it/s]
9/20 epoch | loss: 0.4849 | accuracy: 86.7%:  37%|███▋      | 28/76 [00:02<00:04, 11.65it/s]
9/20 epoch | loss: 0.4849 | accuracy: 86.7%:  39%|███▉      | 30/76 [00:02<00:03, 11.68it/s]
9/20 epoch | loss: 0.5557 | accuracy: 83.6%:  39%|███▉      | 30/76 [00:02<00:03, 11.68it/s]
9/20 epoch | loss: 0.4743 | accuracy: 84.4%:  39%|███▉      | 30/76 [00:02<00:03, 11.68it/s]
9/20 epoch | loss: 0.4743 | accuracy: 84.4%:  42%|████▏     | 32/76 [00:02<00:03, 11.69it/s]
9/20 epoch | loss: 0.5635 | accuracy: 83.6%:  42%|████▏     | 32/76 [00:02<00:03, 11.69it/s]
9/20 epoch | loss: 0.4165 | accuracy: 89.8%:  42%|████▏     | 32/76 [00:02<00:03, 11.69it/s]
9/20 epoch | loss: 0.4165 | accuracy: 89.8%:  45%|████▍     | 34/76 [00:02<00:03, 11.73it/s]
9/20 epoch | loss: 0.4955 | accuracy: 85.9%:  45%|████▍     | 34/76 [00:03<00:03, 11.73it/s]
9/20 epoch | loss: 0.4309 | accuracy: 83.6%:  45%|████▍     | 34/76 [00:03<00:03, 11.73it/s]
9/20 epoch | loss: 0.4309 | accuracy: 83.6%:  47%|████▋     | 36/76 [00:03<00:03, 11.75it/s]
9/20 epoch | loss: 0.4856 | accuracy: 85.2%:  47%|████▋     | 36/76 [00:03<00:03, 11.75it/s]
9/20 epoch | loss: 0.3727 | accuracy: 86.7%:  47%|████▋     | 36/76 [00:03<00:03, 11.75it/s]
9/20 epoch | loss: 0.3727 | accuracy: 86.7%:  50%|█████     | 38/76 [00:03<00:03, 11.05it/s]
9/20 epoch | loss: 0.4382 | accuracy: 83.6%:  50%|█████     | 38/76 [00:03<00:03, 11.05it/s]
9/20 epoch | loss: 0.5260 | accuracy: 83.6%:  50%|█████     | 38/76 [00:03<00:03, 11.05it/s]
9/20 epoch | loss: 0.5260 | accuracy: 83.6%:  53%|█████▎    | 40/76 [00:03<00:03, 10.57it/s]
9/20 epoch | loss: 0.5244 | accuracy: 83.6%:  53%|█████▎    | 40/76 [00:03<00:03, 10.57it/s]
9/20 epoch | loss: 0.3056 | accuracy: 90.6%:  53%|█████▎    | 40/76 [00:03<00:03, 10.57it/s]
9/20 epoch | loss: 0.3056 | accuracy: 90.6%:  55%|█████▌    | 42/76 [00:03<00:03, 10.52it/s]
9/20 epoch | loss: 0.6507 | accuracy: 80.5%:  55%|█████▌    | 42/76 [00:03<00:03, 10.52it/s]
9/20 epoch | loss: 0.3552 | accuracy: 89.8%:  55%|█████▌    | 42/76 [00:03<00:03, 10.52it/s]
9/20 epoch | loss: 0.3552 | accuracy: 89.8%:  58%|█████▊    | 44/76 [00:03<00:02, 10.85it/s]
9/20 epoch | loss: 0.5338 | accuracy: 86.7%:  58%|█████▊    | 44/76 [00:03<00:02, 10.85it/s]
9/20 epoch | loss: 0.5290 | accuracy: 85.2%:  58%|█████▊    | 44/76 [00:04<00:02, 10.85it/s]
9/20 epoch | loss: 0.5290 | accuracy: 85.2%:  61%|██████    | 46/76 [00:04<00:02, 11.13it/s]
9/20 epoch | loss: 0.5590 | accuracy: 81.2%:  61%|██████    | 46/76 [00:04<00:02, 11.13it/s]
9/20 epoch | loss: 0.5251 | accuracy: 82.0%:  61%|██████    | 46/76 [00:04<00:02, 11.13it/s]
9/20 epoch | loss: 0.5251 | accuracy: 82.0%:  63%|██████▎   | 48/76 [00:04<00:02, 11.34it/s]
9/20 epoch | loss: 0.6423 | accuracy: 80.5%:  63%|██████▎   | 48/76 [00:04<00:02, 11.34it/s]
9/20 epoch | loss: 0.3722 | accuracy: 85.9%:  63%|██████▎   | 48/76 [00:04<00:02, 11.34it/s]
9/20 epoch | loss: 0.3722 | accuracy: 85.9%:  66%|██████▌   | 50/76 [00:04<00:02, 11.47it/s]
9/20 epoch | loss: 0.3960 | accuracy: 88.3%:  66%|██████▌   | 50/76 [00:04<00:02, 11.47it/s]
9/20 epoch | loss: 0.3892 | accuracy: 90.6%:  66%|██████▌   | 50/76 [00:04<00:02, 11.47it/s]
9/20 epoch | loss: 0.3892 | accuracy: 90.6%:  68%|██████▊   | 52/76 [00:04<00:02, 11.55it/s]
9/20 epoch | loss: 0.4275 | accuracy: 85.9%:  68%|██████▊   | 52/76 [00:04<00:02, 11.55it/s]
9/20 epoch | loss: 0.4390 | accuracy: 85.2%:  68%|██████▊   | 52/76 [00:04<00:02, 11.55it/s]
9/20 epoch | loss: 0.4390 | accuracy: 85.2%:  71%|███████   | 54/76 [00:04<00:01, 11.60it/s]
9/20 epoch | loss: 0.4937 | accuracy: 84.4%:  71%|███████   | 54/76 [00:04<00:01, 11.60it/s]
9/20 epoch | loss: 0.5080 | accuracy: 85.9%:  71%|███████   | 54/76 [00:04<00:01, 11.60it/s]
9/20 epoch | loss: 0.5080 | accuracy: 85.9%:  74%|███████▎  | 56/76 [00:04<00:01, 11.64it/s]
9/20 epoch | loss: 0.4713 | accuracy: 85.9%:  74%|███████▎  | 56/76 [00:04<00:01, 11.64it/s]
9/20 epoch | loss: 0.4878 | accuracy: 85.2%:  74%|███████▎  | 56/76 [00:05<00:01, 11.64it/s]
9/20 epoch | loss: 0.4878 | accuracy: 85.2%:  76%|███████▋  | 58/76 [00:05<00:01, 11.67it/s]
9/20 epoch | loss: 0.4245 | accuracy: 86.7%:  76%|███████▋  | 58/76 [00:05<00:01, 11.67it/s]
9/20 epoch | loss: 0.4525 | accuracy: 85.9%:  76%|███████▋  | 58/76 [00:05<00:01, 11.67it/s]
9/20 epoch | loss: 0.4525 | accuracy: 85.9%:  79%|███████▉  | 60/76 [00:05<00:01, 11.66it/s]
9/20 epoch | loss: 0.6555 | accuracy: 78.9%:  79%|███████▉  | 60/76 [00:05<00:01, 11.66it/s]
9/20 epoch | loss: 0.6179 | accuracy: 82.0%:  79%|███████▉  | 60/76 [00:05<00:01, 11.66it/s]
9/20 epoch | loss: 0.6179 | accuracy: 82.0%:  82%|████████▏ | 62/76 [00:05<00:01, 11.68it/s]
9/20 epoch | loss: 0.5798 | accuracy: 81.2%:  82%|████████▏ | 62/76 [00:05<00:01, 11.68it/s]
9/20 epoch | loss: 0.5662 | accuracy: 84.4%:  82%|████████▏ | 62/76 [00:05<00:01, 11.68it/s]
9/20 epoch | loss: 0.5662 | accuracy: 84.4%:  84%|████████▍ | 64/76 [00:05<00:01, 11.68it/s]
9/20 epoch | loss: 0.6098 | accuracy: 84.4%:  84%|████████▍ | 64/76 [00:05<00:01, 11.68it/s]
9/20 epoch | loss: 0.6533 | accuracy: 83.6%:  84%|████████▍ | 64/76 [00:05<00:01, 11.68it/s]
9/20 epoch | loss: 0.6533 | accuracy: 83.6%:  87%|████████▋ | 66/76 [00:05<00:00, 11.37it/s]
9/20 epoch | loss: 0.5362 | accuracy: 84.4%:  87%|████████▋ | 66/76 [00:05<00:00, 11.37it/s]
9/20 epoch | loss: 0.4748 | accuracy: 85.2%:  87%|████████▋ | 66/76 [00:05<00:00, 11.37it/s]
9/20 epoch | loss: 0.4748 | accuracy: 85.2%:  89%|████████▉ | 68/76 [00:05<00:00, 11.51it/s]
9/20 epoch | loss: 0.5097 | accuracy: 85.2%:  89%|████████▉ | 68/76 [00:06<00:00, 11.51it/s]
9/20 epoch | loss: 0.5609 | accuracy: 85.9%:  89%|████████▉ | 68/76 [00:06<00:00, 11.51it/s]
9/20 epoch | loss: 0.5609 | accuracy: 85.9%:  92%|█████████▏| 70/76 [00:06<00:00, 11.60it/s]
9/20 epoch | loss: 0.4416 | accuracy: 87.5%:  92%|█████████▏| 70/76 [00:06<00:00, 11.60it/s]
9/20 epoch | loss: 0.3810 | accuracy: 89.8%:  92%|█████████▏| 70/76 [00:06<00:00, 11.60it/s]
9/20 epoch | loss: 0.3810 | accuracy: 89.8%:  95%|█████████▍| 72/76 [00:06<00:00, 11.57it/s]
9/20 epoch | loss: 0.3985 | accuracy: 85.9%:  95%|█████████▍| 72/76 [00:06<00:00, 11.57it/s]
9/20 epoch | loss: 0.5754 | accuracy: 80.5%:  95%|█████████▍| 72/76 [00:06<00:00, 11.57it/s]
9/20 epoch | loss: 0.5754 | accuracy: 80.5%:  97%|█████████▋| 74/76 [00:06<00:00, 11.63it/s]
9/20 epoch | loss: 0.6230 | accuracy: 82.8%:  97%|█████████▋| 74/76 [00:06<00:00, 11.63it/s]
9/20 epoch | loss: 0.4469 | accuracy: 86.7%:  97%|█████████▋| 74/76 [00:06<00:00, 11.63it/s]
9/20 epoch | loss: 0.4469 | accuracy: 86.7%: 100%|██████████| 76/76 [00:06<00:00, 11.29it/s]
9/20 epoch | loss: 0.4469 | accuracy: 86.7%: 100%|██████████| 76/76 [00:06<00:00, 11.46it/s]
train loss: 0.4932 train acc: 85.1% | val loss: 1.0056 val acc: 71.6%
saving checkpoint to checkpoints/classification/05-07_12-20-32/Classification_ckpt_epoch8_metric71.64.ckpt

  0%|          | 0/76 [00:00<?, ?it/s]
10/20 epoch | loss: 0.4708 | accuracy: 85.2%:   0%|          | 0/76 [00:00<?, ?it/s]
10/20 epoch | loss: 0.5371 | accuracy: 83.6%:   0%|          | 0/76 [00:00<?, ?it/s]
10/20 epoch | loss: 0.5371 | accuracy: 83.6%:   3%|▎         | 2/76 [00:00<00:06, 11.65it/s]
10/20 epoch | loss: 0.4935 | accuracy: 85.2%:   3%|▎         | 2/76 [00:00<00:06, 11.65it/s]
10/20 epoch | loss: 0.6229 | accuracy: 80.5%:   3%|▎         | 2/76 [00:00<00:06, 11.65it/s]
10/20 epoch | loss: 0.6229 | accuracy: 80.5%:   5%|▌         | 4/76 [00:00<00:06, 11.75it/s]
10/20 epoch | loss: 0.5714 | accuracy: 82.8%:   5%|▌         | 4/76 [00:00<00:06, 11.75it/s]
10/20 epoch | loss: 0.3921 | accuracy: 85.9%:   5%|▌         | 4/76 [00:00<00:06, 11.75it/s]
10/20 epoch | loss: 0.3921 | accuracy: 85.9%:   8%|▊         | 6/76 [00:00<00:05, 11.68it/s]
10/20 epoch | loss: 0.4855 | accuracy: 85.9%:   8%|▊         | 6/76 [00:00<00:05, 11.68it/s]
10/20 epoch | loss: 0.5052 | accuracy: 85.9%:   8%|▊         | 6/76 [00:00<00:05, 11.68it/s]
10/20 epoch | loss: 0.5052 | accuracy: 85.9%:  11%|█         | 8/76 [00:00<00:05, 11.65it/s]
10/20 epoch | loss: 0.3612 | accuracy: 89.1%:  11%|█         | 8/76 [00:00<00:05, 11.65it/s]
10/20 epoch | loss: 0.4272 | accuracy: 87.5%:  11%|█         | 8/76 [00:00<00:05, 11.65it/s]
10/20 epoch | loss: 0.4272 | accuracy: 87.5%:  13%|█▎        | 10/76 [00:00<00:05, 11.72it/s]
10/20 epoch | loss: 0.5659 | accuracy: 82.0%:  13%|█▎        | 10/76 [00:00<00:05, 11.72it/s]
10/20 epoch | loss: 0.4036 | accuracy: 88.3%:  13%|█▎        | 10/76 [00:01<00:05, 11.72it/s]
10/20 epoch | loss: 0.4036 | accuracy: 88.3%:  16%|█▌        | 12/76 [00:01<00:05, 11.74it/s]
10/20 epoch | loss: 0.4840 | accuracy: 85.9%:  16%|█▌        | 12/76 [00:01<00:05, 11.74it/s]
10/20 epoch | loss: 0.4113 | accuracy: 87.5%:  16%|█▌        | 12/76 [00:01<00:05, 11.74it/s]
10/20 epoch | loss: 0.4113 | accuracy: 87.5%:  18%|█▊        | 14/76 [00:01<00:05, 11.76it/s]
10/20 epoch | loss: 0.3378 | accuracy: 87.5%:  18%|█▊        | 14/76 [00:01<00:05, 11.76it/s]
10/20 epoch | loss: 0.4013 | accuracy: 87.5%:  18%|█▊        | 14/76 [00:01<00:05, 11.76it/s]
10/20 epoch | loss: 0.4013 | accuracy: 87.5%:  21%|██        | 16/76 [00:01<00:05, 11.75it/s]
10/20 epoch | loss: 0.4467 | accuracy: 86.7%:  21%|██        | 16/76 [00:01<00:05, 11.75it/s]
10/20 epoch | loss: 0.4933 | accuracy: 85.2%:  21%|██        | 16/76 [00:01<00:05, 11.75it/s]
10/20 epoch | loss: 0.4933 | accuracy: 85.2%:  24%|██▎       | 18/76 [00:01<00:04, 11.71it/s]
10/20 epoch | loss: 0.5644 | accuracy: 81.2%:  24%|██▎       | 18/76 [00:01<00:04, 11.71it/s]
10/20 epoch | loss: 0.4221 | accuracy: 85.2%:  24%|██▎       | 18/76 [00:01<00:04, 11.71it/s]
10/20 epoch | loss: 0.4221 | accuracy: 85.2%:  26%|██▋       | 20/76 [00:01<00:04, 11.28it/s]
10/20 epoch | loss: 0.4645 | accuracy: 89.1%:  26%|██▋       | 20/76 [00:01<00:04, 11.28it/s]
10/20 epoch | loss: 0.4192 | accuracy: 84.4%:  26%|██▋       | 20/76 [00:01<00:04, 11.28it/s]
10/20 epoch | loss: 0.4192 | accuracy: 84.4%:  29%|██▉       | 22/76 [00:01<00:04, 11.44it/s]
10/20 epoch | loss: 0.4630 | accuracy: 86.7%:  29%|██▉       | 22/76 [00:01<00:04, 11.44it/s]
10/20 epoch | loss: 0.5709 | accuracy: 82.0%:  29%|██▉       | 22/76 [00:02<00:04, 11.44it/s]
10/20 epoch | loss: 0.5709 | accuracy: 82.0%:  32%|███▏      | 24/76 [00:02<00:04, 11.43it/s]
10/20 epoch | loss: 0.4244 | accuracy: 87.5%:  32%|███▏      | 24/76 [00:02<00:04, 11.43it/s]
10/20 epoch | loss: 0.3467 | accuracy: 87.5%:  32%|███▏      | 24/76 [00:02<00:04, 11.43it/s]
10/20 epoch | loss: 0.3467 | accuracy: 87.5%:  34%|███▍      | 26/76 [00:02<00:04, 11.57it/s]
10/20 epoch | loss: 0.3702 | accuracy: 86.7%:  34%|███▍      | 26/76 [00:02<00:04, 11.57it/s]
10/20 epoch | loss: 0.6210 | accuracy: 79.7%:  34%|███▍      | 26/76 [00:02<00:04, 11.57it/s]
10/20 epoch | loss: 0.6210 | accuracy: 79.7%:  37%|███▋      | 28/76 [00:02<00:04, 11.66it/s]
10/20 epoch | loss: 0.3520 | accuracy: 91.4%:  37%|███▋      | 28/76 [00:02<00:04, 11.66it/s]
10/20 epoch | loss: 0.5828 | accuracy: 81.2%:  37%|███▋      | 28/76 [00:02<00:04, 11.66it/s]
10/20 epoch | loss: 0.5828 | accuracy: 81.2%:  39%|███▉      | 30/76 [00:02<00:03, 11.71it/s]
10/20 epoch | loss: 0.6253 | accuracy: 78.9%:  39%|███▉      | 30/76 [00:02<00:03, 11.71it/s]
10/20 epoch | loss: 0.4423 | accuracy: 86.7%:  39%|███▉      | 30/76 [00:02<00:03, 11.71it/s]
10/20 epoch | loss: 0.4423 | accuracy: 86.7%:  42%|████▏     | 32/76 [00:02<00:03, 11.77it/s]
10/20 epoch | loss: 0.3984 | accuracy: 87.5%:  42%|████▏     | 32/76 [00:02<00:03, 11.77it/s]
10/20 epoch | loss: 0.3020 | accuracy: 92.2%:  42%|████▏     | 32/76 [00:02<00:03, 11.77it/s]
10/20 epoch | loss: 0.3020 | accuracy: 92.2%:  45%|████▍     | 34/76 [00:02<00:03, 11.82it/s]
10/20 epoch | loss: 0.4390 | accuracy: 85.2%:  45%|████▍     | 34/76 [00:03<00:03, 11.82it/s]
10/20 epoch | loss: 0.5523 | accuracy: 81.2%:  45%|████▍     | 34/76 [00:03<00:03, 11.82it/s]
10/20 epoch | loss: 0.5523 | accuracy: 81.2%:  47%|████▋     | 36/76 [00:03<00:03, 11.78it/s]
10/20 epoch | loss: 0.5310 | accuracy: 85.9%:  47%|████▋     | 36/76 [00:03<00:03, 11.78it/s]
10/20 epoch | loss: 0.4079 | accuracy: 88.3%:  47%|████▋     | 36/76 [00:03<00:03, 11.78it/s]
10/20 epoch | loss: 0.4079 | accuracy: 88.3%:  50%|█████     | 38/76 [00:03<00:03, 11.73it/s]
10/20 epoch | loss: 0.5076 | accuracy: 82.8%:  50%|█████     | 38/76 [00:03<00:03, 11.73it/s]
10/20 epoch | loss: 0.5209 | accuracy: 84.4%:  50%|█████     | 38/76 [00:03<00:03, 11.73it/s]
10/20 epoch | loss: 0.5209 | accuracy: 84.4%:  53%|█████▎    | 40/76 [00:03<00:03, 11.49it/s]
10/20 epoch | loss: 0.3875 | accuracy: 89.8%:  53%|█████▎    | 40/76 [00:03<00:03, 11.49it/s]
10/20 epoch | loss: 0.4629 | accuracy: 88.3%:  53%|█████▎    | 40/76 [00:03<00:03, 11.49it/s]
10/20 epoch | loss: 0.4629 | accuracy: 88.3%:  55%|█████▌    | 42/76 [00:03<00:02, 11.49it/s]
10/20 epoch | loss: 0.4170 | accuracy: 87.5%:  55%|█████▌    | 42/76 [00:03<00:02, 11.49it/s]
10/20 epoch | loss: 0.4630 | accuracy: 85.2%:  55%|█████▌    | 42/76 [00:03<00:02, 11.49it/s]
10/20 epoch | loss: 0.4630 | accuracy: 85.2%:  58%|█████▊    | 44/76 [00:03<00:02, 11.23it/s]
10/20 epoch | loss: 0.3398 | accuracy: 92.2%:  58%|█████▊    | 44/76 [00:03<00:02, 11.23it/s]
10/20 epoch | loss: 0.4507 | accuracy: 89.1%:  58%|█████▊    | 44/76 [00:03<00:02, 11.23it/s]
10/20 epoch | loss: 0.4507 | accuracy: 89.1%:  61%|██████    | 46/76 [00:03<00:02, 11.39it/s]
10/20 epoch | loss: 0.5105 | accuracy: 85.9%:  61%|██████    | 46/76 [00:04<00:02, 11.39it/s]
10/20 epoch | loss: 0.4821 | accuracy: 87.5%:  61%|██████    | 46/76 [00:04<00:02, 11.39it/s]
10/20 epoch | loss: 0.4821 | accuracy: 87.5%:  63%|██████▎   | 48/76 [00:04<00:02, 11.50it/s]
10/20 epoch | loss: 0.5092 | accuracy: 85.9%:  63%|██████▎   | 48/76 [00:04<00:02, 11.50it/s]
10/20 epoch | loss: 0.6139 | accuracy: 83.6%:  63%|██████▎   | 48/76 [00:04<00:02, 11.50it/s]
10/20 epoch | loss: 0.6139 | accuracy: 83.6%:  66%|██████▌   | 50/76 [00:04<00:02, 11.58it/s]
10/20 epoch | loss: 0.5538 | accuracy: 82.0%:  66%|██████▌   | 50/76 [00:04<00:02, 11.58it/s]
10/20 epoch | loss: 0.4126 | accuracy: 85.2%:  66%|██████▌   | 50/76 [00:04<00:02, 11.58it/s]
10/20 epoch | loss: 0.4126 | accuracy: 85.2%:  68%|██████▊   | 52/76 [00:04<00:02, 11.63it/s]
10/20 epoch | loss: 0.4560 | accuracy: 86.7%:  68%|██████▊   | 52/76 [00:04<00:02, 11.63it/s]
10/20 epoch | loss: 0.3809 | accuracy: 88.3%:  68%|██████▊   | 52/76 [00:04<00:02, 11.63it/s]
10/20 epoch | loss: 0.3809 | accuracy: 88.3%:  71%|███████   | 54/76 [00:04<00:01, 11.50it/s]
10/20 epoch | loss: 0.6307 | accuracy: 80.5%:  71%|███████   | 54/76 [00:04<00:01, 11.50it/s]
10/20 epoch | loss: 0.5514 | accuracy: 85.2%:  71%|███████   | 54/76 [00:04<00:01, 11.50it/s]
10/20 epoch | loss: 0.5514 | accuracy: 85.2%:  74%|███████▎  | 56/76 [00:04<00:01, 11.58it/s]
10/20 epoch | loss: 0.5321 | accuracy: 85.2%:  74%|███████▎  | 56/76 [00:04<00:01, 11.58it/s]
10/20 epoch | loss: 0.4626 | accuracy: 83.6%:  74%|███████▎  | 56/76 [00:04<00:01, 11.58it/s]
10/20 epoch | loss: 0.4626 | accuracy: 83.6%:  76%|███████▋  | 58/76 [00:04<00:01, 11.65it/s]
10/20 epoch | loss: 0.4027 | accuracy: 86.7%:  76%|███████▋  | 58/76 [00:05<00:01, 11.65it/s]
10/20 epoch | loss: 0.4182 | accuracy: 83.6%:  76%|███████▋  | 58/76 [00:05<00:01, 11.65it/s]
10/20 epoch | loss: 0.4182 | accuracy: 83.6%:  79%|███████▉  | 60/76 [00:05<00:01, 11.69it/s]
10/20 epoch | loss: 0.4361 | accuracy: 87.5%:  79%|███████▉  | 60/76 [00:05<00:01, 11.69it/s]
10/20 epoch | loss: 0.5799 | accuracy: 83.6%:  79%|███████▉  | 60/76 [00:05<00:01, 11.69it/s]
10/20 epoch | loss: 0.5799 | accuracy: 83.6%:  82%|████████▏ | 62/76 [00:05<00:01, 11.72it/s]
10/20 epoch | loss: 0.6097 | accuracy: 80.5%:  82%|████████▏ | 62/76 [00:05<00:01, 11.72it/s]
10/20 epoch | loss: 0.4123 | accuracy: 88.3%:  82%|████████▏ | 62/76 [00:05<00:01, 11.72it/s]
10/20 epoch | loss: 0.4123 | accuracy: 88.3%:  84%|████████▍ | 64/76 [00:05<00:01, 11.77it/s]
10/20 epoch | loss: 0.6069 | accuracy: 84.4%:  84%|████████▍ | 64/76 [00:05<00:01, 11.77it/s]
10/20 epoch | loss: 0.4297 | accuracy: 83.6%:  84%|████████▍ | 64/76 [00:05<00:01, 11.77it/s]
10/20 epoch | loss: 0.4297 | accuracy: 83.6%:  87%|████████▋ | 66/76 [00:05<00:00, 11.79it/s]
10/20 epoch | loss: 0.4328 | accuracy: 87.5%:  87%|████████▋ | 66/76 [00:05<00:00, 11.79it/s]
10/20 epoch | loss: 0.4128 | accuracy: 86.7%:  87%|████████▋ | 66/76 [00:05<00:00, 11.79it/s]
10/20 epoch | loss: 0.4128 | accuracy: 86.7%:  89%|████████▉ | 68/76 [00:05<00:00, 11.32it/s]
10/20 epoch | loss: 0.4829 | accuracy: 85.9%:  89%|████████▉ | 68/76 [00:05<00:00, 11.32it/s]
10/20 epoch | loss: 0.4983 | accuracy: 85.2%:  89%|████████▉ | 68/76 [00:06<00:00, 11.32it/s]
10/20 epoch | loss: 0.4983 | accuracy: 85.2%:  92%|█████████▏| 70/76 [00:06<00:00, 11.47it/s]
10/20 epoch | loss: 0.6587 | accuracy: 78.9%:  92%|█████████▏| 70/76 [00:06<00:00, 11.47it/s]
10/20 epoch | loss: 0.6024 | accuracy: 81.2%:  92%|█████████▏| 70/76 [00:06<00:00, 11.47it/s]
10/20 epoch | loss: 0.6024 | accuracy: 81.2%:  95%|█████████▍| 72/76 [00:06<00:00, 11.58it/s]
10/20 epoch | loss: 0.3595 | accuracy: 90.6%:  95%|█████████▍| 72/76 [00:06<00:00, 11.58it/s]
10/20 epoch | loss: 0.4387 | accuracy: 84.4%:  95%|█████████▍| 72/76 [00:06<00:00, 11.58it/s]
10/20 epoch | loss: 0.4387 | accuracy: 84.4%:  97%|█████████▋| 74/76 [00:06<00:00, 11.66it/s]
10/20 epoch | loss: 0.3783 | accuracy: 86.7%:  97%|█████████▋| 74/76 [00:06<00:00, 11.66it/s]
10/20 epoch | loss: 0.5986 | accuracy: 80.5%:  97%|█████████▋| 74/76 [00:06<00:00, 11.66it/s]
10/20 epoch | loss: 0.5986 | accuracy: 80.5%: 100%|██████████| 76/76 [00:06<00:00, 11.72it/s]
10/20 epoch | loss: 0.5986 | accuracy: 80.5%: 100%|██████████| 76/76 [00:06<00:00, 11.61it/s]
train loss: 0.4752 train acc: 85.5% | val loss: 0.8262 val acc: 76.1%
saving checkpoint to checkpoints/classification/05-07_12-20-32/Classification_ckpt_epoch9_metric76.09.ckpt

  0%|          | 0/76 [00:00<?, ?it/s]
11/20 epoch | loss: 0.3595 | accuracy: 88.3%:   0%|          | 0/76 [00:00<?, ?it/s]
11/20 epoch | loss: 0.3196 | accuracy: 89.8%:   0%|          | 0/76 [00:00<?, ?it/s]
11/20 epoch | loss: 0.3196 | accuracy: 89.8%:   3%|▎         | 2/76 [00:00<00:06, 11.54it/s]
11/20 epoch | loss: 0.5470 | accuracy: 82.8%:   3%|▎         | 2/76 [00:00<00:06, 11.54it/s]
11/20 epoch | loss: 0.4203 | accuracy: 85.9%:   3%|▎         | 2/76 [00:00<00:06, 11.54it/s]
11/20 epoch | loss: 0.4203 | accuracy: 85.9%:   5%|▌         | 4/76 [00:00<00:06, 11.60it/s]
11/20 epoch | loss: 0.6201 | accuracy: 79.7%:   5%|▌         | 4/76 [00:00<00:06, 11.60it/s]
11/20 epoch | loss: 0.3033 | accuracy: 93.8%:   5%|▌         | 4/76 [00:00<00:06, 11.60it/s]
11/20 epoch | loss: 0.3033 | accuracy: 93.8%:   8%|▊         | 6/76 [00:00<00:05, 11.69it/s]
11/20 epoch | loss: 0.4371 | accuracy: 88.3%:   8%|▊         | 6/76 [00:00<00:05, 11.69it/s]
11/20 epoch | loss: 0.4592 | accuracy: 84.4%:   8%|▊         | 6/76 [00:00<00:05, 11.69it/s]
11/20 epoch | loss: 0.4592 | accuracy: 84.4%:  11%|█         | 8/76 [00:00<00:05, 11.67it/s]
11/20 epoch | loss: 0.3518 | accuracy: 88.3%:  11%|█         | 8/76 [00:00<00:05, 11.67it/s]
11/20 epoch | loss: 0.5513 | accuracy: 81.2%:  11%|█         | 8/76 [00:00<00:05, 11.67it/s]
11/20 epoch | loss: 0.5513 | accuracy: 81.2%:  13%|█▎        | 10/76 [00:00<00:05, 11.67it/s]
11/20 epoch | loss: 0.4715 | accuracy: 83.6%:  13%|█▎        | 10/76 [00:00<00:05, 11.67it/s]
11/20 epoch | loss: 0.3582 | accuracy: 88.3%:  13%|█▎        | 10/76 [00:01<00:05, 11.67it/s]
11/20 epoch | loss: 0.3582 | accuracy: 88.3%:  16%|█▌        | 12/76 [00:01<00:05, 11.71it/s]
11/20 epoch | loss: 0.3798 | accuracy: 88.3%:  16%|█▌        | 12/76 [00:01<00:05, 11.71it/s]
11/20 epoch | loss: 0.4224 | accuracy: 87.5%:  16%|█▌        | 12/76 [00:01<00:05, 11.71it/s]
11/20 epoch | loss: 0.4224 | accuracy: 87.5%:  18%|█▊        | 14/76 [00:01<00:05, 11.72it/s]
11/20 epoch | loss: 0.5509 | accuracy: 82.0%:  18%|█▊        | 14/76 [00:01<00:05, 11.72it/s]
11/20 epoch | loss: 0.5317 | accuracy: 83.6%:  18%|█▊        | 14/76 [00:01<00:05, 11.72it/s]
11/20 epoch | loss: 0.5317 | accuracy: 83.6%:  21%|██        | 16/76 [00:01<00:05, 11.75it/s]
11/20 epoch | loss: 0.5950 | accuracy: 83.6%:  21%|██        | 16/76 [00:01<00:05, 11.75it/s]
11/20 epoch | loss: 0.2676 | accuracy: 90.6%:  21%|██        | 16/76 [00:01<00:05, 11.75it/s]
11/20 epoch | loss: 0.2676 | accuracy: 90.6%:  24%|██▎       | 18/76 [00:01<00:04, 11.77it/s]
11/20 epoch | loss: 0.3846 | accuracy: 84.4%:  24%|██▎       | 18/76 [00:01<00:04, 11.77it/s]
11/20 epoch | loss: 0.3639 | accuracy: 87.5%:  24%|██▎       | 18/76 [00:01<00:04, 11.77it/s]
11/20 epoch | loss: 0.3639 | accuracy: 87.5%:  26%|██▋       | 20/76 [00:01<00:05, 11.09it/s]
11/20 epoch | loss: 0.3814 | accuracy: 89.1%:  26%|██▋       | 20/76 [00:01<00:05, 11.09it/s]
11/20 epoch | loss: 0.2816 | accuracy: 91.4%:  26%|██▋       | 20/76 [00:01<00:05, 11.09it/s]
11/20 epoch | loss: 0.2816 | accuracy: 91.4%:  29%|██▉       | 22/76 [00:01<00:05, 10.69it/s]
11/20 epoch | loss: 0.2379 | accuracy: 91.4%:  29%|██▉       | 22/76 [00:02<00:05, 10.69it/s]
11/20 epoch | loss: 0.4658 | accuracy: 85.9%:  29%|██▉       | 22/76 [00:02<00:05, 10.69it/s]
11/20 epoch | loss: 0.4658 | accuracy: 85.9%:  32%|███▏      | 24/76 [00:02<00:04, 10.97it/s]
11/20 epoch | loss: 0.4641 | accuracy: 85.2%:  32%|███▏      | 24/76 [00:02<00:04, 10.97it/s]
11/20 epoch | loss: 0.5181 | accuracy: 82.0%:  32%|███▏      | 24/76 [00:02<00:04, 10.97it/s]
11/20 epoch | loss: 0.5181 | accuracy: 82.0%:  34%|███▍      | 26/76 [00:02<00:04, 11.17it/s]
11/20 epoch | loss: 0.2896 | accuracy: 89.1%:  34%|███▍      | 26/76 [00:02<00:04, 11.17it/s]
11/20 epoch | loss: 0.3697 | accuracy: 88.3%:  34%|███▍      | 26/76 [00:02<00:04, 11.17it/s]
11/20 epoch | loss: 0.3697 | accuracy: 88.3%:  37%|███▋      | 28/76 [00:02<00:04, 11.29it/s]
11/20 epoch | loss: 0.2814 | accuracy: 93.0%:  37%|███▋      | 28/76 [00:02<00:04, 11.29it/s]
11/20 epoch | loss: 0.5190 | accuracy: 83.6%:  37%|███▋      | 28/76 [00:02<00:04, 11.29it/s]
11/20 epoch | loss: 0.5190 | accuracy: 83.6%:  39%|███▉      | 30/76 [00:02<00:04, 11.42it/s]
11/20 epoch | loss: 0.4991 | accuracy: 83.6%:  39%|███▉      | 30/76 [00:02<00:04, 11.42it/s]
11/20 epoch | loss: 0.3091 | accuracy: 88.3%:  39%|███▉      | 30/76 [00:02<00:04, 11.42it/s]
11/20 epoch | loss: 0.3091 | accuracy: 88.3%:  42%|████▏     | 32/76 [00:02<00:03, 11.45it/s]
11/20 epoch | loss: 0.4536 | accuracy: 90.6%:  42%|████▏     | 32/76 [00:02<00:03, 11.45it/s]
11/20 epoch | loss: 0.4410 | accuracy: 85.2%:  42%|████▏     | 32/76 [00:02<00:03, 11.45it/s]
11/20 epoch | loss: 0.4410 | accuracy: 85.2%:  45%|████▍     | 34/76 [00:02<00:03, 11.52it/s]
11/20 epoch | loss: 0.3952 | accuracy: 88.3%:  45%|████▍     | 34/76 [00:03<00:03, 11.52it/s]
11/20 epoch | loss: 0.3136 | accuracy: 92.2%:  45%|████▍     | 34/76 [00:03<00:03, 11.52it/s]
11/20 epoch | loss: 0.3136 | accuracy: 92.2%:  47%|████▋     | 36/76 [00:03<00:03, 11.58it/s]
11/20 epoch | loss: 0.4496 | accuracy: 85.9%:  47%|████▋     | 36/76 [00:03<00:03, 11.58it/s]
11/20 epoch | loss: 0.3283 | accuracy: 92.2%:  47%|████▋     | 36/76 [00:03<00:03, 11.58it/s]
11/20 epoch | loss: 0.3283 | accuracy: 92.2%:  50%|█████     | 38/76 [00:03<00:03, 11.63it/s]
11/20 epoch | loss: 0.5061 | accuracy: 84.4%:  50%|█████     | 38/76 [00:03<00:03, 11.63it/s]
11/20 epoch | loss: 0.4429 | accuracy: 87.5%:  50%|█████     | 38/76 [00:03<00:03, 11.63it/s]
11/20 epoch | loss: 0.4429 | accuracy: 87.5%:  53%|█████▎    | 40/76 [00:03<00:03, 11.66it/s]
11/20 epoch | loss: 0.4375 | accuracy: 85.2%:  53%|█████▎    | 40/76 [00:03<00:03, 11.66it/s]
11/20 epoch | loss: 0.6764 | accuracy: 80.5%:  53%|█████▎    | 40/76 [00:03<00:03, 11.66it/s]
11/20 epoch | loss: 0.6764 | accuracy: 80.5%:  55%|█████▌    | 42/76 [00:03<00:02, 11.70it/s]
11/20 epoch | loss: 0.3301 | accuracy: 90.6%:  55%|█████▌    | 42/76 [00:03<00:02, 11.70it/s]
11/20 epoch | loss: 0.5119 | accuracy: 82.8%:  55%|█████▌    | 42/76 [00:03<00:02, 11.70it/s]
11/20 epoch | loss: 0.5119 | accuracy: 82.8%:  58%|█████▊    | 44/76 [00:03<00:02, 11.52it/s]
11/20 epoch | loss: 0.4965 | accuracy: 82.0%:  58%|█████▊    | 44/76 [00:03<00:02, 11.52it/s]
11/20 epoch | loss: 0.4329 | accuracy: 84.4%:  58%|█████▊    | 44/76 [00:04<00:02, 11.52it/s]
11/20 epoch | loss: 0.4329 | accuracy: 84.4%:  61%|██████    | 46/76 [00:04<00:02, 11.15it/s]
11/20 epoch | loss: 0.3602 | accuracy: 85.9%:  61%|██████    | 46/76 [00:04<00:02, 11.15it/s]
11/20 epoch | loss: 0.3588 | accuracy: 89.1%:  61%|██████    | 46/76 [00:04<00:02, 11.15it/s]
11/20 epoch | loss: 0.3588 | accuracy: 89.1%:  63%|██████▎   | 48/76 [00:04<00:02, 11.30it/s]
11/20 epoch | loss: 0.3758 | accuracy: 89.1%:  63%|██████▎   | 48/76 [00:04<00:02, 11.30it/s]
11/20 epoch | loss: 0.4162 | accuracy: 87.5%:  63%|██████▎   | 48/76 [00:04<00:02, 11.30it/s]
11/20 epoch | loss: 0.4162 | accuracy: 87.5%:  66%|██████▌   | 50/76 [00:04<00:02, 11.45it/s]
11/20 epoch | loss: 0.4744 | accuracy: 86.7%:  66%|██████▌   | 50/76 [00:04<00:02, 11.45it/s]
11/20 epoch | loss: 0.5376 | accuracy: 85.2%:  66%|██████▌   | 50/76 [00:04<00:02, 11.45it/s]
11/20 epoch | loss: 0.5376 | accuracy: 85.2%:  68%|██████▊   | 52/76 [00:04<00:02, 11.54it/s]
11/20 epoch | loss: 0.4765 | accuracy: 83.6%:  68%|██████▊   | 52/76 [00:04<00:02, 11.54it/s]
11/20 epoch | loss: 0.2568 | accuracy: 90.6%:  68%|██████▊   | 52/76 [00:04<00:02, 11.54it/s]
11/20 epoch | loss: 0.2568 | accuracy: 90.6%:  71%|███████   | 54/76 [00:04<00:01, 11.55it/s]
11/20 epoch | loss: 0.3294 | accuracy: 89.1%:  71%|███████   | 54/76 [00:04<00:01, 11.55it/s]
11/20 epoch | loss: 0.5773 | accuracy: 80.5%:  71%|███████   | 54/76 [00:04<00:01, 11.55it/s]
11/20 epoch | loss: 0.5773 | accuracy: 80.5%:  74%|███████▎  | 56/76 [00:04<00:01, 11.48it/s]
11/20 epoch | loss: 0.4490 | accuracy: 85.9%:  74%|███████▎  | 56/76 [00:04<00:01, 11.48it/s]
11/20 epoch | loss: 0.4687 | accuracy: 83.6%:  74%|███████▎  | 56/76 [00:05<00:01, 11.48it/s]
11/20 epoch | loss: 0.4687 | accuracy: 83.6%:  76%|███████▋  | 58/76 [00:05<00:01, 11.58it/s]
11/20 epoch | loss: 0.4002 | accuracy: 86.7%:  76%|███████▋  | 58/76 [00:05<00:01, 11.58it/s]
11/20 epoch | loss: 0.3512 | accuracy: 90.6%:  76%|███████▋  | 58/76 [00:05<00:01, 11.58it/s]
11/20 epoch | loss: 0.3512 | accuracy: 90.6%:  79%|███████▉  | 60/76 [00:05<00:01, 11.37it/s]
11/20 epoch | loss: 0.4761 | accuracy: 85.9%:  79%|███████▉  | 60/76 [00:05<00:01, 11.37it/s]
11/20 epoch | loss: 0.4583 | accuracy: 83.6%:  79%|███████▉  | 60/76 [00:05<00:01, 11.37it/s]
11/20 epoch | loss: 0.4583 | accuracy: 83.6%:  82%|████████▏ | 62/76 [00:05<00:01, 11.47it/s]
11/20 epoch | loss: 0.4248 | accuracy: 88.3%:  82%|████████▏ | 62/76 [00:05<00:01, 11.47it/s]
11/20 epoch | loss: 0.4050 | accuracy: 89.8%:  82%|████████▏ | 62/76 [00:05<00:01, 11.47it/s]
11/20 epoch | loss: 0.4050 | accuracy: 89.8%:  84%|████████▍ | 64/76 [00:05<00:01, 11.56it/s]
11/20 epoch | loss: 0.3425 | accuracy: 88.3%:  84%|████████▍ | 64/76 [00:05<00:01, 11.56it/s]
11/20 epoch | loss: 0.4555 | accuracy: 87.5%:  84%|████████▍ | 64/76 [00:05<00:01, 11.56it/s]
11/20 epoch | loss: 0.4555 | accuracy: 87.5%:  87%|████████▋ | 66/76 [00:05<00:00, 11.62it/s]
11/20 epoch | loss: 0.6363 | accuracy: 81.2%:  87%|████████▋ | 66/76 [00:05<00:00, 11.62it/s]
11/20 epoch | loss: 0.4370 | accuracy: 87.5%:  87%|████████▋ | 66/76 [00:05<00:00, 11.62it/s]
11/20 epoch | loss: 0.4370 | accuracy: 87.5%:  89%|████████▉ | 68/76 [00:05<00:00, 11.53it/s]
11/20 epoch | loss: 0.5962 | accuracy: 83.6%:  89%|████████▉ | 68/76 [00:06<00:00, 11.53it/s]
11/20 epoch | loss: 0.3852 | accuracy: 88.3%:  89%|████████▉ | 68/76 [00:06<00:00, 11.53it/s]
11/20 epoch | loss: 0.3852 | accuracy: 88.3%:  92%|█████████▏| 70/76 [00:06<00:00, 11.22it/s]
11/20 epoch | loss: 0.3930 | accuracy: 89.8%:  92%|█████████▏| 70/76 [00:06<00:00, 11.22it/s]
11/20 epoch | loss: 0.5119 | accuracy: 88.3%:  92%|█████████▏| 70/76 [00:06<00:00, 11.22it/s]
11/20 epoch | loss: 0.5119 | accuracy: 88.3%:  95%|█████████▍| 72/76 [00:06<00:00, 11.21it/s]
11/20 epoch | loss: 0.4266 | accuracy: 87.5%:  95%|█████████▍| 72/76 [00:06<00:00, 11.21it/s]
11/20 epoch | loss: 0.4189 | accuracy: 86.7%:  95%|█████████▍| 72/76 [00:06<00:00, 11.21it/s]
11/20 epoch | loss: 0.4189 | accuracy: 86.7%:  97%|█████████▋| 74/76 [00:06<00:00, 11.23it/s]
11/20 epoch | loss: 0.5121 | accuracy: 85.2%:  97%|█████████▋| 74/76 [00:06<00:00, 11.23it/s]
11/20 epoch | loss: 0.4295 | accuracy: 86.7%:  97%|█████████▋| 74/76 [00:06<00:00, 11.23it/s]
11/20 epoch | loss: 0.4295 | accuracy: 86.7%: 100%|██████████| 76/76 [00:06<00:00, 11.34it/s]
11/20 epoch | loss: 0.4295 | accuracy: 86.7%: 100%|██████████| 76/76 [00:06<00:00, 11.44it/s]
train loss: 0.4298 train acc: 86.7% | val loss: 0.8188 val acc: 77.0%
saving checkpoint to checkpoints/classification/05-07_12-20-32/Classification_ckpt_epoch10_metric77.03.ckpt

  0%|          | 0/76 [00:00<?, ?it/s]
12/20 epoch | loss: 0.2837 | accuracy: 94.5%:   0%|          | 0/76 [00:00<?, ?it/s]
12/20 epoch | loss: 0.4871 | accuracy: 87.5%:   0%|          | 0/76 [00:00<?, ?it/s]
12/20 epoch | loss: 0.4871 | accuracy: 87.5%:   3%|▎         | 2/76 [00:00<00:06, 11.79it/s]
12/20 epoch | loss: 0.4253 | accuracy: 83.6%:   3%|▎         | 2/76 [00:00<00:06, 11.79it/s]
12/20 epoch | loss: 0.4912 | accuracy: 85.9%:   3%|▎         | 2/76 [00:00<00:06, 11.79it/s]
12/20 epoch | loss: 0.4912 | accuracy: 85.9%:   5%|▌         | 4/76 [00:00<00:06, 11.67it/s]
12/20 epoch | loss: 0.3377 | accuracy: 86.7%:   5%|▌         | 4/76 [00:00<00:06, 11.67it/s]
12/20 epoch | loss: 0.4382 | accuracy: 86.7%:   5%|▌         | 4/76 [00:00<00:06, 11.67it/s]
12/20 epoch | loss: 0.4382 | accuracy: 86.7%:   8%|▊         | 6/76 [00:00<00:05, 11.73it/s]
12/20 epoch | loss: 0.4078 | accuracy: 87.5%:   8%|▊         | 6/76 [00:00<00:05, 11.73it/s]
12/20 epoch | loss: 0.5694 | accuracy: 82.8%:   8%|▊         | 6/76 [00:00<00:05, 11.73it/s]
12/20 epoch | loss: 0.5694 | accuracy: 82.8%:  11%|█         | 8/76 [00:00<00:05, 11.67it/s]
12/20 epoch | loss: 0.3712 | accuracy: 89.1%:  11%|█         | 8/76 [00:00<00:05, 11.67it/s]
12/20 epoch | loss: 0.3279 | accuracy: 93.0%:  11%|█         | 8/76 [00:00<00:05, 11.67it/s]
12/20 epoch | loss: 0.3279 | accuracy: 93.0%:  13%|█▎        | 10/76 [00:00<00:05, 11.74it/s]
12/20 epoch | loss: 0.2318 | accuracy: 96.1%:  13%|█▎        | 10/76 [00:00<00:05, 11.74it/s]
12/20 epoch | loss: 0.3694 | accuracy: 91.4%:  13%|█▎        | 10/76 [00:01<00:05, 11.74it/s]
12/20 epoch | loss: 0.3694 | accuracy: 91.4%:  16%|█▌        | 12/76 [00:01<00:05, 11.74it/s]
12/20 epoch | loss: 0.3352 | accuracy: 89.1%:  16%|█▌        | 12/76 [00:01<00:05, 11.74it/s]
12/20 epoch | loss: 0.3234 | accuracy: 87.5%:  16%|█▌        | 12/76 [00:01<00:05, 11.74it/s]
12/20 epoch | loss: 0.3234 | accuracy: 87.5%:  18%|█▊        | 14/76 [00:01<00:05, 11.73it/s]
12/20 epoch | loss: 0.4411 | accuracy: 85.2%:  18%|█▊        | 14/76 [00:01<00:05, 11.73it/s]
12/20 epoch | loss: 0.4615 | accuracy: 86.7%:  18%|█▊        | 14/76 [00:01<00:05, 11.73it/s]
12/20 epoch | loss: 0.4615 | accuracy: 86.7%:  21%|██        | 16/76 [00:01<00:05, 11.73it/s]
12/20 epoch | loss: 0.5005 | accuracy: 82.0%:  21%|██        | 16/76 [00:01<00:05, 11.73it/s]
12/20 epoch | loss: 0.4857 | accuracy: 81.2%:  21%|██        | 16/76 [00:01<00:05, 11.73it/s]
12/20 epoch | loss: 0.4857 | accuracy: 81.2%:  24%|██▎       | 18/76 [00:01<00:05, 11.54it/s]
12/20 epoch | loss: 0.3493 | accuracy: 89.8%:  24%|██▎       | 18/76 [00:01<00:05, 11.54it/s]
12/20 epoch | loss: 0.3056 | accuracy: 89.1%:  24%|██▎       | 18/76 [00:01<00:05, 11.54it/s]
12/20 epoch | loss: 0.3056 | accuracy: 89.1%:  26%|██▋       | 20/76 [00:01<00:04, 11.61it/s]
12/20 epoch | loss: 0.4775 | accuracy: 85.2%:  26%|██▋       | 20/76 [00:01<00:04, 11.61it/s]
12/20 epoch | loss: 0.3404 | accuracy: 90.6%:  26%|██▋       | 20/76 [00:01<00:04, 11.61it/s]
12/20 epoch | loss: 0.3404 | accuracy: 90.6%:  29%|██▉       | 22/76 [00:01<00:04, 11.14it/s]
12/20 epoch | loss: 0.5068 | accuracy: 85.2%:  29%|██▉       | 22/76 [00:02<00:04, 11.14it/s]
12/20 epoch | loss: 0.3050 | accuracy: 93.0%:  29%|██▉       | 22/76 [00:02<00:04, 11.14it/s]
12/20 epoch | loss: 0.3050 | accuracy: 93.0%:  32%|███▏      | 24/76 [00:02<00:04, 11.11it/s]
12/20 epoch | loss: 0.4134 | accuracy: 86.7%:  32%|███▏      | 24/76 [00:02<00:04, 11.11it/s]
12/20 epoch | loss: 0.3253 | accuracy: 87.5%:  32%|███▏      | 24/76 [00:02<00:04, 11.11it/s]
12/20 epoch | loss: 0.3253 | accuracy: 87.5%:  34%|███▍      | 26/76 [00:02<00:04, 11.29it/s]
12/20 epoch | loss: 0.4599 | accuracy: 86.7%:  34%|███▍      | 26/76 [00:02<00:04, 11.29it/s]
12/20 epoch | loss: 0.3683 | accuracy: 88.3%:  34%|███▍      | 26/76 [00:02<00:04, 11.29it/s]
12/20 epoch | loss: 0.3683 | accuracy: 88.3%:  37%|███▋      | 28/76 [00:02<00:04, 11.43it/s]
12/20 epoch | loss: 0.4274 | accuracy: 88.3%:  37%|███▋      | 28/76 [00:02<00:04, 11.43it/s]
12/20 epoch | loss: 0.6007 | accuracy: 82.8%:  37%|███▋      | 28/76 [00:02<00:04, 11.43it/s]
12/20 epoch | loss: 0.6007 | accuracy: 82.8%:  39%|███▉      | 30/76 [00:02<00:03, 11.52it/s]
12/20 epoch | loss: 0.4874 | accuracy: 87.5%:  39%|███▉      | 30/76 [00:02<00:03, 11.52it/s]
12/20 epoch | loss: 0.4370 | accuracy: 86.7%:  39%|███▉      | 30/76 [00:02<00:03, 11.52it/s]
12/20 epoch | loss: 0.4370 | accuracy: 86.7%:  42%|████▏     | 32/76 [00:02<00:03, 11.60it/s]
12/20 epoch | loss: 0.4613 | accuracy: 86.7%:  42%|████▏     | 32/76 [00:02<00:03, 11.60it/s]
12/20 epoch | loss: 0.5267 | accuracy: 82.8%:  42%|████▏     | 32/76 [00:02<00:03, 11.60it/s]
12/20 epoch | loss: 0.5267 | accuracy: 82.8%:  45%|████▍     | 34/76 [00:02<00:03, 11.61it/s]
12/20 epoch | loss: 0.3291 | accuracy: 92.2%:  45%|████▍     | 34/76 [00:03<00:03, 11.61it/s]
12/20 epoch | loss: 0.3039 | accuracy: 91.4%:  45%|████▍     | 34/76 [00:03<00:03, 11.61it/s]
12/20 epoch | loss: 0.3039 | accuracy: 91.4%:  47%|████▋     | 36/76 [00:03<00:03, 11.65it/s]
12/20 epoch | loss: 0.4501 | accuracy: 88.3%:  47%|████▋     | 36/76 [00:03<00:03, 11.65it/s]
12/20 epoch | loss: 0.3672 | accuracy: 88.3%:  47%|████▋     | 36/76 [00:03<00:03, 11.65it/s]
12/20 epoch | loss: 0.3672 | accuracy: 88.3%:  50%|█████     | 38/76 [00:03<00:03, 11.60it/s]
12/20 epoch | loss: 0.4279 | accuracy: 85.9%:  50%|█████     | 38/76 [00:03<00:03, 11.60it/s]
12/20 epoch | loss: 0.4376 | accuracy: 83.6%:  50%|█████     | 38/76 [00:03<00:03, 11.60it/s]
12/20 epoch | loss: 0.4376 | accuracy: 83.6%:  53%|█████▎    | 40/76 [00:03<00:03, 11.66it/s]
12/20 epoch | loss: 0.5014 | accuracy: 84.4%:  53%|█████▎    | 40/76 [00:03<00:03, 11.66it/s]
12/20 epoch | loss: 0.4055 | accuracy: 86.7%:  53%|█████▎    | 40/76 [00:03<00:03, 11.66it/s]
12/20 epoch | loss: 0.4055 | accuracy: 86.7%:  55%|█████▌    | 42/76 [00:03<00:02, 11.68it/s]
12/20 epoch | loss: 0.3679 | accuracy: 89.8%:  55%|█████▌    | 42/76 [00:03<00:02, 11.68it/s]
12/20 epoch | loss: 0.3634 | accuracy: 89.8%:  55%|█████▌    | 42/76 [00:03<00:02, 11.68it/s]
12/20 epoch | loss: 0.3634 | accuracy: 89.8%:  58%|█████▊    | 44/76 [00:03<00:02, 11.72it/s]
12/20 epoch | loss: 0.2940 | accuracy: 89.8%:  58%|█████▊    | 44/76 [00:03<00:02, 11.72it/s]
12/20 epoch | loss: 0.5597 | accuracy: 82.0%:  58%|█████▊    | 44/76 [00:03<00:02, 11.72it/s]
12/20 epoch | loss: 0.5597 | accuracy: 82.0%:  61%|██████    | 46/76 [00:03<00:02, 11.34it/s]
12/20 epoch | loss: 0.4402 | accuracy: 86.7%:  61%|██████    | 46/76 [00:04<00:02, 11.34it/s]
12/20 epoch | loss: 0.3864 | accuracy: 90.6%:  61%|██████    | 46/76 [00:04<00:02, 11.34it/s]
12/20 epoch | loss: 0.3864 | accuracy: 90.6%:  63%|██████▎   | 48/76 [00:04<00:02, 11.43it/s]
12/20 epoch | loss: 0.4030 | accuracy: 89.1%:  63%|██████▎   | 48/76 [00:04<00:02, 11.43it/s]
12/20 epoch | loss: 0.3128 | accuracy: 89.8%:  63%|██████▎   | 48/76 [00:04<00:02, 11.43it/s]
12/20 epoch | loss: 0.3128 | accuracy: 89.8%:  66%|██████▌   | 50/76 [00:04<00:02, 11.37it/s]
12/20 epoch | loss: 0.3661 | accuracy: 88.3%:  66%|██████▌   | 50/76 [00:04<00:02, 11.37it/s]
12/20 epoch | loss: 0.3284 | accuracy: 89.1%:  66%|██████▌   | 50/76 [00:04<00:02, 11.37it/s]
12/20 epoch | loss: 0.3284 | accuracy: 89.1%:  68%|██████▊   | 52/76 [00:04<00:02, 11.47it/s]
12/20 epoch | loss: 0.4040 | accuracy: 85.2%:  68%|██████▊   | 52/76 [00:04<00:02, 11.47it/s]
12/20 epoch | loss: 0.3751 | accuracy: 89.1%:  68%|██████▊   | 52/76 [00:04<00:02, 11.47it/s]
12/20 epoch | loss: 0.3751 | accuracy: 89.1%:  71%|███████   | 54/76 [00:04<00:01, 11.54it/s]
12/20 epoch | loss: 0.3775 | accuracy: 85.9%:  71%|███████   | 54/76 [00:04<00:01, 11.54it/s]
12/20 epoch | loss: 0.3749 | accuracy: 85.9%:  71%|███████   | 54/76 [00:04<00:01, 11.54it/s]
12/20 epoch | loss: 0.3749 | accuracy: 85.9%:  74%|███████▎  | 56/76 [00:04<00:01, 11.61it/s]
12/20 epoch | loss: 0.5513 | accuracy: 83.6%:  74%|███████▎  | 56/76 [00:04<00:01, 11.61it/s]
12/20 epoch | loss: 0.4712 | accuracy: 85.2%:  74%|███████▎  | 56/76 [00:05<00:01, 11.61it/s]
12/20 epoch | loss: 0.4712 | accuracy: 85.2%:  76%|███████▋  | 58/76 [00:05<00:01, 11.66it/s]
12/20 epoch | loss: 0.3938 | accuracy: 85.2%:  76%|███████▋  | 58/76 [00:05<00:01, 11.66it/s]
12/20 epoch | loss: 0.3397 | accuracy: 91.4%:  76%|███████▋  | 58/76 [00:05<00:01, 11.66it/s]
12/20 epoch | loss: 0.3397 | accuracy: 91.4%:  79%|███████▉  | 60/76 [00:05<00:01, 11.70it/s]
12/20 epoch | loss: 0.5938 | accuracy: 85.2%:  79%|███████▉  | 60/76 [00:05<00:01, 11.70it/s]
12/20 epoch | loss: 0.3247 | accuracy: 92.2%:  79%|███████▉  | 60/76 [00:05<00:01, 11.70it/s]
12/20 epoch | loss: 0.3247 | accuracy: 92.2%:  82%|████████▏ | 62/76 [00:05<00:01, 11.73it/s]
12/20 epoch | loss: 0.6138 | accuracy: 82.8%:  82%|████████▏ | 62/76 [00:05<00:01, 11.73it/s]
12/20 epoch | loss: 0.4270 | accuracy: 89.1%:  82%|████████▏ | 62/76 [00:05<00:01, 11.73it/s]
12/20 epoch | loss: 0.4270 | accuracy: 89.1%:  84%|████████▍ | 64/76 [00:05<00:01, 11.76it/s]
12/20 epoch | loss: 0.3984 | accuracy: 89.1%:  84%|████████▍ | 64/76 [00:05<00:01, 11.76it/s]
12/20 epoch | loss: 0.6631 | accuracy: 82.0%:  84%|████████▍ | 64/76 [00:05<00:01, 11.76it/s]
12/20 epoch | loss: 0.6631 | accuracy: 82.0%:  87%|████████▋ | 66/76 [00:05<00:00, 11.74it/s]
12/20 epoch | loss: 0.4345 | accuracy: 85.9%:  87%|████████▋ | 66/76 [00:05<00:00, 11.74it/s]
12/20 epoch | loss: 0.4773 | accuracy: 83.6%:  87%|████████▋ | 66/76 [00:05<00:00, 11.74it/s]
12/20 epoch | loss: 0.4773 | accuracy: 83.6%:  89%|████████▉ | 68/76 [00:05<00:00, 11.75it/s]
12/20 epoch | loss: 0.3954 | accuracy: 88.3%:  89%|████████▉ | 68/76 [00:05<00:00, 11.75it/s]
12/20 epoch | loss: 0.4062 | accuracy: 89.1%:  89%|████████▉ | 68/76 [00:06<00:00, 11.75it/s]
12/20 epoch | loss: 0.4062 | accuracy: 89.1%:  92%|█████████▏| 70/76 [00:06<00:00, 11.34it/s]
12/20 epoch | loss: 0.2703 | accuracy: 89.8%:  92%|█████████▏| 70/76 [00:06<00:00, 11.34it/s]
12/20 epoch | loss: 0.4529 | accuracy: 85.9%:  92%|█████████▏| 70/76 [00:06<00:00, 11.34it/s]
12/20 epoch | loss: 0.4529 | accuracy: 85.9%:  95%|█████████▍| 72/76 [00:06<00:00, 11.48it/s]
12/20 epoch | loss: 0.5146 | accuracy: 84.4%:  95%|█████████▍| 72/76 [00:06<00:00, 11.48it/s]
12/20 epoch | loss: 0.3278 | accuracy: 89.1%:  95%|█████████▍| 72/76 [00:06<00:00, 11.48it/s]
12/20 epoch | loss: 0.3278 | accuracy: 89.1%:  97%|█████████▋| 74/76 [00:06<00:00, 11.58it/s]
12/20 epoch | loss: 0.4903 | accuracy: 85.9%:  97%|█████████▋| 74/76 [00:06<00:00, 11.58it/s]
12/20 epoch | loss: 0.4488 | accuracy: 84.4%:  97%|█████████▋| 74/76 [00:06<00:00, 11.58it/s]
12/20 epoch | loss: 0.4488 | accuracy: 84.4%: 100%|██████████| 76/76 [00:06<00:00, 11.15it/s]
12/20 epoch | loss: 0.4488 | accuracy: 84.4%: 100%|██████████| 76/76 [00:06<00:00, 11.53it/s]
train loss: 0.4165 train acc: 87.3% | val loss: 1.0370 val acc: 70.9%

  0%|          | 0/76 [00:00<?, ?it/s]
13/20 epoch | loss: 0.2972 | accuracy: 90.6%:   0%|          | 0/76 [00:00<?, ?it/s]
13/20 epoch | loss: 0.3228 | accuracy: 91.4%:   0%|          | 0/76 [00:00<?, ?it/s]
13/20 epoch | loss: 0.3228 | accuracy: 91.4%:   3%|▎         | 2/76 [00:00<00:06, 11.04it/s]
13/20 epoch | loss: 0.3687 | accuracy: 89.8%:   3%|▎         | 2/76 [00:00<00:06, 11.04it/s]
13/20 epoch | loss: 0.6067 | accuracy: 80.5%:   3%|▎         | 2/76 [00:00<00:06, 11.04it/s]
13/20 epoch | loss: 0.6067 | accuracy: 80.5%:   5%|▌         | 4/76 [00:00<00:06, 10.42it/s]
13/20 epoch | loss: 0.3467 | accuracy: 89.8%:   5%|▌         | 4/76 [00:00<00:06, 10.42it/s]
13/20 epoch | loss: 0.2776 | accuracy: 90.6%:   5%|▌         | 4/76 [00:00<00:06, 10.42it/s]
13/20 epoch | loss: 0.2776 | accuracy: 90.6%:   8%|▊         | 6/76 [00:00<00:06, 10.97it/s]
13/20 epoch | loss: 0.6636 | accuracy: 78.1%:   8%|▊         | 6/76 [00:00<00:06, 10.97it/s]
13/20 epoch | loss: 0.3844 | accuracy: 91.4%:   8%|▊         | 6/76 [00:00<00:06, 10.97it/s]
13/20 epoch | loss: 0.3844 | accuracy: 91.4%:  11%|█         | 8/76 [00:00<00:06, 11.27it/s]
13/20 epoch | loss: 0.4673 | accuracy: 82.8%:  11%|█         | 8/76 [00:00<00:06, 11.27it/s]
13/20 epoch | loss: 0.4368 | accuracy: 84.4%:  11%|█         | 8/76 [00:00<00:06, 11.27it/s]
13/20 epoch | loss: 0.4368 | accuracy: 84.4%:  13%|█▎        | 10/76 [00:00<00:05, 11.34it/s]
13/20 epoch | loss: 0.2880 | accuracy: 93.0%:  13%|█▎        | 10/76 [00:00<00:05, 11.34it/s]
13/20 epoch | loss: 0.3770 | accuracy: 85.9%:  13%|█▎        | 10/76 [00:01<00:05, 11.34it/s]
13/20 epoch | loss: 0.3770 | accuracy: 85.9%:  16%|█▌        | 12/76 [00:01<00:05, 11.45it/s]
13/20 epoch | loss: 0.3363 | accuracy: 91.4%:  16%|█▌        | 12/76 [00:01<00:05, 11.45it/s]
13/20 epoch | loss: 0.5439 | accuracy: 82.8%:  16%|█▌        | 12/76 [00:01<00:05, 11.45it/s]
13/20 epoch | loss: 0.5439 | accuracy: 82.8%:  18%|█▊        | 14/76 [00:01<00:05, 11.56it/s]
13/20 epoch | loss: 0.2829 | accuracy: 90.6%:  18%|█▊        | 14/76 [00:01<00:05, 11.56it/s]
13/20 epoch | loss: 0.5901 | accuracy: 84.4%:  18%|█▊        | 14/76 [00:01<00:05, 11.56it/s]
13/20 epoch | loss: 0.5901 | accuracy: 84.4%:  21%|██        | 16/76 [00:01<00:05, 11.63it/s]
13/20 epoch | loss: 0.4721 | accuracy: 81.2%:  21%|██        | 16/76 [00:01<00:05, 11.63it/s]
13/20 epoch | loss: 0.4120 | accuracy: 84.4%:  21%|██        | 16/76 [00:01<00:05, 11.63it/s]
13/20 epoch | loss: 0.4120 | accuracy: 84.4%:  24%|██▎       | 18/76 [00:01<00:05, 11.58it/s]
13/20 epoch | loss: 0.2945 | accuracy: 91.4%:  24%|██▎       | 18/76 [00:01<00:05, 11.58it/s]
13/20 epoch | loss: 0.4332 | accuracy: 87.5%:  24%|██▎       | 18/76 [00:01<00:05, 11.58it/s]
13/20 epoch | loss: 0.4332 | accuracy: 87.5%:  26%|██▋       | 20/76 [00:01<00:04, 11.62it/s]
13/20 epoch | loss: 0.4850 | accuracy: 78.9%:  26%|██▋       | 20/76 [00:01<00:04, 11.62it/s]
13/20 epoch | loss: 0.3046 | accuracy: 89.1%:  26%|██▋       | 20/76 [00:01<00:04, 11.62it/s]
13/20 epoch | loss: 0.3046 | accuracy: 89.1%:  29%|██▉       | 22/76 [00:01<00:04, 11.68it/s]
13/20 epoch | loss: 0.5488 | accuracy: 82.8%:  29%|██▉       | 22/76 [00:02<00:04, 11.68it/s]
13/20 epoch | loss: 0.3783 | accuracy: 86.7%:  29%|██▉       | 22/76 [00:02<00:04, 11.68it/s]
13/20 epoch | loss: 0.3783 | accuracy: 86.7%:  32%|███▏      | 24/76 [00:02<00:04, 11.67it/s]
13/20 epoch | loss: 0.3140 | accuracy: 90.6%:  32%|███▏      | 24/76 [00:02<00:04, 11.67it/s]
13/20 epoch | loss: 0.4727 | accuracy: 89.1%:  32%|███▏      | 24/76 [00:02<00:04, 11.67it/s]
13/20 epoch | loss: 0.4727 | accuracy: 89.1%:  34%|███▍      | 26/76 [00:02<00:04, 11.51it/s]
13/20 epoch | loss: 0.4466 | accuracy: 85.2%:  34%|███▍      | 26/76 [00:02<00:04, 11.51it/s]
13/20 epoch | loss: 0.3181 | accuracy: 89.8%:  34%|███▍      | 26/76 [00:02<00:04, 11.51it/s]
13/20 epoch | loss: 0.3181 | accuracy: 89.8%:  37%|███▋      | 28/76 [00:02<00:04, 11.32it/s]
13/20 epoch | loss: 0.4120 | accuracy: 85.9%:  37%|███▋      | 28/76 [00:02<00:04, 11.32it/s]
13/20 epoch | loss: 0.4624 | accuracy: 85.2%:  37%|███▋      | 28/76 [00:02<00:04, 11.32it/s]
13/20 epoch | loss: 0.4624 | accuracy: 85.2%:  39%|███▉      | 30/76 [00:02<00:04, 11.45it/s]
13/20 epoch | loss: 0.4671 | accuracy: 85.2%:  39%|███▉      | 30/76 [00:02<00:04, 11.45it/s]
13/20 epoch | loss: 0.4237 | accuracy: 86.7%:  39%|███▉      | 30/76 [00:02<00:04, 11.45it/s]
13/20 epoch | loss: 0.4237 | accuracy: 86.7%:  42%|████▏     | 32/76 [00:02<00:03, 11.42it/s]
13/20 epoch | loss: 0.3266 | accuracy: 90.6%:  42%|████▏     | 32/76 [00:02<00:03, 11.42it/s]
13/20 epoch | loss: 0.2717 | accuracy: 93.0%:  42%|████▏     | 32/76 [00:02<00:03, 11.42it/s]
13/20 epoch | loss: 0.2717 | accuracy: 93.0%:  45%|████▍     | 34/76 [00:02<00:03, 11.54it/s]
13/20 epoch | loss: 0.3732 | accuracy: 89.1%:  45%|████▍     | 34/76 [00:03<00:03, 11.54it/s]
13/20 epoch | loss: 0.5049 | accuracy: 82.8%:  45%|████▍     | 34/76 [00:03<00:03, 11.54it/s]
13/20 epoch | loss: 0.5049 | accuracy: 82.8%:  47%|████▋     | 36/76 [00:03<00:03, 11.63it/s]
13/20 epoch | loss: 0.3146 | accuracy: 89.8%:  47%|████▋     | 36/76 [00:03<00:03, 11.63it/s]
13/20 epoch | loss: 0.3525 | accuracy: 88.3%:  47%|████▋     | 36/76 [00:03<00:03, 11.63it/s]
13/20 epoch | loss: 0.3525 | accuracy: 88.3%:  50%|█████     | 38/76 [00:03<00:03, 11.66it/s]
13/20 epoch | loss: 0.3648 | accuracy: 85.9%:  50%|█████     | 38/76 [00:03<00:03, 11.66it/s]
13/20 epoch | loss: 0.4578 | accuracy: 87.5%:  50%|█████     | 38/76 [00:03<00:03, 11.66it/s]
13/20 epoch | loss: 0.4578 | accuracy: 87.5%:  53%|█████▎    | 40/76 [00:03<00:03, 11.69it/s]
13/20 epoch | loss: 0.4201 | accuracy: 89.1%:  53%|█████▎    | 40/76 [00:03<00:03, 11.69it/s]
13/20 epoch | loss: 0.3147 | accuracy: 89.1%:  53%|█████▎    | 40/76 [00:03<00:03, 11.69it/s]
13/20 epoch | loss: 0.3147 | accuracy: 89.1%:  55%|█████▌    | 42/76 [00:03<00:02, 11.56it/s]
13/20 epoch | loss: 0.3470 | accuracy: 87.5%:  55%|█████▌    | 42/76 [00:03<00:02, 11.56it/s]
13/20 epoch | loss: 0.2783 | accuracy: 91.4%:  55%|█████▌    | 42/76 [00:03<00:02, 11.56it/s]
13/20 epoch | loss: 0.2783 | accuracy: 91.4%:  58%|█████▊    | 44/76 [00:03<00:02, 11.63it/s]
13/20 epoch | loss: 0.3105 | accuracy: 93.0%:  58%|█████▊    | 44/76 [00:03<00:02, 11.63it/s]
13/20 epoch | loss: 0.2779 | accuracy: 91.4%:  58%|█████▊    | 44/76 [00:03<00:02, 11.63it/s]
13/20 epoch | loss: 0.2779 | accuracy: 91.4%:  61%|██████    | 46/76 [00:03<00:02, 11.65it/s]
13/20 epoch | loss: 0.3530 | accuracy: 87.5%:  61%|██████    | 46/76 [00:04<00:02, 11.65it/s]
13/20 epoch | loss: 0.4820 | accuracy: 85.2%:  61%|██████    | 46/76 [00:04<00:02, 11.65it/s]
13/20 epoch | loss: 0.4820 | accuracy: 85.2%:  63%|██████▎   | 48/76 [00:04<00:02, 11.55it/s]
13/20 epoch | loss: 0.4695 | accuracy: 88.3%:  63%|██████▎   | 48/76 [00:04<00:02, 11.55it/s]
13/20 epoch | loss: 0.5277 | accuracy: 82.0%:  63%|██████▎   | 48/76 [00:04<00:02, 11.55it/s]
13/20 epoch | loss: 0.5277 | accuracy: 82.0%:  66%|██████▌   | 50/76 [00:04<00:02, 11.49it/s]
13/20 epoch | loss: 0.3742 | accuracy: 89.8%:  66%|██████▌   | 50/76 [00:04<00:02, 11.49it/s]
13/20 epoch | loss: 0.2842 | accuracy: 92.2%:  66%|██████▌   | 50/76 [00:04<00:02, 11.49it/s]
13/20 epoch | loss: 0.2842 | accuracy: 92.2%:  68%|██████▊   | 52/76 [00:04<00:02, 11.34it/s]
13/20 epoch | loss: 0.2409 | accuracy: 94.5%:  68%|██████▊   | 52/76 [00:04<00:02, 11.34it/s]
13/20 epoch | loss: 0.3657 | accuracy: 89.8%:  68%|██████▊   | 52/76 [00:04<00:02, 11.34it/s]
13/20 epoch | loss: 0.3657 | accuracy: 89.8%:  71%|███████   | 54/76 [00:04<00:01, 11.30it/s]
13/20 epoch | loss: 0.2928 | accuracy: 93.8%:  71%|███████   | 54/76 [00:04<00:01, 11.30it/s]
13/20 epoch | loss: 0.3610 | accuracy: 88.3%:  71%|███████   | 54/76 [00:04<00:01, 11.30it/s]
13/20 epoch | loss: 0.3610 | accuracy: 88.3%:  74%|███████▎  | 56/76 [00:04<00:01, 11.43it/s]
13/20 epoch | loss: 0.4817 | accuracy: 84.4%:  74%|███████▎  | 56/76 [00:04<00:01, 11.43it/s]
13/20 epoch | loss: 0.4074 | accuracy: 88.3%:  74%|███████▎  | 56/76 [00:05<00:01, 11.43it/s]
13/20 epoch | loss: 0.4074 | accuracy: 88.3%:  76%|███████▋  | 58/76 [00:05<00:01, 11.47it/s]
13/20 epoch | loss: 0.4437 | accuracy: 84.4%:  76%|███████▋  | 58/76 [00:05<00:01, 11.47it/s]
13/20 epoch | loss: 0.5588 | accuracy: 80.5%:  76%|███████▋  | 58/76 [00:05<00:01, 11.47it/s]
13/20 epoch | loss: 0.5588 | accuracy: 80.5%:  79%|███████▉  | 60/76 [00:05<00:01, 11.53it/s]
13/20 epoch | loss: 0.4954 | accuracy: 84.4%:  79%|███████▉  | 60/76 [00:05<00:01, 11.53it/s]
13/20 epoch | loss: 0.3125 | accuracy: 90.6%:  79%|███████▉  | 60/76 [00:05<00:01, 11.53it/s]
13/20 epoch | loss: 0.3125 | accuracy: 90.6%:  82%|████████▏ | 62/76 [00:05<00:01, 11.60it/s]
13/20 epoch | loss: 0.3556 | accuracy: 87.5%:  82%|████████▏ | 62/76 [00:05<00:01, 11.60it/s]
13/20 epoch | loss: 0.5696 | accuracy: 82.8%:  82%|████████▏ | 62/76 [00:05<00:01, 11.60it/s]
13/20 epoch | loss: 0.5696 | accuracy: 82.8%:  84%|████████▍ | 64/76 [00:05<00:01, 11.61it/s]
13/20 epoch | loss: 0.4060 | accuracy: 86.7%:  84%|████████▍ | 64/76 [00:05<00:01, 11.61it/s]
13/20 epoch | loss: 0.3789 | accuracy: 84.4%:  84%|████████▍ | 64/76 [00:05<00:01, 11.61it/s]
13/20 epoch | loss: 0.3789 | accuracy: 84.4%:  87%|████████▋ | 66/76 [00:05<00:00, 11.64it/s]
13/20 epoch | loss: 0.3307 | accuracy: 90.6%:  87%|████████▋ | 66/76 [00:05<00:00, 11.64it/s]
13/20 epoch | loss: 0.3464 | accuracy: 90.6%:  87%|████████▋ | 66/76 [00:05<00:00, 11.64it/s]
13/20 epoch | loss: 0.3464 | accuracy: 90.6%:  89%|████████▉ | 68/76 [00:05<00:00, 11.69it/s]
13/20 epoch | loss: 0.3739 | accuracy: 89.8%:  89%|████████▉ | 68/76 [00:05<00:00, 11.69it/s]
13/20 epoch | loss: 0.5145 | accuracy: 85.9%:  89%|████████▉ | 68/76 [00:06<00:00, 11.69it/s]
13/20 epoch | loss: 0.5145 | accuracy: 85.9%:  92%|█████████▏| 70/76 [00:06<00:00, 11.72it/s]
13/20 epoch | loss: 0.3168 | accuracy: 89.8%:  92%|█████████▏| 70/76 [00:06<00:00, 11.72it/s]
13/20 epoch | loss: 0.6006 | accuracy: 85.2%:  92%|█████████▏| 70/76 [00:06<00:00, 11.72it/s]
13/20 epoch | loss: 0.6006 | accuracy: 85.2%:  95%|█████████▍| 72/76 [00:06<00:00, 11.73it/s]
13/20 epoch | loss: 0.4074 | accuracy: 90.6%:  95%|█████████▍| 72/76 [00:06<00:00, 11.73it/s]
13/20 epoch | loss: 0.5271 | accuracy: 82.0%:  95%|█████████▍| 72/76 [00:06<00:00, 11.73it/s]
13/20 epoch | loss: 0.5271 | accuracy: 82.0%:  97%|█████████▋| 74/76 [00:06<00:00, 11.63it/s]
13/20 epoch | loss: 0.2204 | accuracy: 92.2%:  97%|█████████▋| 74/76 [00:06<00:00, 11.63it/s]
13/20 epoch | loss: 0.3327 | accuracy: 89.8%:  97%|█████████▋| 74/76 [00:06<00:00, 11.63it/s]
13/20 epoch | loss: 0.3327 | accuracy: 89.8%: 100%|██████████| 76/76 [00:06<00:00, 11.40it/s]
13/20 epoch | loss: 0.3327 | accuracy: 89.8%: 100%|██████████| 76/76 [00:06<00:00, 11.50it/s]
train loss: 0.3984 train acc: 87.6% | val loss: 0.8303 val acc: 75.9%

  0%|          | 0/76 [00:00<?, ?it/s]
14/20 epoch | loss: 0.4930 | accuracy: 84.4%:   0%|          | 0/76 [00:00<?, ?it/s]
14/20 epoch | loss: 0.4143 | accuracy: 84.4%:   0%|          | 0/76 [00:00<?, ?it/s]
14/20 epoch | loss: 0.4143 | accuracy: 84.4%:   3%|▎         | 2/76 [00:00<00:06, 11.61it/s]
14/20 epoch | loss: 0.6078 | accuracy: 83.6%:   3%|▎         | 2/76 [00:00<00:06, 11.61it/s]
14/20 epoch | loss: 0.4133 | accuracy: 87.5%:   3%|▎         | 2/76 [00:00<00:06, 11.61it/s]
14/20 epoch | loss: 0.4133 | accuracy: 87.5%:   5%|▌         | 4/76 [00:00<00:06, 11.68it/s]
14/20 epoch | loss: 0.2366 | accuracy: 91.4%:   5%|▌         | 4/76 [00:00<00:06, 11.68it/s]
14/20 epoch | loss: 0.3818 | accuracy: 88.3%:   5%|▌         | 4/76 [00:00<00:06, 11.68it/s]
14/20 epoch | loss: 0.3818 | accuracy: 88.3%:   8%|▊         | 6/76 [00:00<00:05, 11.74it/s]
14/20 epoch | loss: 0.4508 | accuracy: 87.5%:   8%|▊         | 6/76 [00:00<00:05, 11.74it/s]
14/20 epoch | loss: 0.4046 | accuracy: 88.3%:   8%|▊         | 6/76 [00:00<00:05, 11.74it/s]
14/20 epoch | loss: 0.4046 | accuracy: 88.3%:  11%|█         | 8/76 [00:00<00:06, 11.09it/s]
14/20 epoch | loss: 0.3703 | accuracy: 89.8%:  11%|█         | 8/76 [00:00<00:06, 11.09it/s]
14/20 epoch | loss: 0.4905 | accuracy: 83.6%:  11%|█         | 8/76 [00:00<00:06, 11.09it/s]
14/20 epoch | loss: 0.4905 | accuracy: 83.6%:  13%|█▎        | 10/76 [00:00<00:06, 10.43it/s]
14/20 epoch | loss: 0.4899 | accuracy: 85.2%:  13%|█▎        | 10/76 [00:01<00:06, 10.43it/s]
14/20 epoch | loss: 0.2428 | accuracy: 92.2%:  13%|█▎        | 10/76 [00:01<00:06, 10.43it/s]
14/20 epoch | loss: 0.2428 | accuracy: 92.2%:  16%|█▌        | 12/76 [00:01<00:05, 10.82it/s]
14/20 epoch | loss: 0.3574 | accuracy: 89.1%:  16%|█▌        | 12/76 [00:01<00:05, 10.82it/s]
14/20 epoch | loss: 0.4042 | accuracy: 85.9%:  16%|█▌        | 12/76 [00:01<00:05, 10.82it/s]
14/20 epoch | loss: 0.4042 | accuracy: 85.9%:  18%|█▊        | 14/76 [00:01<00:05, 10.90it/s]
14/20 epoch | loss: 0.3427 | accuracy: 90.6%:  18%|█▊        | 14/76 [00:01<00:05, 10.90it/s]
14/20 epoch | loss: 0.3410 | accuracy: 87.5%:  18%|█▊        | 14/76 [00:01<00:05, 10.90it/s]
14/20 epoch | loss: 0.3410 | accuracy: 87.5%:  21%|██        | 16/76 [00:01<00:05, 11.11it/s]
14/20 epoch | loss: 0.3741 | accuracy: 86.7%:  21%|██        | 16/76 [00:01<00:05, 11.11it/s]
14/20 epoch | loss: 0.4108 | accuracy: 88.3%:  21%|██        | 16/76 [00:01<00:05, 11.11it/s]
14/20 epoch | loss: 0.4108 | accuracy: 88.3%:  24%|██▎       | 18/76 [00:01<00:05, 11.24it/s]
14/20 epoch | loss: 0.3574 | accuracy: 89.1%:  24%|██▎       | 18/76 [00:01<00:05, 11.24it/s]
14/20 epoch | loss: 0.3233 | accuracy: 87.5%:  24%|██▎       | 18/76 [00:01<00:05, 11.24it/s]
14/20 epoch | loss: 0.3233 | accuracy: 87.5%:  26%|██▋       | 20/76 [00:01<00:04, 11.35it/s]
14/20 epoch | loss: 0.3638 | accuracy: 89.8%:  26%|██▋       | 20/76 [00:01<00:04, 11.35it/s]
14/20 epoch | loss: 0.2894 | accuracy: 88.3%:  26%|██▋       | 20/76 [00:01<00:04, 11.35it/s]
14/20 epoch | loss: 0.2894 | accuracy: 88.3%:  29%|██▉       | 22/76 [00:01<00:04, 11.46it/s]
14/20 epoch | loss: 0.4144 | accuracy: 86.7%:  29%|██▉       | 22/76 [00:02<00:04, 11.46it/s]
14/20 epoch | loss: 0.4380 | accuracy: 87.5%:  29%|██▉       | 22/76 [00:02<00:04, 11.46it/s]
14/20 epoch | loss: 0.4380 | accuracy: 87.5%:  32%|███▏      | 24/76 [00:02<00:04, 11.54it/s]
14/20 epoch | loss: 0.3724 | accuracy: 88.3%:  32%|███▏      | 24/76 [00:02<00:04, 11.54it/s]
14/20 epoch | loss: 0.4572 | accuracy: 85.2%:  32%|███▏      | 24/76 [00:02<00:04, 11.54it/s]
14/20 epoch | loss: 0.4572 | accuracy: 85.2%:  34%|███▍      | 26/76 [00:02<00:04, 11.58it/s]
14/20 epoch | loss: 0.3659 | accuracy: 86.7%:  34%|███▍      | 26/76 [00:02<00:04, 11.58it/s]
14/20 epoch | loss: 0.4110 | accuracy: 84.4%:  34%|███▍      | 26/76 [00:02<00:04, 11.58it/s]
14/20 epoch | loss: 0.4110 | accuracy: 84.4%:  37%|███▋      | 28/76 [00:02<00:04, 11.47it/s]
14/20 epoch | loss: 0.3405 | accuracy: 89.1%:  37%|███▋      | 28/76 [00:02<00:04, 11.47it/s]
14/20 epoch | loss: 0.3126 | accuracy: 89.1%:  37%|███▋      | 28/76 [00:02<00:04, 11.47it/s]
14/20 epoch | loss: 0.3126 | accuracy: 89.1%:  39%|███▉      | 30/76 [00:02<00:04, 11.35it/s]
14/20 epoch | loss: 0.6058 | accuracy: 82.0%:  39%|███▉      | 30/76 [00:02<00:04, 11.35it/s]
14/20 epoch | loss: 0.3663 | accuracy: 89.1%:  39%|███▉      | 30/76 [00:02<00:04, 11.35it/s]
14/20 epoch | loss: 0.3663 | accuracy: 89.1%:  42%|████▏     | 32/76 [00:02<00:03, 11.11it/s]
14/20 epoch | loss: 0.4752 | accuracy: 85.9%:  42%|████▏     | 32/76 [00:02<00:03, 11.11it/s]
14/20 epoch | loss: 0.3973 | accuracy: 88.3%:  42%|████▏     | 32/76 [00:03<00:03, 11.11it/s]
14/20 epoch | loss: 0.3973 | accuracy: 88.3%:  45%|████▍     | 34/76 [00:03<00:03, 11.29it/s]
14/20 epoch | loss: 0.3321 | accuracy: 91.4%:  45%|████▍     | 34/76 [00:03<00:03, 11.29it/s]
14/20 epoch | loss: 0.3668 | accuracy: 89.8%:  45%|████▍     | 34/76 [00:03<00:03, 11.29it/s]
14/20 epoch | loss: 0.3668 | accuracy: 89.8%:  47%|████▋     | 36/76 [00:03<00:03, 11.33it/s]
14/20 epoch | loss: 0.3791 | accuracy: 87.5%:  47%|████▋     | 36/76 [00:03<00:03, 11.33it/s]
14/20 epoch | loss: 0.4275 | accuracy: 87.5%:  47%|████▋     | 36/76 [00:03<00:03, 11.33it/s]
14/20 epoch | loss: 0.4275 | accuracy: 87.5%:  50%|█████     | 38/76 [00:03<00:03, 10.96it/s]
14/20 epoch | loss: 0.4852 | accuracy: 81.2%:  50%|█████     | 38/76 [00:03<00:03, 10.96it/s]
14/20 epoch | loss: 0.4577 | accuracy: 86.7%:  50%|█████     | 38/76 [00:03<00:03, 10.96it/s]
14/20 epoch | loss: 0.4577 | accuracy: 86.7%:  53%|█████▎    | 40/76 [00:03<00:03, 11.16it/s]
14/20 epoch | loss: 0.3808 | accuracy: 86.7%:  53%|█████▎    | 40/76 [00:03<00:03, 11.16it/s]
14/20 epoch | loss: 0.4655 | accuracy: 83.6%:  53%|█████▎    | 40/76 [00:03<00:03, 11.16it/s]
14/20 epoch | loss: 0.4655 | accuracy: 83.6%:  55%|█████▌    | 42/76 [00:03<00:03, 11.32it/s]
14/20 epoch | loss: 0.3490 | accuracy: 88.3%:  55%|█████▌    | 42/76 [00:03<00:03, 11.32it/s]
14/20 epoch | loss: 0.4192 | accuracy: 88.3%:  55%|█████▌    | 42/76 [00:03<00:03, 11.32it/s]
14/20 epoch | loss: 0.4192 | accuracy: 88.3%:  58%|█████▊    | 44/76 [00:03<00:02, 11.30it/s]
14/20 epoch | loss: 0.3762 | accuracy: 89.1%:  58%|█████▊    | 44/76 [00:03<00:02, 11.30it/s]
14/20 epoch | loss: 0.3016 | accuracy: 87.5%:  58%|█████▊    | 44/76 [00:04<00:02, 11.30it/s]
14/20 epoch | loss: 0.3016 | accuracy: 87.5%:  61%|██████    | 46/76 [00:04<00:02, 11.45it/s]
14/20 epoch | loss: 0.3864 | accuracy: 88.3%:  61%|██████    | 46/76 [00:04<00:02, 11.45it/s]
14/20 epoch | loss: 0.4804 | accuracy: 85.9%:  61%|██████    | 46/76 [00:04<00:02, 11.45it/s]
14/20 epoch | loss: 0.4804 | accuracy: 85.9%:  63%|██████▎   | 48/76 [00:04<00:02, 11.55it/s]
14/20 epoch | loss: 0.3522 | accuracy: 89.8%:  63%|██████▎   | 48/76 [00:04<00:02, 11.55it/s]
14/20 epoch | loss: 0.3880 | accuracy: 85.9%:  63%|██████▎   | 48/76 [00:04<00:02, 11.55it/s]
14/20 epoch | loss: 0.3880 | accuracy: 85.9%:  66%|██████▌   | 50/76 [00:04<00:02, 11.59it/s]
14/20 epoch | loss: 0.3544 | accuracy: 89.1%:  66%|██████▌   | 50/76 [00:04<00:02, 11.59it/s]
14/20 epoch | loss: 0.4057 | accuracy: 85.2%:  66%|██████▌   | 50/76 [00:04<00:02, 11.59it/s]
14/20 epoch | loss: 0.4057 | accuracy: 85.2%:  68%|██████▊   | 52/76 [00:04<00:02, 11.64it/s]
14/20 epoch | loss: 0.3882 | accuracy: 89.1%:  68%|██████▊   | 52/76 [00:04<00:02, 11.64it/s]
14/20 epoch | loss: 0.3224 | accuracy: 90.6%:  68%|██████▊   | 52/76 [00:04<00:02, 11.64it/s]
14/20 epoch | loss: 0.3224 | accuracy: 90.6%:  71%|███████   | 54/76 [00:04<00:01, 11.42it/s]
14/20 epoch | loss: 0.4291 | accuracy: 85.9%:  71%|███████   | 54/76 [00:04<00:01, 11.42it/s]
14/20 epoch | loss: 0.2327 | accuracy: 92.2%:  71%|███████   | 54/76 [00:04<00:01, 11.42it/s]
14/20 epoch | loss: 0.2327 | accuracy: 92.2%:  74%|███████▎  | 56/76 [00:04<00:01, 11.16it/s]
14/20 epoch | loss: 0.3973 | accuracy: 85.9%:  74%|███████▎  | 56/76 [00:05<00:01, 11.16it/s]
14/20 epoch | loss: 0.4032 | accuracy: 87.5%:  74%|███████▎  | 56/76 [00:05<00:01, 11.16it/s]
14/20 epoch | loss: 0.4032 | accuracy: 87.5%:  76%|███████▋  | 58/76 [00:05<00:01, 11.31it/s]
14/20 epoch | loss: 0.3587 | accuracy: 89.1%:  76%|███████▋  | 58/76 [00:05<00:01, 11.31it/s]
14/20 epoch | loss: 0.2128 | accuracy: 95.3%:  76%|███████▋  | 58/76 [00:05<00:01, 11.31it/s]
14/20 epoch | loss: 0.2128 | accuracy: 95.3%:  79%|███████▉  | 60/76 [00:05<00:01, 11.44it/s]
14/20 epoch | loss: 0.4051 | accuracy: 85.2%:  79%|███████▉  | 60/76 [00:05<00:01, 11.44it/s]
14/20 epoch | loss: 0.4284 | accuracy: 89.1%:  79%|███████▉  | 60/76 [00:05<00:01, 11.44it/s]
14/20 epoch | loss: 0.4284 | accuracy: 89.1%:  82%|████████▏ | 62/76 [00:05<00:01, 11.53it/s]
14/20 epoch | loss: 0.3373 | accuracy: 90.6%:  82%|████████▏ | 62/76 [00:05<00:01, 11.53it/s]
14/20 epoch | loss: 0.2246 | accuracy: 94.5%:  82%|████████▏ | 62/76 [00:05<00:01, 11.53it/s]
14/20 epoch | loss: 0.2246 | accuracy: 94.5%:  84%|████████▍ | 64/76 [00:05<00:01, 11.58it/s]
14/20 epoch | loss: 0.3984 | accuracy: 89.8%:  84%|████████▍ | 64/76 [00:05<00:01, 11.58it/s]
14/20 epoch | loss: 0.3782 | accuracy: 85.9%:  84%|████████▍ | 64/76 [00:05<00:01, 11.58it/s]
14/20 epoch | loss: 0.3782 | accuracy: 85.9%:  87%|████████▋ | 66/76 [00:05<00:00, 11.47it/s]
14/20 epoch | loss: 0.2696 | accuracy: 90.6%:  87%|████████▋ | 66/76 [00:05<00:00, 11.47it/s]
14/20 epoch | loss: 0.3037 | accuracy: 89.1%:  87%|████████▋ | 66/76 [00:06<00:00, 11.47it/s]
14/20 epoch | loss: 0.3037 | accuracy: 89.1%:  89%|████████▉ | 68/76 [00:06<00:00, 11.38it/s]
14/20 epoch | loss: 0.3313 | accuracy: 88.3%:  89%|████████▉ | 68/76 [00:06<00:00, 11.38it/s]
14/20 epoch | loss: 0.2959 | accuracy: 89.1%:  89%|████████▉ | 68/76 [00:06<00:00, 11.38it/s]
14/20 epoch | loss: 0.2959 | accuracy: 89.1%:  92%|█████████▏| 70/76 [00:06<00:00, 11.42it/s]
14/20 epoch | loss: 0.4313 | accuracy: 86.7%:  92%|█████████▏| 70/76 [00:06<00:00, 11.42it/s]
14/20 epoch | loss: 0.3790 | accuracy: 87.5%:  92%|█████████▏| 70/76 [00:06<00:00, 11.42it/s]
14/20 epoch | loss: 0.3790 | accuracy: 87.5%:  95%|█████████▍| 72/76 [00:06<00:00, 11.49it/s]
14/20 epoch | loss: 0.2687 | accuracy: 93.0%:  95%|█████████▍| 72/76 [00:06<00:00, 11.49it/s]
14/20 epoch | loss: 0.3524 | accuracy: 85.9%:  95%|█████████▍| 72/76 [00:06<00:00, 11.49it/s]
14/20 epoch | loss: 0.3524 | accuracy: 85.9%:  97%|█████████▋| 74/76 [00:06<00:00, 11.54it/s]
14/20 epoch | loss: 0.4789 | accuracy: 85.2%:  97%|█████████▋| 74/76 [00:06<00:00, 11.54it/s]
14/20 epoch | loss: 0.2563 | accuracy: 91.4%:  97%|█████████▋| 74/76 [00:06<00:00, 11.54it/s]
14/20 epoch | loss: 0.2563 | accuracy: 91.4%: 100%|██████████| 76/76 [00:06<00:00, 11.55it/s]
14/20 epoch | loss: 0.2563 | accuracy: 91.4%: 100%|██████████| 76/76 [00:06<00:00, 11.35it/s]
train loss: 0.3804 train acc: 87.9% | val loss: 0.7223 val acc: 79.6%
saving checkpoint to checkpoints/classification/05-07_12-20-32/Classification_ckpt_epoch13_metric79.58.ckpt

  0%|          | 0/76 [00:00<?, ?it/s]
15/20 epoch | loss: 0.2376 | accuracy: 89.8%:   0%|          | 0/76 [00:00<?, ?it/s]
15/20 epoch | loss: 0.4536 | accuracy: 89.1%:   0%|          | 0/76 [00:00<?, ?it/s]
15/20 epoch | loss: 0.4536 | accuracy: 89.1%:   3%|▎         | 2/76 [00:00<00:06, 11.66it/s]
15/20 epoch | loss: 0.3649 | accuracy: 86.7%:   3%|▎         | 2/76 [00:00<00:06, 11.66it/s]
15/20 epoch | loss: 0.3457 | accuracy: 85.2%:   3%|▎         | 2/76 [00:00<00:06, 11.66it/s]
15/20 epoch | loss: 0.3457 | accuracy: 85.2%:   5%|▌         | 4/76 [00:00<00:06, 11.70it/s]
15/20 epoch | loss: 0.3520 | accuracy: 89.8%:   5%|▌         | 4/76 [00:00<00:06, 11.70it/s]
15/20 epoch | loss: 0.3384 | accuracy: 88.3%:   5%|▌         | 4/76 [00:00<00:06, 11.70it/s]
15/20 epoch | loss: 0.3384 | accuracy: 88.3%:   8%|▊         | 6/76 [00:00<00:06, 10.05it/s]
15/20 epoch | loss: 0.2714 | accuracy: 92.2%:   8%|▊         | 6/76 [00:00<00:06, 10.05it/s]
15/20 epoch | loss: 0.4203 | accuracy: 85.2%:   8%|▊         | 6/76 [00:00<00:06, 10.05it/s]
15/20 epoch | loss: 0.4203 | accuracy: 85.2%:  11%|█         | 8/76 [00:00<00:06, 10.39it/s]
15/20 epoch | loss: 0.3936 | accuracy: 87.5%:  11%|█         | 8/76 [00:00<00:06, 10.39it/s]
15/20 epoch | loss: 0.4055 | accuracy: 90.6%:  11%|█         | 8/76 [00:00<00:06, 10.39it/s]
15/20 epoch | loss: 0.4055 | accuracy: 90.6%:  13%|█▎        | 10/76 [00:00<00:06, 10.85it/s]
15/20 epoch | loss: 0.2496 | accuracy: 91.4%:  13%|█▎        | 10/76 [00:01<00:06, 10.85it/s]
15/20 epoch | loss: 0.3632 | accuracy: 88.3%:  13%|█▎        | 10/76 [00:01<00:06, 10.85it/s]
15/20 epoch | loss: 0.3632 | accuracy: 88.3%:  16%|█▌        | 12/76 [00:01<00:05, 11.16it/s]
15/20 epoch | loss: 0.4240 | accuracy: 83.6%:  16%|█▌        | 12/76 [00:01<00:05, 11.16it/s]
15/20 epoch | loss: 0.3165 | accuracy: 90.6%:  16%|█▌        | 12/76 [00:01<00:05, 11.16it/s]
15/20 epoch | loss: 0.3165 | accuracy: 90.6%:  18%|█▊        | 14/76 [00:01<00:05, 11.32it/s]
15/20 epoch | loss: 0.2842 | accuracy: 89.8%:  18%|█▊        | 14/76 [00:01<00:05, 11.32it/s]
15/20 epoch | loss: 0.2723 | accuracy: 90.6%:  18%|█▊        | 14/76 [00:01<00:05, 11.32it/s]
15/20 epoch | loss: 0.2723 | accuracy: 90.6%:  21%|██        | 16/76 [00:01<00:05, 11.24it/s]
15/20 epoch | loss: 0.2611 | accuracy: 93.0%:  21%|██        | 16/76 [00:01<00:05, 11.24it/s]
15/20 epoch | loss: 0.3111 | accuracy: 88.3%:  21%|██        | 16/76 [00:01<00:05, 11.24it/s]
15/20 epoch | loss: 0.3111 | accuracy: 88.3%:  24%|██▎       | 18/76 [00:01<00:05, 11.40it/s]
15/20 epoch | loss: 0.3232 | accuracy: 87.5%:  24%|██▎       | 18/76 [00:01<00:05, 11.40it/s]
15/20 epoch | loss: 0.4263 | accuracy: 84.4%:  24%|██▎       | 18/76 [00:01<00:05, 11.40it/s]
15/20 epoch | loss: 0.4263 | accuracy: 84.4%:  26%|██▋       | 20/76 [00:01<00:04, 11.52it/s]
15/20 epoch | loss: 0.2207 | accuracy: 93.8%:  26%|██▋       | 20/76 [00:01<00:04, 11.52it/s]
15/20 epoch | loss: 0.4148 | accuracy: 85.9%:  26%|██▋       | 20/76 [00:01<00:04, 11.52it/s]
15/20 epoch | loss: 0.4148 | accuracy: 85.9%:  29%|██▉       | 22/76 [00:01<00:04, 11.61it/s]
15/20 epoch | loss: 0.3870 | accuracy: 86.7%:  29%|██▉       | 22/76 [00:02<00:04, 11.61it/s]
15/20 epoch | loss: 0.4944 | accuracy: 85.2%:  29%|██▉       | 22/76 [00:02<00:04, 11.61it/s]
15/20 epoch | loss: 0.4944 | accuracy: 85.2%:  32%|███▏      | 24/76 [00:02<00:04, 11.55it/s]
15/20 epoch | loss: 0.3919 | accuracy: 86.7%:  32%|███▏      | 24/76 [00:02<00:04, 11.55it/s]
15/20 epoch | loss: 0.4757 | accuracy: 83.6%:  32%|███▏      | 24/76 [00:02<00:04, 11.55it/s]
15/20 epoch | loss: 0.4757 | accuracy: 83.6%:  34%|███▍      | 26/76 [00:02<00:04, 11.52it/s]
15/20 epoch | loss: 0.4530 | accuracy: 85.2%:  34%|███▍      | 26/76 [00:02<00:04, 11.52it/s]
15/20 epoch | loss: 0.2612 | accuracy: 89.8%:  34%|███▍      | 26/76 [00:02<00:04, 11.52it/s]
15/20 epoch | loss: 0.2612 | accuracy: 89.8%:  37%|███▋      | 28/76 [00:02<00:04, 11.59it/s]
15/20 epoch | loss: 0.2602 | accuracy: 89.1%:  37%|███▋      | 28/76 [00:02<00:04, 11.59it/s]
15/20 epoch | loss: 0.4496 | accuracy: 83.6%:  37%|███▋      | 28/76 [00:02<00:04, 11.59it/s]
15/20 epoch | loss: 0.4496 | accuracy: 83.6%:  39%|███▉      | 30/76 [00:02<00:04, 11.16it/s]
15/20 epoch | loss: 0.5163 | accuracy: 80.5%:  39%|███▉      | 30/76 [00:02<00:04, 11.16it/s]
15/20 epoch | loss: 0.4288 | accuracy: 87.5%:  39%|███▉      | 30/76 [00:02<00:04, 11.16it/s]
15/20 epoch | loss: 0.4288 | accuracy: 87.5%:  42%|████▏     | 32/76 [00:02<00:04, 10.93it/s]
15/20 epoch | loss: 0.2879 | accuracy: 91.4%:  42%|████▏     | 32/76 [00:02<00:04, 10.93it/s]
15/20 epoch | loss: 0.5070 | accuracy: 86.7%:  42%|████▏     | 32/76 [00:03<00:04, 10.93it/s]
15/20 epoch | loss: 0.5070 | accuracy: 86.7%:  45%|████▍     | 34/76 [00:03<00:03, 11.11it/s]
15/20 epoch | loss: 0.4295 | accuracy: 85.9%:  45%|████▍     | 34/76 [00:03<00:03, 11.11it/s]
15/20 epoch | loss: 0.3609 | accuracy: 91.4%:  45%|████▍     | 34/76 [00:03<00:03, 11.11it/s]
15/20 epoch | loss: 0.3609 | accuracy: 91.4%:  47%|████▋     | 36/76 [00:03<00:03, 11.26it/s]
15/20 epoch | loss: 0.3794 | accuracy: 89.1%:  47%|████▋     | 36/76 [00:03<00:03, 11.26it/s]
15/20 epoch | loss: 0.2926 | accuracy: 91.4%:  47%|████▋     | 36/76 [00:03<00:03, 11.26it/s]
15/20 epoch | loss: 0.2926 | accuracy: 91.4%:  50%|█████     | 38/76 [00:03<00:03, 11.33it/s]
15/20 epoch | loss: 0.3846 | accuracy: 88.3%:  50%|█████     | 38/76 [00:03<00:03, 11.33it/s]
15/20 epoch | loss: 0.3065 | accuracy: 90.6%:  50%|█████     | 38/76 [00:03<00:03, 11.33it/s]
15/20 epoch | loss: 0.3065 | accuracy: 90.6%:  53%|█████▎    | 40/76 [00:03<00:03, 11.41it/s]
15/20 epoch | loss: 0.3160 | accuracy: 91.4%:  53%|█████▎    | 40/76 [00:03<00:03, 11.41it/s]
15/20 epoch | loss: 0.3450 | accuracy: 90.6%:  53%|█████▎    | 40/76 [00:03<00:03, 11.41it/s]
15/20 epoch | loss: 0.3450 | accuracy: 90.6%:  55%|█████▌    | 42/76 [00:03<00:02, 11.36it/s]
15/20 epoch | loss: 0.3893 | accuracy: 85.2%:  55%|█████▌    | 42/76 [00:03<00:02, 11.36it/s]
15/20 epoch | loss: 0.3652 | accuracy: 89.8%:  55%|█████▌    | 42/76 [00:03<00:02, 11.36it/s]
15/20 epoch | loss: 0.3652 | accuracy: 89.8%:  58%|█████▊    | 44/76 [00:03<00:02, 11.25it/s]
15/20 epoch | loss: 0.3303 | accuracy: 92.2%:  58%|█████▊    | 44/76 [00:04<00:02, 11.25it/s]
15/20 epoch | loss: 0.2518 | accuracy: 90.6%:  58%|█████▊    | 44/76 [00:04<00:02, 11.25it/s]
15/20 epoch | loss: 0.2518 | accuracy: 90.6%:  61%|██████    | 46/76 [00:04<00:02, 11.32it/s]
15/20 epoch | loss: 0.2530 | accuracy: 93.0%:  61%|██████    | 46/76 [00:04<00:02, 11.32it/s]
15/20 epoch | loss: 0.3732 | accuracy: 87.5%:  61%|██████    | 46/76 [00:04<00:02, 11.32it/s]
15/20 epoch | loss: 0.3732 | accuracy: 87.5%:  63%|██████▎   | 48/76 [00:04<00:02, 11.42it/s]
15/20 epoch | loss: 0.3130 | accuracy: 88.3%:  63%|██████▎   | 48/76 [00:04<00:02, 11.42it/s]
15/20 epoch | loss: 0.5300 | accuracy: 83.6%:  63%|██████▎   | 48/76 [00:04<00:02, 11.42it/s]
15/20 epoch | loss: 0.5300 | accuracy: 83.6%:  66%|██████▌   | 50/76 [00:04<00:02, 11.49it/s]
15/20 epoch | loss: 0.5533 | accuracy: 84.4%:  66%|██████▌   | 50/76 [00:04<00:02, 11.49it/s]
15/20 epoch | loss: 0.3554 | accuracy: 87.5%:  66%|██████▌   | 50/76 [00:04<00:02, 11.49it/s]
15/20 epoch | loss: 0.3554 | accuracy: 87.5%:  68%|██████▊   | 52/76 [00:04<00:02, 11.30it/s]
15/20 epoch | loss: 0.3943 | accuracy: 88.3%:  68%|██████▊   | 52/76 [00:04<00:02, 11.30it/s]
15/20 epoch | loss: 0.3475 | accuracy: 89.1%:  68%|██████▊   | 52/76 [00:04<00:02, 11.30it/s]
15/20 epoch | loss: 0.3475 | accuracy: 89.1%:  71%|███████   | 54/76 [00:04<00:02, 10.91it/s]
15/20 epoch | loss: 0.3276 | accuracy: 89.8%:  71%|███████   | 54/76 [00:04<00:02, 10.91it/s]
15/20 epoch | loss: 0.2830 | accuracy: 89.1%:  71%|███████   | 54/76 [00:04<00:02, 10.91it/s]
15/20 epoch | loss: 0.2830 | accuracy: 89.1%:  74%|███████▎  | 56/76 [00:04<00:01, 11.12it/s]
15/20 epoch | loss: 0.5316 | accuracy: 83.6%:  74%|███████▎  | 56/76 [00:05<00:01, 11.12it/s]
15/20 epoch | loss: 0.3582 | accuracy: 88.3%:  74%|███████▎  | 56/76 [00:05<00:01, 11.12it/s]
15/20 epoch | loss: 0.3582 | accuracy: 88.3%:  76%|███████▋  | 58/76 [00:05<00:01, 11.18it/s]
15/20 epoch | loss: 0.3229 | accuracy: 89.1%:  76%|███████▋  | 58/76 [00:05<00:01, 11.18it/s]
15/20 epoch | loss: 0.2026 | accuracy: 93.8%:  76%|███████▋  | 58/76 [00:05<00:01, 11.18it/s]
15/20 epoch | loss: 0.2026 | accuracy: 93.8%:  79%|███████▉  | 60/76 [00:05<00:01, 11.33it/s]
15/20 epoch | loss: 0.5040 | accuracy: 84.4%:  79%|███████▉  | 60/76 [00:05<00:01, 11.33it/s]
15/20 epoch | loss: 0.4058 | accuracy: 83.6%:  79%|███████▉  | 60/76 [00:05<00:01, 11.33it/s]
15/20 epoch | loss: 0.4058 | accuracy: 83.6%:  82%|████████▏ | 62/76 [00:05<00:01, 11.45it/s]
15/20 epoch | loss: 0.3045 | accuracy: 91.4%:  82%|████████▏ | 62/76 [00:05<00:01, 11.45it/s]
15/20 epoch | loss: 0.2884 | accuracy: 91.4%:  82%|████████▏ | 62/76 [00:05<00:01, 11.45it/s]
15/20 epoch | loss: 0.2884 | accuracy: 91.4%:  84%|████████▍ | 64/76 [00:05<00:01, 11.41it/s]
15/20 epoch | loss: 0.3981 | accuracy: 87.5%:  84%|████████▍ | 64/76 [00:05<00:01, 11.41it/s]
15/20 epoch | loss: 0.3053 | accuracy: 92.2%:  84%|████████▍ | 64/76 [00:05<00:01, 11.41it/s]
15/20 epoch | loss: 0.3053 | accuracy: 92.2%:  87%|████████▋ | 66/76 [00:05<00:00, 11.49it/s]
15/20 epoch | loss: 0.2721 | accuracy: 92.2%:  87%|████████▋ | 66/76 [00:05<00:00, 11.49it/s]
15/20 epoch | loss: 0.3754 | accuracy: 89.8%:  87%|████████▋ | 66/76 [00:06<00:00, 11.49it/s]
15/20 epoch | loss: 0.3754 | accuracy: 89.8%:  89%|████████▉ | 68/76 [00:06<00:00, 11.36it/s]
15/20 epoch | loss: 0.4459 | accuracy: 85.2%:  89%|████████▉ | 68/76 [00:06<00:00, 11.36it/s]
15/20 epoch | loss: 0.4533 | accuracy: 85.2%:  89%|████████▉ | 68/76 [00:06<00:00, 11.36it/s]
15/20 epoch | loss: 0.4533 | accuracy: 85.2%:  92%|█████████▏| 70/76 [00:06<00:00, 11.46it/s]
15/20 epoch | loss: 0.3993 | accuracy: 88.3%:  92%|█████████▏| 70/76 [00:06<00:00, 11.46it/s]
15/20 epoch | loss: 0.2731 | accuracy: 91.4%:  92%|█████████▏| 70/76 [00:06<00:00, 11.46it/s]
15/20 epoch | loss: 0.2731 | accuracy: 91.4%:  95%|█████████▍| 72/76 [00:06<00:00, 11.47it/s]
15/20 epoch | loss: 0.6254 | accuracy: 81.2%:  95%|█████████▍| 72/76 [00:06<00:00, 11.47it/s]
15/20 epoch | loss: 0.2921 | accuracy: 90.6%:  95%|█████████▍| 72/76 [00:06<00:00, 11.47it/s]
15/20 epoch | loss: 0.2921 | accuracy: 90.6%:  97%|█████████▋| 74/76 [00:06<00:00, 11.42it/s]
15/20 epoch | loss: 0.3137 | accuracy: 88.3%:  97%|█████████▋| 74/76 [00:06<00:00, 11.42it/s]
15/20 epoch | loss: 0.3832 | accuracy: 86.7%:  97%|█████████▋| 74/76 [00:06<00:00, 11.42it/s]
15/20 epoch | loss: 0.3832 | accuracy: 86.7%: 100%|██████████| 76/76 [00:06<00:00, 11.31it/s]
15/20 epoch | loss: 0.3832 | accuracy: 86.7%: 100%|██████████| 76/76 [00:06<00:00, 11.28it/s]
train loss: 0.3645 train acc: 88.3% | val loss: 0.9032 val acc: 75.4%

  0%|          | 0/76 [00:00<?, ?it/s]
16/20 epoch | loss: 0.2056 | accuracy: 93.8%:   0%|          | 0/76 [00:00<?, ?it/s]
16/20 epoch | loss: 0.2337 | accuracy: 94.5%:   0%|          | 0/76 [00:00<?, ?it/s]
16/20 epoch | loss: 0.2337 | accuracy: 94.5%:   3%|▎         | 2/76 [00:00<00:06, 11.69it/s]
16/20 epoch | loss: 0.3210 | accuracy: 90.6%:   3%|▎         | 2/76 [00:00<00:06, 11.69it/s]
16/20 epoch | loss: 0.3561 | accuracy: 89.1%:   3%|▎         | 2/76 [00:00<00:06, 11.69it/s]
16/20 epoch | loss: 0.3561 | accuracy: 89.1%:   5%|▌         | 4/76 [00:00<00:06, 11.62it/s]
16/20 epoch | loss: 0.3077 | accuracy: 89.1%:   5%|▌         | 4/76 [00:00<00:06, 11.62it/s]
16/20 epoch | loss: 0.3002 | accuracy: 89.1%:   5%|▌         | 4/76 [00:00<00:06, 11.62it/s]
16/20 epoch | loss: 0.3002 | accuracy: 89.1%:   8%|▊         | 6/76 [00:00<00:06, 11.65it/s]
16/20 epoch | loss: 0.3276 | accuracy: 89.1%:   8%|▊         | 6/76 [00:00<00:06, 11.65it/s]
16/20 epoch | loss: 0.4776 | accuracy: 86.7%:   8%|▊         | 6/76 [00:00<00:06, 11.65it/s]
16/20 epoch | loss: 0.4776 | accuracy: 86.7%:  11%|█         | 8/76 [00:00<00:05, 11.68it/s]
16/20 epoch | loss: 0.4800 | accuracy: 85.9%:  11%|█         | 8/76 [00:00<00:05, 11.68it/s]
16/20 epoch | loss: 0.3754 | accuracy: 87.5%:  11%|█         | 8/76 [00:00<00:05, 11.68it/s]
16/20 epoch | loss: 0.3754 | accuracy: 87.5%:  13%|█▎        | 10/76 [00:00<00:05, 11.21it/s]
16/20 epoch | loss: 0.3416 | accuracy: 88.3%:  13%|█▎        | 10/76 [00:00<00:05, 11.21it/s]
16/20 epoch | loss: 0.3981 | accuracy: 88.3%:  13%|█▎        | 10/76 [00:01<00:05, 11.21it/s]
16/20 epoch | loss: 0.3981 | accuracy: 88.3%:  16%|█▌        | 12/76 [00:01<00:05, 11.36it/s]
16/20 epoch | loss: 0.2751 | accuracy: 90.6%:  16%|█▌        | 12/76 [00:01<00:05, 11.36it/s]
16/20 epoch | loss: 0.3721 | accuracy: 87.5%:  16%|█▌        | 12/76 [00:01<00:05, 11.36it/s]
16/20 epoch | loss: 0.3721 | accuracy: 87.5%:  18%|█▊        | 14/76 [00:01<00:05, 11.47it/s]
16/20 epoch | loss: 0.3306 | accuracy: 88.3%:  18%|█▊        | 14/76 [00:01<00:05, 11.47it/s]
16/20 epoch | loss: 0.3589 | accuracy: 85.2%:  18%|█▊        | 14/76 [00:01<00:05, 11.47it/s]
16/20 epoch | loss: 0.3589 | accuracy: 85.2%:  21%|██        | 16/76 [00:01<00:05, 11.47it/s]
16/20 epoch | loss: 0.4212 | accuracy: 85.9%:  21%|██        | 16/76 [00:01<00:05, 11.47it/s]
16/20 epoch | loss: 0.2791 | accuracy: 91.4%:  21%|██        | 16/76 [00:01<00:05, 11.47it/s]
16/20 epoch | loss: 0.2791 | accuracy: 91.4%:  24%|██▎       | 18/76 [00:01<00:05, 10.95it/s]
16/20 epoch | loss: 0.2966 | accuracy: 90.6%:  24%|██▎       | 18/76 [00:01<00:05, 10.95it/s]
16/20 epoch | loss: 0.3077 | accuracy: 89.8%:  24%|██▎       | 18/76 [00:01<00:05, 10.95it/s]
16/20 epoch | loss: 0.3077 | accuracy: 89.8%:  26%|██▋       | 20/76 [00:01<00:05, 11.19it/s]
16/20 epoch | loss: 0.4917 | accuracy: 82.0%:  26%|██▋       | 20/76 [00:01<00:05, 11.19it/s]
16/20 epoch | loss: 0.2832 | accuracy: 92.2%:  26%|██▋       | 20/76 [00:01<00:05, 11.19it/s]
16/20 epoch | loss: 0.2832 | accuracy: 92.2%:  29%|██▉       | 22/76 [00:01<00:04, 11.34it/s]
16/20 epoch | loss: 0.4630 | accuracy: 85.9%:  29%|██▉       | 22/76 [00:02<00:04, 11.34it/s]
16/20 epoch | loss: 0.2335 | accuracy: 94.5%:  29%|██▉       | 22/76 [00:02<00:04, 11.34it/s]
16/20 epoch | loss: 0.2335 | accuracy: 94.5%:  32%|███▏      | 24/76 [00:02<00:04, 11.43it/s]
16/20 epoch | loss: 0.3309 | accuracy: 88.3%:  32%|███▏      | 24/76 [00:02<00:04, 11.43it/s]
16/20 epoch | loss: 0.3875 | accuracy: 90.6%:  32%|███▏      | 24/76 [00:02<00:04, 11.43it/s]
16/20 epoch | loss: 0.3875 | accuracy: 90.6%:  34%|███▍      | 26/76 [00:02<00:04, 11.50it/s]
16/20 epoch | loss: 0.4296 | accuracy: 88.3%:  34%|███▍      | 26/76 [00:02<00:04, 11.50it/s]
16/20 epoch | loss: 0.2082 | accuracy: 96.1%:  34%|███▍      | 26/76 [00:02<00:04, 11.50it/s]
16/20 epoch | loss: 0.2082 | accuracy: 96.1%:  37%|███▋      | 28/76 [00:02<00:04, 11.52it/s]
16/20 epoch | loss: 0.2942 | accuracy: 91.4%:  37%|███▋      | 28/76 [00:02<00:04, 11.52it/s]
16/20 epoch | loss: 0.2491 | accuracy: 93.8%:  37%|███▋      | 28/76 [00:02<00:04, 11.52it/s]
16/20 epoch | loss: 0.2491 | accuracy: 93.8%:  39%|███▉      | 30/76 [00:02<00:03, 11.57it/s]
16/20 epoch | loss: 0.4063 | accuracy: 87.5%:  39%|███▉      | 30/76 [00:02<00:03, 11.57it/s]
16/20 epoch | loss: 0.3707 | accuracy: 87.5%:  39%|███▉      | 30/76 [00:02<00:03, 11.57it/s]
16/20 epoch | loss: 0.3707 | accuracy: 87.5%:  42%|████▏     | 32/76 [00:02<00:03, 11.54it/s]
16/20 epoch | loss: 0.3293 | accuracy: 89.8%:  42%|████▏     | 32/76 [00:02<00:03, 11.54it/s]
16/20 epoch | loss: 0.3503 | accuracy: 89.1%:  42%|████▏     | 32/76 [00:02<00:03, 11.54it/s]
16/20 epoch | loss: 0.3503 | accuracy: 89.1%:  45%|████▍     | 34/76 [00:02<00:03, 11.13it/s]
16/20 epoch | loss: 0.3308 | accuracy: 88.3%:  45%|████▍     | 34/76 [00:03<00:03, 11.13it/s]
16/20 epoch | loss: 0.3434 | accuracy: 87.5%:  45%|████▍     | 34/76 [00:03<00:03, 11.13it/s]
16/20 epoch | loss: 0.3434 | accuracy: 87.5%:  47%|████▋     | 36/76 [00:03<00:03, 11.32it/s]
16/20 epoch | loss: 0.2599 | accuracy: 93.0%:  47%|████▋     | 36/76 [00:03<00:03, 11.32it/s]
16/20 epoch | loss: 0.1689 | accuracy: 96.1%:  47%|████▋     | 36/76 [00:03<00:03, 11.32it/s]
16/20 epoch | loss: 0.1689 | accuracy: 96.1%:  50%|█████     | 38/76 [00:03<00:03, 11.45it/s]
16/20 epoch | loss: 0.4406 | accuracy: 87.5%:  50%|█████     | 38/76 [00:03<00:03, 11.45it/s]
16/20 epoch | loss: 0.2464 | accuracy: 93.0%:  50%|█████     | 38/76 [00:03<00:03, 11.45it/s]
16/20 epoch | loss: 0.2464 | accuracy: 93.0%:  53%|█████▎    | 40/76 [00:03<00:03, 11.39it/s]
16/20 epoch | loss: 0.3230 | accuracy: 90.6%:  53%|█████▎    | 40/76 [00:03<00:03, 11.39it/s]
16/20 epoch | loss: 0.4146 | accuracy: 87.5%:  53%|█████▎    | 40/76 [00:03<00:03, 11.39it/s]
16/20 epoch | loss: 0.4146 | accuracy: 87.5%:  55%|█████▌    | 42/76 [00:03<00:02, 11.51it/s]
16/20 epoch | loss: 0.3612 | accuracy: 88.3%:  55%|█████▌    | 42/76 [00:03<00:02, 11.51it/s]
16/20 epoch | loss: 0.2974 | accuracy: 88.3%:  55%|█████▌    | 42/76 [00:03<00:02, 11.51it/s]
16/20 epoch | loss: 0.2974 | accuracy: 88.3%:  58%|█████▊    | 44/76 [00:03<00:02, 11.34it/s]
16/20 epoch | loss: 0.3056 | accuracy: 89.8%:  58%|█████▊    | 44/76 [00:03<00:02, 11.34it/s]
16/20 epoch | loss: 0.3920 | accuracy: 88.3%:  58%|█████▊    | 44/76 [00:04<00:02, 11.34it/s]
16/20 epoch | loss: 0.3920 | accuracy: 88.3%:  61%|██████    | 46/76 [00:04<00:02, 11.33it/s]
16/20 epoch | loss: 0.3588 | accuracy: 86.7%:  61%|██████    | 46/76 [00:04<00:02, 11.33it/s]
16/20 epoch | loss: 0.3484 | accuracy: 85.9%:  61%|██████    | 46/76 [00:04<00:02, 11.33it/s]
16/20 epoch | loss: 0.3484 | accuracy: 85.9%:  63%|██████▎   | 48/76 [00:04<00:02, 11.48it/s]
16/20 epoch | loss: 0.4111 | accuracy: 86.7%:  63%|██████▎   | 48/76 [00:04<00:02, 11.48it/s]
16/20 epoch | loss: 0.3533 | accuracy: 88.3%:  63%|██████▎   | 48/76 [00:04<00:02, 11.48it/s]
16/20 epoch | loss: 0.3533 | accuracy: 88.3%:  66%|██████▌   | 50/76 [00:04<00:02, 11.43it/s]
16/20 epoch | loss: 0.2123 | accuracy: 94.5%:  66%|██████▌   | 50/76 [00:04<00:02, 11.43it/s]
16/20 epoch | loss: 0.4127 | accuracy: 87.5%:  66%|██████▌   | 50/76 [00:04<00:02, 11.43it/s]
16/20 epoch | loss: 0.4127 | accuracy: 87.5%:  68%|██████▊   | 52/76 [00:04<00:02, 10.80it/s]
16/20 epoch | loss: 0.2529 | accuracy: 89.1%:  68%|██████▊   | 52/76 [00:04<00:02, 10.80it/s]
16/20 epoch | loss: 0.3310 | accuracy: 89.8%:  68%|██████▊   | 52/76 [00:04<00:02, 10.80it/s]
16/20 epoch | loss: 0.3310 | accuracy: 89.8%:  71%|███████   | 54/76 [00:04<00:02, 10.79it/s]
16/20 epoch | loss: 0.3576 | accuracy: 87.5%:  71%|███████   | 54/76 [00:04<00:02, 10.79it/s]
16/20 epoch | loss: 0.3016 | accuracy: 90.6%:  71%|███████   | 54/76 [00:04<00:02, 10.79it/s]
16/20 epoch | loss: 0.3016 | accuracy: 90.6%:  74%|███████▎  | 56/76 [00:04<00:01, 10.94it/s]
16/20 epoch | loss: 0.2559 | accuracy: 93.0%:  74%|███████▎  | 56/76 [00:05<00:01, 10.94it/s]
16/20 epoch | loss: 0.2800 | accuracy: 91.4%:  74%|███████▎  | 56/76 [00:05<00:01, 10.94it/s]
16/20 epoch | loss: 0.2800 | accuracy: 91.4%:  76%|███████▋  | 58/76 [00:05<00:01, 10.57it/s]
16/20 epoch | loss: 0.3095 | accuracy: 91.4%:  76%|███████▋  | 58/76 [00:05<00:01, 10.57it/s]
16/20 epoch | loss: 0.3600 | accuracy: 90.6%:  76%|███████▋  | 58/76 [00:05<00:01, 10.57it/s]
16/20 epoch | loss: 0.3600 | accuracy: 90.6%:  79%|███████▉  | 60/76 [00:05<00:01, 10.85it/s]
16/20 epoch | loss: 0.2304 | accuracy: 92.2%:  79%|███████▉  | 60/76 [00:05<00:01, 10.85it/s]
16/20 epoch | loss: 0.2944 | accuracy: 89.8%:  79%|███████▉  | 60/76 [00:05<00:01, 10.85it/s]
16/20 epoch | loss: 0.2944 | accuracy: 89.8%:  82%|████████▏ | 62/76 [00:05<00:01, 11.07it/s]
16/20 epoch | loss: 0.4629 | accuracy: 86.7%:  82%|████████▏ | 62/76 [00:05<00:01, 11.07it/s]
16/20 epoch | loss: 0.4443 | accuracy: 87.5%:  82%|████████▏ | 62/76 [00:05<00:01, 11.07it/s]
16/20 epoch | loss: 0.4443 | accuracy: 87.5%:  84%|████████▍ | 64/76 [00:05<00:01, 11.23it/s]
16/20 epoch | loss: 0.4964 | accuracy: 86.7%:  84%|████████▍ | 64/76 [00:05<00:01, 11.23it/s]
16/20 epoch | loss: 0.3326 | accuracy: 91.4%:  84%|████████▍ | 64/76 [00:05<00:01, 11.23it/s]
16/20 epoch | loss: 0.3326 | accuracy: 91.4%:  87%|████████▋ | 66/76 [00:05<00:00, 11.34it/s]
16/20 epoch | loss: 0.3502 | accuracy: 87.5%:  87%|████████▋ | 66/76 [00:05<00:00, 11.34it/s]
16/20 epoch | loss: 0.3508 | accuracy: 87.5%:  87%|████████▋ | 66/76 [00:06<00:00, 11.34it/s]
16/20 epoch | loss: 0.3508 | accuracy: 87.5%:  89%|████████▉ | 68/76 [00:06<00:00, 11.45it/s]
16/20 epoch | loss: 0.5057 | accuracy: 79.7%:  89%|████████▉ | 68/76 [00:06<00:00, 11.45it/s]
16/20 epoch | loss: 0.3602 | accuracy: 87.5%:  89%|████████▉ | 68/76 [00:06<00:00, 11.45it/s]
16/20 epoch | loss: 0.3602 | accuracy: 87.5%:  92%|█████████▏| 70/76 [00:06<00:00, 11.54it/s]
16/20 epoch | loss: 0.3859 | accuracy: 85.2%:  92%|█████████▏| 70/76 [00:06<00:00, 11.54it/s]
16/20 epoch | loss: 0.2677 | accuracy: 90.6%:  92%|█████████▏| 70/76 [00:06<00:00, 11.54it/s]
16/20 epoch | loss: 0.2677 | accuracy: 90.6%:  95%|█████████▍| 72/76 [00:06<00:00, 11.60it/s]
16/20 epoch | loss: 0.3324 | accuracy: 90.6%:  95%|█████████▍| 72/76 [00:06<00:00, 11.60it/s]
16/20 epoch | loss: 0.3304 | accuracy: 91.4%:  95%|█████████▍| 72/76 [00:06<00:00, 11.60it/s]
16/20 epoch | loss: 0.3304 | accuracy: 91.4%:  97%|█████████▋| 74/76 [00:06<00:00, 11.66it/s]
16/20 epoch | loss: 0.3743 | accuracy: 88.3%:  97%|█████████▋| 74/76 [00:06<00:00, 11.66it/s]
16/20 epoch | loss: 0.3987 | accuracy: 86.7%:  97%|█████████▋| 74/76 [00:06<00:00, 11.66it/s]
16/20 epoch | loss: 0.3987 | accuracy: 86.7%: 100%|██████████| 76/76 [00:06<00:00, 11.68it/s]
16/20 epoch | loss: 0.3987 | accuracy: 86.7%: 100%|██████████| 76/76 [00:06<00:00, 11.34it/s]
train loss: 0.3413 train acc: 89.2% | val loss: 0.8420 val acc: 77.0%

  0%|          | 0/76 [00:00<?, ?it/s]
17/20 epoch | loss: 0.2029 | accuracy: 93.0%:   0%|          | 0/76 [00:00<?, ?it/s]
17/20 epoch | loss: 0.2456 | accuracy: 91.4%:   0%|          | 0/76 [00:00<?, ?it/s]
17/20 epoch | loss: 0.2456 | accuracy: 91.4%:   3%|▎         | 2/76 [00:00<00:06, 11.47it/s]
17/20 epoch | loss: 0.2081 | accuracy: 93.0%:   3%|▎         | 2/76 [00:00<00:06, 11.47it/s]
17/20 epoch | loss: 0.4234 | accuracy: 85.9%:   3%|▎         | 2/76 [00:00<00:06, 11.47it/s]
17/20 epoch | loss: 0.4234 | accuracy: 85.9%:   5%|▌         | 4/76 [00:00<00:06, 11.56it/s]
17/20 epoch | loss: 0.3844 | accuracy: 85.9%:   5%|▌         | 4/76 [00:00<00:06, 11.56it/s]
17/20 epoch | loss: 0.3607 | accuracy: 86.7%:   5%|▌         | 4/76 [00:00<00:06, 11.56it/s]
17/20 epoch | loss: 0.3607 | accuracy: 86.7%:   8%|▊         | 6/76 [00:00<00:06, 11.25it/s]
17/20 epoch | loss: 0.2658 | accuracy: 94.5%:   8%|▊         | 6/76 [00:00<00:06, 11.25it/s]
17/20 epoch | loss: 0.3230 | accuracy: 86.7%:   8%|▊         | 6/76 [00:00<00:06, 11.25it/s]
17/20 epoch | loss: 0.3230 | accuracy: 86.7%:  11%|█         | 8/76 [00:00<00:05, 11.45it/s]
17/20 epoch | loss: 0.2480 | accuracy: 93.0%:  11%|█         | 8/76 [00:00<00:05, 11.45it/s]
17/20 epoch | loss: 0.3760 | accuracy: 89.1%:  11%|█         | 8/76 [00:00<00:05, 11.45it/s]
17/20 epoch | loss: 0.3760 | accuracy: 89.1%:  13%|█▎        | 10/76 [00:00<00:05, 11.55it/s]
17/20 epoch | loss: 0.2576 | accuracy: 90.6%:  13%|█▎        | 10/76 [00:00<00:05, 11.55it/s]
17/20 epoch | loss: 0.3014 | accuracy: 90.6%:  13%|█▎        | 10/76 [00:01<00:05, 11.55it/s]
17/20 epoch | loss: 0.3014 | accuracy: 90.6%:  16%|█▌        | 12/76 [00:01<00:05, 11.63it/s]
17/20 epoch | loss: 0.3287 | accuracy: 88.3%:  16%|█▌        | 12/76 [00:01<00:05, 11.63it/s]
17/20 epoch | loss: 0.3595 | accuracy: 89.1%:  16%|█▌        | 12/76 [00:01<00:05, 11.63it/s]
17/20 epoch | loss: 0.3595 | accuracy: 89.1%:  18%|█▊        | 14/76 [00:01<00:05, 11.64it/s]
17/20 epoch | loss: 0.4251 | accuracy: 85.9%:  18%|█▊        | 14/76 [00:01<00:05, 11.64it/s]
17/20 epoch | loss: 0.3335 | accuracy: 89.8%:  18%|█▊        | 14/76 [00:01<00:05, 11.64it/s]
17/20 epoch | loss: 0.3335 | accuracy: 89.8%:  21%|██        | 16/76 [00:01<00:05, 10.82it/s]
17/20 epoch | loss: 0.2945 | accuracy: 93.0%:  21%|██        | 16/76 [00:01<00:05, 10.82it/s]
17/20 epoch | loss: 0.2879 | accuracy: 90.6%:  21%|██        | 16/76 [00:01<00:05, 10.82it/s]
17/20 epoch | loss: 0.2879 | accuracy: 90.6%:  24%|██▎       | 18/76 [00:01<00:05, 11.04it/s]
17/20 epoch | loss: 0.2185 | accuracy: 93.8%:  24%|██▎       | 18/76 [00:01<00:05, 11.04it/s]
17/20 epoch | loss: 0.4036 | accuracy: 89.1%:  24%|██▎       | 18/76 [00:01<00:05, 11.04it/s]
17/20 epoch | loss: 0.4036 | accuracy: 89.1%:  26%|██▋       | 20/76 [00:01<00:05, 11.19it/s]
17/20 epoch | loss: 0.2089 | accuracy: 94.5%:  26%|██▋       | 20/76 [00:01<00:05, 11.19it/s]
17/20 epoch | loss: 0.1790 | accuracy: 94.5%:  26%|██▋       | 20/76 [00:01<00:05, 11.19it/s]
17/20 epoch | loss: 0.1790 | accuracy: 94.5%:  29%|██▉       | 22/76 [00:01<00:04, 11.23it/s]
17/20 epoch | loss: 0.3103 | accuracy: 90.6%:  29%|██▉       | 22/76 [00:02<00:04, 11.23it/s]
17/20 epoch | loss: 0.2797 | accuracy: 87.5%:  29%|██▉       | 22/76 [00:02<00:04, 11.23it/s]
17/20 epoch | loss: 0.2797 | accuracy: 87.5%:  32%|███▏      | 24/76 [00:02<00:04, 11.35it/s]
17/20 epoch | loss: 0.3449 | accuracy: 87.5%:  32%|███▏      | 24/76 [00:02<00:04, 11.35it/s]
17/20 epoch | loss: 0.2880 | accuracy: 92.2%:  32%|███▏      | 24/76 [00:02<00:04, 11.35it/s]
17/20 epoch | loss: 0.2880 | accuracy: 92.2%:  34%|███▍      | 26/76 [00:02<00:04, 11.47it/s]
17/20 epoch | loss: 0.4220 | accuracy: 85.9%:  34%|███▍      | 26/76 [00:02<00:04, 11.47it/s]
17/20 epoch | loss: 0.2999 | accuracy: 89.8%:  34%|███▍      | 26/76 [00:02<00:04, 11.47it/s]
17/20 epoch | loss: 0.2999 | accuracy: 89.8%:  37%|███▋      | 28/76 [00:02<00:04, 11.54it/s]
17/20 epoch | loss: 0.4089 | accuracy: 89.8%:  37%|███▋      | 28/76 [00:02<00:04, 11.54it/s]
17/20 epoch | loss: 0.3881 | accuracy: 88.3%:  37%|███▋      | 28/76 [00:02<00:04, 11.54it/s]
17/20 epoch | loss: 0.3881 | accuracy: 88.3%:  39%|███▉      | 30/76 [00:02<00:03, 11.59it/s]
17/20 epoch | loss: 0.2966 | accuracy: 91.4%:  39%|███▉      | 30/76 [00:02<00:03, 11.59it/s]
17/20 epoch | loss: 0.3672 | accuracy: 89.1%:  39%|███▉      | 30/76 [00:02<00:03, 11.59it/s]
17/20 epoch | loss: 0.3672 | accuracy: 89.1%:  42%|████▏     | 32/76 [00:02<00:03, 11.64it/s]
17/20 epoch | loss: 0.2148 | accuracy: 93.0%:  42%|████▏     | 32/76 [00:02<00:03, 11.64it/s]
17/20 epoch | loss: 0.3066 | accuracy: 90.6%:  42%|████▏     | 32/76 [00:02<00:03, 11.64it/s]
17/20 epoch | loss: 0.3066 | accuracy: 90.6%:  45%|████▍     | 34/76 [00:02<00:03, 11.63it/s]
17/20 epoch | loss: 0.3899 | accuracy: 84.4%:  45%|████▍     | 34/76 [00:03<00:03, 11.63it/s]
17/20 epoch | loss: 0.3407 | accuracy: 88.3%:  45%|████▍     | 34/76 [00:03<00:03, 11.63it/s]
17/20 epoch | loss: 0.3407 | accuracy: 88.3%:  47%|████▋     | 36/76 [00:03<00:03, 11.66it/s]
17/20 epoch | loss: 0.4355 | accuracy: 86.7%:  47%|████▋     | 36/76 [00:03<00:03, 11.66it/s]
17/20 epoch | loss: 0.4043 | accuracy: 85.2%:  47%|████▋     | 36/76 [00:03<00:03, 11.66it/s]
17/20 epoch | loss: 0.4043 | accuracy: 85.2%:  50%|█████     | 38/76 [00:03<00:03, 11.58it/s]
17/20 epoch | loss: 0.3845 | accuracy: 87.5%:  50%|█████     | 38/76 [00:03<00:03, 11.58it/s]
17/20 epoch | loss: 0.2777 | accuracy: 89.1%:  50%|█████     | 38/76 [00:03<00:03, 11.58it/s]
17/20 epoch | loss: 0.2777 | accuracy: 89.1%:  53%|█████▎    | 40/76 [00:03<00:03, 11.43it/s]
17/20 epoch | loss: 0.2434 | accuracy: 93.0%:  53%|█████▎    | 40/76 [00:03<00:03, 11.43it/s]
17/20 epoch | loss: 0.3831 | accuracy: 84.4%:  53%|█████▎    | 40/76 [00:03<00:03, 11.43it/s]
17/20 epoch | loss: 0.3831 | accuracy: 84.4%:  55%|█████▌    | 42/76 [00:03<00:02, 11.51it/s]
17/20 epoch | loss: 0.3099 | accuracy: 92.2%:  55%|█████▌    | 42/76 [00:03<00:02, 11.51it/s]
17/20 epoch | loss: 0.3637 | accuracy: 90.6%:  55%|█████▌    | 42/76 [00:03<00:02, 11.51it/s]
17/20 epoch | loss: 0.3637 | accuracy: 90.6%:  58%|█████▊    | 44/76 [00:03<00:02, 11.56it/s]
17/20 epoch | loss: 0.3779 | accuracy: 87.5%:  58%|█████▊    | 44/76 [00:03<00:02, 11.56it/s]
17/20 epoch | loss: 0.2831 | accuracy: 89.8%:  58%|█████▊    | 44/76 [00:04<00:02, 11.56it/s]
17/20 epoch | loss: 0.2831 | accuracy: 89.8%:  61%|██████    | 46/76 [00:04<00:02, 11.57it/s]
17/20 epoch | loss: 0.3603 | accuracy: 86.7%:  61%|██████    | 46/76 [00:04<00:02, 11.57it/s]
17/20 epoch | loss: 0.3328 | accuracy: 89.1%:  61%|██████    | 46/76 [00:04<00:02, 11.57it/s]
17/20 epoch | loss: 0.3328 | accuracy: 89.1%:  63%|██████▎   | 48/76 [00:04<00:02, 11.54it/s]
17/20 epoch | loss: 0.3304 | accuracy: 93.0%:  63%|██████▎   | 48/76 [00:04<00:02, 11.54it/s]
17/20 epoch | loss: 0.3777 | accuracy: 86.7%:  63%|██████▎   | 48/76 [00:04<00:02, 11.54it/s]
17/20 epoch | loss: 0.3777 | accuracy: 86.7%:  66%|██████▌   | 50/76 [00:04<00:02, 11.57it/s]
17/20 epoch | loss: 0.2845 | accuracy: 92.2%:  66%|██████▌   | 50/76 [00:04<00:02, 11.57it/s]
17/20 epoch | loss: 0.3411 | accuracy: 90.6%:  66%|██████▌   | 50/76 [00:04<00:02, 11.57it/s]
17/20 epoch | loss: 0.3411 | accuracy: 90.6%:  68%|██████▊   | 52/76 [00:04<00:02, 11.61it/s]
17/20 epoch | loss: 0.3136 | accuracy: 90.6%:  68%|██████▊   | 52/76 [00:04<00:02, 11.61it/s]
17/20 epoch | loss: 0.4479 | accuracy: 84.4%:  68%|██████▊   | 52/76 [00:04<00:02, 11.61it/s]
17/20 epoch | loss: 0.4479 | accuracy: 84.4%:  71%|███████   | 54/76 [00:04<00:01, 11.63it/s]
17/20 epoch | loss: 0.4045 | accuracy: 89.8%:  71%|███████   | 54/76 [00:04<00:01, 11.63it/s]
17/20 epoch | loss: 0.4310 | accuracy: 86.7%:  71%|███████   | 54/76 [00:04<00:01, 11.63it/s]
17/20 epoch | loss: 0.4310 | accuracy: 86.7%:  74%|███████▎  | 56/76 [00:04<00:01, 11.66it/s]
17/20 epoch | loss: 0.2916 | accuracy: 89.8%:  74%|███████▎  | 56/76 [00:04<00:01, 11.66it/s]
17/20 epoch | loss: 0.3173 | accuracy: 88.3%:  74%|███████▎  | 56/76 [00:05<00:01, 11.66it/s]
17/20 epoch | loss: 0.3173 | accuracy: 88.3%:  76%|███████▋  | 58/76 [00:05<00:01, 11.68it/s]
17/20 epoch | loss: 0.3215 | accuracy: 88.3%:  76%|███████▋  | 58/76 [00:05<00:01, 11.68it/s]
17/20 epoch | loss: 0.3213 | accuracy: 92.2%:  76%|███████▋  | 58/76 [00:05<00:01, 11.68it/s]
17/20 epoch | loss: 0.3213 | accuracy: 92.2%:  79%|███████▉  | 60/76 [00:05<00:01, 11.69it/s]
17/20 epoch | loss: 0.3148 | accuracy: 93.0%:  79%|███████▉  | 60/76 [00:05<00:01, 11.69it/s]
17/20 epoch | loss: 0.4079 | accuracy: 87.5%:  79%|███████▉  | 60/76 [00:05<00:01, 11.69it/s]
17/20 epoch | loss: 0.4079 | accuracy: 87.5%:  82%|████████▏ | 62/76 [00:05<00:01, 11.66it/s]
17/20 epoch | loss: 0.3112 | accuracy: 90.6%:  82%|████████▏ | 62/76 [00:05<00:01, 11.66it/s]
17/20 epoch | loss: 0.3820 | accuracy: 87.5%:  82%|████████▏ | 62/76 [00:05<00:01, 11.66it/s]
17/20 epoch | loss: 0.3820 | accuracy: 87.5%:  84%|████████▍ | 64/76 [00:05<00:01, 11.16it/s]
17/20 epoch | loss: 0.2436 | accuracy: 92.2%:  84%|████████▍ | 64/76 [00:05<00:01, 11.16it/s]
17/20 epoch | loss: 0.4775 | accuracy: 84.4%:  84%|████████▍ | 64/76 [00:05<00:01, 11.16it/s]
17/20 epoch | loss: 0.4775 | accuracy: 84.4%:  87%|████████▋ | 66/76 [00:05<00:00, 11.32it/s]
17/20 epoch | loss: 0.3145 | accuracy: 91.4%:  87%|████████▋ | 66/76 [00:05<00:00, 11.32it/s]
17/20 epoch | loss: 0.3687 | accuracy: 89.1%:  87%|████████▋ | 66/76 [00:05<00:00, 11.32it/s]
17/20 epoch | loss: 0.3687 | accuracy: 89.1%:  89%|████████▉ | 68/76 [00:05<00:00, 11.44it/s]
17/20 epoch | loss: 0.2408 | accuracy: 92.2%:  89%|████████▉ | 68/76 [00:06<00:00, 11.44it/s]
17/20 epoch | loss: 0.2694 | accuracy: 89.1%:  89%|████████▉ | 68/76 [00:06<00:00, 11.44it/s]
17/20 epoch | loss: 0.2694 | accuracy: 89.1%:  92%|█████████▏| 70/76 [00:06<00:00, 11.31it/s]
17/20 epoch | loss: 0.3453 | accuracy: 88.3%:  92%|█████████▏| 70/76 [00:06<00:00, 11.31it/s]
17/20 epoch | loss: 0.3525 | accuracy: 85.9%:  92%|█████████▏| 70/76 [00:06<00:00, 11.31it/s]
17/20 epoch | loss: 0.3525 | accuracy: 85.9%:  95%|█████████▍| 72/76 [00:06<00:00, 11.42it/s]
17/20 epoch | loss: 0.3100 | accuracy: 89.1%:  95%|█████████▍| 72/76 [00:06<00:00, 11.42it/s]
17/20 epoch | loss: 0.4345 | accuracy: 87.5%:  95%|█████████▍| 72/76 [00:06<00:00, 11.42it/s]
17/20 epoch | loss: 0.4345 | accuracy: 87.5%:  97%|█████████▋| 74/76 [00:06<00:00, 11.33it/s]
17/20 epoch | loss: 0.3957 | accuracy: 88.3%:  97%|█████████▋| 74/76 [00:06<00:00, 11.33it/s]
17/20 epoch | loss: 0.2767 | accuracy: 89.1%:  97%|█████████▋| 74/76 [00:06<00:00, 11.33it/s]
17/20 epoch | loss: 0.2767 | accuracy: 89.1%: 100%|██████████| 76/76 [00:06<00:00, 11.25it/s]
17/20 epoch | loss: 0.2767 | accuracy: 89.1%: 100%|██████████| 76/76 [00:06<00:00, 11.45it/s]
train loss: 0.3300 train acc: 89.4% | val loss: 0.7764 val acc: 78.0%
saving checkpoint to checkpoints/classification/05-07_12-20-32/Classification_ckpt_epoch16_metric77.96.ckpt

  0%|          | 0/76 [00:00<?, ?it/s]
18/20 epoch | loss: 0.4793 | accuracy: 84.4%:   0%|          | 0/76 [00:00<?, ?it/s]
18/20 epoch | loss: 0.2688 | accuracy: 89.8%:   0%|          | 0/76 [00:00<?, ?it/s]
18/20 epoch | loss: 0.2688 | accuracy: 89.8%:   3%|▎         | 2/76 [00:00<00:06, 11.66it/s]
18/20 epoch | loss: 0.2870 | accuracy: 91.4%:   3%|▎         | 2/76 [00:00<00:06, 11.66it/s]
18/20 epoch | loss: 0.3238 | accuracy: 89.1%:   3%|▎         | 2/76 [00:00<00:06, 11.66it/s]
18/20 epoch | loss: 0.3238 | accuracy: 89.1%:   5%|▌         | 4/76 [00:00<00:06, 11.76it/s]
18/20 epoch | loss: 0.2474 | accuracy: 93.0%:   5%|▌         | 4/76 [00:00<00:06, 11.76it/s]
18/20 epoch | loss: 0.2328 | accuracy: 94.5%:   5%|▌         | 4/76 [00:00<00:06, 11.76it/s]
18/20 epoch | loss: 0.2328 | accuracy: 94.5%:   8%|▊         | 6/76 [00:00<00:05, 11.72it/s]
18/20 epoch | loss: 0.3692 | accuracy: 89.8%:   8%|▊         | 6/76 [00:00<00:05, 11.72it/s]
18/20 epoch | loss: 0.3051 | accuracy: 88.3%:   8%|▊         | 6/76 [00:00<00:05, 11.72it/s]
18/20 epoch | loss: 0.3051 | accuracy: 88.3%:  11%|█         | 8/76 [00:00<00:05, 11.75it/s]
18/20 epoch | loss: 0.4393 | accuracy: 83.6%:  11%|█         | 8/76 [00:00<00:05, 11.75it/s]
18/20 epoch | loss: 0.2819 | accuracy: 89.1%:  11%|█         | 8/76 [00:00<00:05, 11.75it/s]
18/20 epoch | loss: 0.2819 | accuracy: 89.1%:  13%|█▎        | 10/76 [00:00<00:05, 11.77it/s]
18/20 epoch | loss: 0.3483 | accuracy: 89.8%:  13%|█▎        | 10/76 [00:00<00:05, 11.77it/s]
18/20 epoch | loss: 0.3719 | accuracy: 85.9%:  13%|█▎        | 10/76 [00:01<00:05, 11.77it/s]
18/20 epoch | loss: 0.3719 | accuracy: 85.9%:  16%|█▌        | 12/76 [00:01<00:05, 11.73it/s]
18/20 epoch | loss: 0.2327 | accuracy: 91.4%:  16%|█▌        | 12/76 [00:01<00:05, 11.73it/s]
18/20 epoch | loss: 0.3080 | accuracy: 89.1%:  16%|█▌        | 12/76 [00:01<00:05, 11.73it/s]
18/20 epoch | loss: 0.3080 | accuracy: 89.1%:  18%|█▊        | 14/76 [00:01<00:05, 11.74it/s]
18/20 epoch | loss: 0.3830 | accuracy: 88.3%:  18%|█▊        | 14/76 [00:01<00:05, 11.74it/s]
18/20 epoch | loss: 0.2808 | accuracy: 90.6%:  18%|█▊        | 14/76 [00:01<00:05, 11.74it/s]
18/20 epoch | loss: 0.2808 | accuracy: 90.6%:  21%|██        | 16/76 [00:01<00:05, 11.61it/s]
18/20 epoch | loss: 0.2501 | accuracy: 93.8%:  21%|██        | 16/76 [00:01<00:05, 11.61it/s]
18/20 epoch | loss: 0.2614 | accuracy: 93.8%:  21%|██        | 16/76 [00:01<00:05, 11.61it/s]
18/20 epoch | loss: 0.2614 | accuracy: 93.8%:  24%|██▎       | 18/76 [00:01<00:05, 11.41it/s]
18/20 epoch | loss: 0.2774 | accuracy: 92.2%:  24%|██▎       | 18/76 [00:01<00:05, 11.41it/s]
18/20 epoch | loss: 0.2808 | accuracy: 90.6%:  24%|██▎       | 18/76 [00:01<00:05, 11.41it/s]
18/20 epoch | loss: 0.2808 | accuracy: 90.6%:  26%|██▋       | 20/76 [00:01<00:04, 11.53it/s]
18/20 epoch | loss: 0.1953 | accuracy: 93.0%:  26%|██▋       | 20/76 [00:01<00:04, 11.53it/s]
18/20 epoch | loss: 0.3286 | accuracy: 89.1%:  26%|██▋       | 20/76 [00:01<00:04, 11.53it/s]
18/20 epoch | loss: 0.3286 | accuracy: 89.1%:  29%|██▉       | 22/76 [00:01<00:04, 11.57it/s]
18/20 epoch | loss: 0.3028 | accuracy: 90.6%:  29%|██▉       | 22/76 [00:01<00:04, 11.57it/s]
18/20 epoch | loss: 0.3862 | accuracy: 87.5%:  29%|██▉       | 22/76 [00:02<00:04, 11.57it/s]
18/20 epoch | loss: 0.3862 | accuracy: 87.5%:  32%|███▏      | 24/76 [00:02<00:04, 11.64it/s]
18/20 epoch | loss: 0.3704 | accuracy: 90.6%:  32%|███▏      | 24/76 [00:02<00:04, 11.64it/s]
18/20 epoch | loss: 0.4081 | accuracy: 89.8%:  32%|███▏      | 24/76 [00:02<00:04, 11.64it/s]
18/20 epoch | loss: 0.4081 | accuracy: 89.8%:  34%|███▍      | 26/76 [00:02<00:04, 11.63it/s]
18/20 epoch | loss: 0.2727 | accuracy: 90.6%:  34%|███▍      | 26/76 [00:02<00:04, 11.63it/s]
18/20 epoch | loss: 0.2502 | accuracy: 94.5%:  34%|███▍      | 26/76 [00:02<00:04, 11.63it/s]
18/20 epoch | loss: 0.2502 | accuracy: 94.5%:  37%|███▋      | 28/76 [00:02<00:04, 11.35it/s]
18/20 epoch | loss: 0.2765 | accuracy: 90.6%:  37%|███▋      | 28/76 [00:02<00:04, 11.35it/s]
18/20 epoch | loss: 0.2706 | accuracy: 91.4%:  37%|███▋      | 28/76 [00:02<00:04, 11.35it/s]
18/20 epoch | loss: 0.2706 | accuracy: 91.4%:  39%|███▉      | 30/76 [00:02<00:04, 11.45it/s]
18/20 epoch | loss: 0.2088 | accuracy: 94.5%:  39%|███▉      | 30/76 [00:02<00:04, 11.45it/s]
18/20 epoch | loss: 0.3763 | accuracy: 88.3%:  39%|███▉      | 30/76 [00:02<00:04, 11.45it/s]
18/20 epoch | loss: 0.3763 | accuracy: 88.3%:  42%|████▏     | 32/76 [00:02<00:03, 11.53it/s]
18/20 epoch | loss: 0.5313 | accuracy: 83.6%:  42%|████▏     | 32/76 [00:02<00:03, 11.53it/s]
18/20 epoch | loss: 0.2650 | accuracy: 89.8%:  42%|████▏     | 32/76 [00:02<00:03, 11.53it/s]
18/20 epoch | loss: 0.2650 | accuracy: 89.8%:  45%|████▍     | 34/76 [00:02<00:03, 11.58it/s]
18/20 epoch | loss: 0.2618 | accuracy: 94.5%:  45%|████▍     | 34/76 [00:03<00:03, 11.58it/s]
18/20 epoch | loss: 0.3858 | accuracy: 86.7%:  45%|████▍     | 34/76 [00:03<00:03, 11.58it/s]
18/20 epoch | loss: 0.3858 | accuracy: 86.7%:  47%|████▋     | 36/76 [00:03<00:03, 11.62it/s]
18/20 epoch | loss: 0.2710 | accuracy: 92.2%:  47%|████▋     | 36/76 [00:03<00:03, 11.62it/s]
18/20 epoch | loss: 0.3632 | accuracy: 88.3%:  47%|████▋     | 36/76 [00:03<00:03, 11.62it/s]
18/20 epoch | loss: 0.3632 | accuracy: 88.3%:  50%|█████     | 38/76 [00:03<00:03, 11.59it/s]
18/20 epoch | loss: 0.3567 | accuracy: 86.7%:  50%|█████     | 38/76 [00:03<00:03, 11.59it/s]
18/20 epoch | loss: 0.3071 | accuracy: 88.3%:  50%|█████     | 38/76 [00:03<00:03, 11.59it/s]
18/20 epoch | loss: 0.3071 | accuracy: 88.3%:  53%|█████▎    | 40/76 [00:03<00:03, 11.26it/s]
18/20 epoch | loss: 0.2736 | accuracy: 91.4%:  53%|█████▎    | 40/76 [00:03<00:03, 11.26it/s]
18/20 epoch | loss: 0.3817 | accuracy: 89.8%:  53%|█████▎    | 40/76 [00:03<00:03, 11.26it/s]
18/20 epoch | loss: 0.3817 | accuracy: 89.8%:  55%|█████▌    | 42/76 [00:03<00:03, 11.28it/s]
18/20 epoch | loss: 0.3694 | accuracy: 89.1%:  55%|█████▌    | 42/76 [00:03<00:03, 11.28it/s]
18/20 epoch | loss: 0.3202 | accuracy: 90.6%:  55%|█████▌    | 42/76 [00:03<00:03, 11.28it/s]
18/20 epoch | loss: 0.3202 | accuracy: 90.6%:  58%|█████▊    | 44/76 [00:03<00:02, 11.42it/s]
18/20 epoch | loss: 0.4357 | accuracy: 86.7%:  58%|█████▊    | 44/76 [00:03<00:02, 11.42it/s]
18/20 epoch | loss: 0.2707 | accuracy: 89.8%:  58%|█████▊    | 44/76 [00:03<00:02, 11.42it/s]
18/20 epoch | loss: 0.2707 | accuracy: 89.8%:  61%|██████    | 46/76 [00:03<00:02, 11.50it/s]
18/20 epoch | loss: 0.3664 | accuracy: 89.1%:  61%|██████    | 46/76 [00:04<00:02, 11.50it/s]
18/20 epoch | loss: 0.2042 | accuracy: 93.8%:  61%|██████    | 46/76 [00:04<00:02, 11.50it/s]
18/20 epoch | loss: 0.2042 | accuracy: 93.8%:  63%|██████▎   | 48/76 [00:04<00:02, 11.55it/s]
18/20 epoch | loss: 0.3932 | accuracy: 86.7%:  63%|██████▎   | 48/76 [00:04<00:02, 11.55it/s]
18/20 epoch | loss: 0.2055 | accuracy: 93.8%:  63%|██████▎   | 48/76 [00:04<00:02, 11.55it/s]
18/20 epoch | loss: 0.2055 | accuracy: 93.8%:  66%|██████▌   | 50/76 [00:04<00:02, 11.57it/s]
18/20 epoch | loss: 0.3987 | accuracy: 86.7%:  66%|██████▌   | 50/76 [00:04<00:02, 11.57it/s]
18/20 epoch | loss: 0.2579 | accuracy: 93.0%:  66%|██████▌   | 50/76 [00:04<00:02, 11.57it/s]
18/20 epoch | loss: 0.2579 | accuracy: 93.0%:  68%|██████▊   | 52/76 [00:04<00:02, 11.00it/s]
18/20 epoch | loss: 0.3042 | accuracy: 91.4%:  68%|██████▊   | 52/76 [00:04<00:02, 11.00it/s]
18/20 epoch | loss: 0.4194 | accuracy: 85.9%:  68%|██████▊   | 52/76 [00:04<00:02, 11.00it/s]
18/20 epoch | loss: 0.4194 | accuracy: 85.9%:  71%|███████   | 54/76 [00:04<00:02, 10.32it/s]
18/20 epoch | loss: 0.3111 | accuracy: 88.3%:  71%|███████   | 54/76 [00:04<00:02, 10.32it/s]
18/20 epoch | loss: 0.2581 | accuracy: 91.4%:  71%|███████   | 54/76 [00:04<00:02, 10.32it/s]
18/20 epoch | loss: 0.2581 | accuracy: 91.4%:  74%|███████▎  | 56/76 [00:04<00:01, 10.69it/s]
18/20 epoch | loss: 0.4005 | accuracy: 85.9%:  74%|███████▎  | 56/76 [00:05<00:01, 10.69it/s]
18/20 epoch | loss: 0.3447 | accuracy: 90.6%:  74%|███████▎  | 56/76 [00:05<00:01, 10.69it/s]
18/20 epoch | loss: 0.3447 | accuracy: 90.6%:  76%|███████▋  | 58/76 [00:05<00:01, 10.98it/s]
18/20 epoch | loss: 0.4053 | accuracy: 87.5%:  76%|███████▋  | 58/76 [00:05<00:01, 10.98it/s]
18/20 epoch | loss: 0.4161 | accuracy: 83.6%:  76%|███████▋  | 58/76 [00:05<00:01, 10.98it/s]
18/20 epoch | loss: 0.4161 | accuracy: 83.6%:  79%|███████▉  | 60/76 [00:05<00:01, 11.19it/s]
18/20 epoch | loss: 0.2257 | accuracy: 94.5%:  79%|███████▉  | 60/76 [00:05<00:01, 11.19it/s]
18/20 epoch | loss: 0.3589 | accuracy: 90.6%:  79%|███████▉  | 60/76 [00:05<00:01, 11.19it/s]
18/20 epoch | loss: 0.3589 | accuracy: 90.6%:  82%|████████▏ | 62/76 [00:05<00:01, 11.33it/s]
18/20 epoch | loss: 0.3575 | accuracy: 89.8%:  82%|████████▏ | 62/76 [00:05<00:01, 11.33it/s]
18/20 epoch | loss: 0.3329 | accuracy: 89.8%:  82%|████████▏ | 62/76 [00:05<00:01, 11.33it/s]
18/20 epoch | loss: 0.3329 | accuracy: 89.8%:  84%|████████▍ | 64/76 [00:05<00:01, 11.10it/s]
18/20 epoch | loss: 0.3333 | accuracy: 87.5%:  84%|████████▍ | 64/76 [00:05<00:01, 11.10it/s]
18/20 epoch | loss: 0.2200 | accuracy: 95.3%:  84%|████████▍ | 64/76 [00:05<00:01, 11.10it/s]
18/20 epoch | loss: 0.2200 | accuracy: 95.3%:  87%|████████▋ | 66/76 [00:05<00:00, 11.27it/s]
18/20 epoch | loss: 0.3348 | accuracy: 90.6%:  87%|████████▋ | 66/76 [00:05<00:00, 11.27it/s]
18/20 epoch | loss: 0.3526 | accuracy: 85.2%:  87%|████████▋ | 66/76 [00:05<00:00, 11.27it/s]
18/20 epoch | loss: 0.3526 | accuracy: 85.2%:  89%|████████▉ | 68/76 [00:05<00:00, 11.39it/s]
18/20 epoch | loss: 0.3848 | accuracy: 89.1%:  89%|████████▉ | 68/76 [00:06<00:00, 11.39it/s]
18/20 epoch | loss: 0.3081 | accuracy: 90.6%:  89%|████████▉ | 68/76 [00:06<00:00, 11.39it/s]
18/20 epoch | loss: 0.3081 | accuracy: 90.6%:  92%|█████████▏| 70/76 [00:06<00:00, 11.49it/s]
18/20 epoch | loss: 0.4983 | accuracy: 82.8%:  92%|█████████▏| 70/76 [00:06<00:00, 11.49it/s]
18/20 epoch | loss: 0.3671 | accuracy: 89.1%:  92%|█████████▏| 70/76 [00:06<00:00, 11.49it/s]
18/20 epoch | loss: 0.3671 | accuracy: 89.1%:  95%|█████████▍| 72/76 [00:06<00:00, 11.52it/s]
18/20 epoch | loss: 0.2758 | accuracy: 92.2%:  95%|█████████▍| 72/76 [00:06<00:00, 11.52it/s]
18/20 epoch | loss: 0.4798 | accuracy: 87.5%:  95%|█████████▍| 72/76 [00:06<00:00, 11.52it/s]
18/20 epoch | loss: 0.4798 | accuracy: 87.5%:  97%|█████████▋| 74/76 [00:06<00:00, 11.58it/s]
18/20 epoch | loss: 0.3022 | accuracy: 89.8%:  97%|█████████▋| 74/76 [00:06<00:00, 11.58it/s]
18/20 epoch | loss: 0.2980 | accuracy: 93.0%:  97%|█████████▋| 74/76 [00:06<00:00, 11.58it/s]
18/20 epoch | loss: 0.2980 | accuracy: 93.0%: 100%|██████████| 76/76 [00:06<00:00, 11.60it/s]
18/20 epoch | loss: 0.2980 | accuracy: 93.0%: 100%|██████████| 76/76 [00:06<00:00, 11.42it/s]
train loss: 0.3261 train acc: 89.8% | val loss: 1.2626 val acc: 69.6%

  0%|          | 0/76 [00:00<?, ?it/s]
19/20 epoch | loss: 0.2464 | accuracy: 96.9%:   0%|          | 0/76 [00:00<?, ?it/s]
19/20 epoch | loss: 0.2464 | accuracy: 96.9%:   1%|▏         | 1/76 [00:00<00:08,  9.07it/s]
19/20 epoch | loss: 0.2273 | accuracy: 94.5%:   1%|▏         | 1/76 [00:00<00:08,  9.07it/s]
19/20 epoch | loss: 0.2709 | accuracy: 91.4%:   1%|▏         | 1/76 [00:00<00:08,  9.07it/s]
19/20 epoch | loss: 0.2709 | accuracy: 91.4%:   4%|▍         | 3/76 [00:00<00:06, 10.72it/s]
19/20 epoch | loss: 0.2982 | accuracy: 92.2%:   4%|▍         | 3/76 [00:00<00:06, 10.72it/s]
19/20 epoch | loss: 0.2491 | accuracy: 93.0%:   4%|▍         | 3/76 [00:00<00:06, 10.72it/s]
19/20 epoch | loss: 0.2491 | accuracy: 93.0%:   7%|▋         | 5/76 [00:00<00:06, 11.14it/s]
19/20 epoch | loss: 0.2887 | accuracy: 89.8%:   7%|▋         | 5/76 [00:00<00:06, 11.14it/s]
19/20 epoch | loss: 0.3318 | accuracy: 91.4%:   7%|▋         | 5/76 [00:00<00:06, 11.14it/s]
19/20 epoch | loss: 0.3318 | accuracy: 91.4%:   9%|▉         | 7/76 [00:00<00:06, 11.26it/s]
19/20 epoch | loss: 0.1779 | accuracy: 95.3%:   9%|▉         | 7/76 [00:00<00:06, 11.26it/s]
19/20 epoch | loss: 0.2433 | accuracy: 93.0%:   9%|▉         | 7/76 [00:00<00:06, 11.26it/s]
19/20 epoch | loss: 0.2433 | accuracy: 93.0%:  12%|█▏        | 9/76 [00:00<00:05, 11.38it/s]
19/20 epoch | loss: 0.4661 | accuracy: 85.9%:  12%|█▏        | 9/76 [00:00<00:05, 11.38it/s]
19/20 epoch | loss: 0.2725 | accuracy: 91.4%:  12%|█▏        | 9/76 [00:00<00:05, 11.38it/s]
19/20 epoch | loss: 0.2725 | accuracy: 91.4%:  14%|█▍        | 11/76 [00:00<00:05, 11.39it/s]
19/20 epoch | loss: 0.2909 | accuracy: 92.2%:  14%|█▍        | 11/76 [00:01<00:05, 11.39it/s]
19/20 epoch | loss: 0.4710 | accuracy: 86.7%:  14%|█▍        | 11/76 [00:01<00:05, 11.39it/s]
19/20 epoch | loss: 0.4710 | accuracy: 86.7%:  17%|█▋        | 13/76 [00:01<00:05, 11.48it/s]
19/20 epoch | loss: 0.3265 | accuracy: 86.7%:  17%|█▋        | 13/76 [00:01<00:05, 11.48it/s]
19/20 epoch | loss: 0.3744 | accuracy: 90.6%:  17%|█▋        | 13/76 [00:01<00:05, 11.48it/s]
19/20 epoch | loss: 0.3744 | accuracy: 90.6%:  20%|█▉        | 15/76 [00:01<00:05, 11.39it/s]
19/20 epoch | loss: 0.1683 | accuracy: 95.3%:  20%|█▉        | 15/76 [00:01<00:05, 11.39it/s]
19/20 epoch | loss: 0.2581 | accuracy: 93.0%:  20%|█▉        | 15/76 [00:01<00:05, 11.39it/s]
19/20 epoch | loss: 0.2581 | accuracy: 93.0%:  22%|██▏       | 17/76 [00:01<00:05, 11.47it/s]
19/20 epoch | loss: 0.1907 | accuracy: 93.0%:  22%|██▏       | 17/76 [00:01<00:05, 11.47it/s]
19/20 epoch | loss: 0.3045 | accuracy: 89.1%:  22%|██▏       | 17/76 [00:01<00:05, 11.47it/s]
19/20 epoch | loss: 0.3045 | accuracy: 89.1%:  25%|██▌       | 19/76 [00:01<00:04, 11.51it/s]
19/20 epoch | loss: 0.2776 | accuracy: 92.2%:  25%|██▌       | 19/76 [00:01<00:04, 11.51it/s]
19/20 epoch | loss: 0.2843 | accuracy: 89.8%:  25%|██▌       | 19/76 [00:01<00:04, 11.51it/s]
19/20 epoch | loss: 0.2843 | accuracy: 89.8%:  28%|██▊       | 21/76 [00:01<00:04, 11.26it/s]
19/20 epoch | loss: 0.2880 | accuracy: 91.4%:  28%|██▊       | 21/76 [00:01<00:04, 11.26it/s]
19/20 epoch | loss: 0.2280 | accuracy: 92.2%:  28%|██▊       | 21/76 [00:02<00:04, 11.26it/s]
19/20 epoch | loss: 0.2280 | accuracy: 92.2%:  30%|███       | 23/76 [00:02<00:04, 11.15it/s]
19/20 epoch | loss: 0.2453 | accuracy: 90.6%:  30%|███       | 23/76 [00:02<00:04, 11.15it/s]
19/20 epoch | loss: 0.3415 | accuracy: 87.5%:  30%|███       | 23/76 [00:02<00:04, 11.15it/s]
19/20 epoch | loss: 0.3415 | accuracy: 87.5%:  33%|███▎      | 25/76 [00:02<00:04, 11.32it/s]
19/20 epoch | loss: 0.2515 | accuracy: 93.8%:  33%|███▎      | 25/76 [00:02<00:04, 11.32it/s]
19/20 epoch | loss: 0.2553 | accuracy: 90.6%:  33%|███▎      | 25/76 [00:02<00:04, 11.32it/s]
19/20 epoch | loss: 0.2553 | accuracy: 90.6%:  36%|███▌      | 27/76 [00:02<00:04, 11.42it/s]
19/20 epoch | loss: 0.2376 | accuracy: 94.5%:  36%|███▌      | 27/76 [00:02<00:04, 11.42it/s]
19/20 epoch | loss: 0.2859 | accuracy: 92.2%:  36%|███▌      | 27/76 [00:02<00:04, 11.42it/s]
19/20 epoch | loss: 0.2859 | accuracy: 92.2%:  38%|███▊      | 29/76 [00:02<00:04, 11.52it/s]
19/20 epoch | loss: 0.3105 | accuracy: 93.0%:  38%|███▊      | 29/76 [00:02<00:04, 11.52it/s]
19/20 epoch | loss: 0.3704 | accuracy: 89.1%:  38%|███▊      | 29/76 [00:02<00:04, 11.52it/s]
19/20 epoch | loss: 0.3704 | accuracy: 89.1%:  41%|████      | 31/76 [00:02<00:03, 11.59it/s]
19/20 epoch | loss: 0.4878 | accuracy: 85.9%:  41%|████      | 31/76 [00:02<00:03, 11.59it/s]
19/20 epoch | loss: 0.3157 | accuracy: 89.1%:  41%|████      | 31/76 [00:02<00:03, 11.59it/s]
19/20 epoch | loss: 0.3157 | accuracy: 89.1%:  43%|████▎     | 33/76 [00:02<00:03, 11.65it/s]
19/20 epoch | loss: 0.3281 | accuracy: 89.1%:  43%|████▎     | 33/76 [00:02<00:03, 11.65it/s]
19/20 epoch | loss: 0.1833 | accuracy: 95.3%:  43%|████▎     | 33/76 [00:03<00:03, 11.65it/s]
19/20 epoch | loss: 0.1833 | accuracy: 95.3%:  46%|████▌     | 35/76 [00:03<00:03, 11.69it/s]
19/20 epoch | loss: 0.2878 | accuracy: 90.6%:  46%|████▌     | 35/76 [00:03<00:03, 11.69it/s]
19/20 epoch | loss: 0.3885 | accuracy: 89.1%:  46%|████▌     | 35/76 [00:03<00:03, 11.69it/s]
19/20 epoch | loss: 0.3885 | accuracy: 89.1%:  49%|████▊     | 37/76 [00:03<00:03, 11.71it/s]
19/20 epoch | loss: 0.2443 | accuracy: 92.2%:  49%|████▊     | 37/76 [00:03<00:03, 11.71it/s]
19/20 epoch | loss: 0.2489 | accuracy: 91.4%:  49%|████▊     | 37/76 [00:03<00:03, 11.71it/s]
19/20 epoch | loss: 0.2489 | accuracy: 91.4%:  51%|█████▏    | 39/76 [00:03<00:03, 11.67it/s]
19/20 epoch | loss: 0.2247 | accuracy: 93.0%:  51%|█████▏    | 39/76 [00:03<00:03, 11.67it/s]
19/20 epoch | loss: 0.2825 | accuracy: 91.4%:  51%|█████▏    | 39/76 [00:03<00:03, 11.67it/s]
19/20 epoch | loss: 0.2825 | accuracy: 91.4%:  54%|█████▍    | 41/76 [00:03<00:03, 10.87it/s]
19/20 epoch | loss: 0.4359 | accuracy: 86.7%:  54%|█████▍    | 41/76 [00:03<00:03, 10.87it/s]
19/20 epoch | loss: 0.3787 | accuracy: 87.5%:  54%|█████▍    | 41/76 [00:03<00:03, 10.87it/s]
19/20 epoch | loss: 0.3787 | accuracy: 87.5%:  57%|█████▋    | 43/76 [00:03<00:03, 10.30it/s]
19/20 epoch | loss: 0.4002 | accuracy: 89.1%:  57%|█████▋    | 43/76 [00:03<00:03, 10.30it/s]
19/20 epoch | loss: 0.3955 | accuracy: 87.5%:  57%|█████▋    | 43/76 [00:04<00:03, 10.30it/s]
19/20 epoch | loss: 0.3955 | accuracy: 87.5%:  59%|█████▉    | 45/76 [00:04<00:02, 10.68it/s]
19/20 epoch | loss: 0.4094 | accuracy: 86.7%:  59%|█████▉    | 45/76 [00:04<00:02, 10.68it/s]
19/20 epoch | loss: 0.4106 | accuracy: 88.3%:  59%|█████▉    | 45/76 [00:04<00:02, 10.68it/s]
19/20 epoch | loss: 0.4106 | accuracy: 88.3%:  62%|██████▏   | 47/76 [00:04<00:02, 10.98it/s]
19/20 epoch | loss: 0.2113 | accuracy: 92.2%:  62%|██████▏   | 47/76 [00:04<00:02, 10.98it/s]
19/20 epoch | loss: 0.3477 | accuracy: 88.3%:  62%|██████▏   | 47/76 [00:04<00:02, 10.98it/s]
19/20 epoch | loss: 0.3477 | accuracy: 88.3%:  64%|██████▍   | 49/76 [00:04<00:02, 10.87it/s]
19/20 epoch | loss: 0.2596 | accuracy: 93.0%:  64%|██████▍   | 49/76 [00:04<00:02, 10.87it/s]
19/20 epoch | loss: 0.2686 | accuracy: 92.2%:  64%|██████▍   | 49/76 [00:04<00:02, 10.87it/s]
19/20 epoch | loss: 0.2686 | accuracy: 92.2%:  67%|██████▋   | 51/76 [00:04<00:02, 11.07it/s]
19/20 epoch | loss: 0.2905 | accuracy: 90.6%:  67%|██████▋   | 51/76 [00:04<00:02, 11.07it/s]
19/20 epoch | loss: 0.2748 | accuracy: 91.4%:  67%|██████▋   | 51/76 [00:04<00:02, 11.07it/s]
19/20 epoch | loss: 0.2748 | accuracy: 91.4%:  70%|██████▉   | 53/76 [00:04<00:02, 11.16it/s]
19/20 epoch | loss: 0.4237 | accuracy: 83.6%:  70%|██████▉   | 53/76 [00:04<00:02, 11.16it/s]
19/20 epoch | loss: 0.2735 | accuracy: 89.8%:  70%|██████▉   | 53/76 [00:04<00:02, 11.16it/s]
19/20 epoch | loss: 0.2735 | accuracy: 89.8%:  72%|███████▏  | 55/76 [00:04<00:01, 11.31it/s]
19/20 epoch | loss: 0.3739 | accuracy: 87.5%:  72%|███████▏  | 55/76 [00:04<00:01, 11.31it/s]
19/20 epoch | loss: 0.3923 | accuracy: 89.1%:  72%|███████▏  | 55/76 [00:05<00:01, 11.31it/s]
19/20 epoch | loss: 0.3923 | accuracy: 89.1%:  75%|███████▌  | 57/76 [00:05<00:01, 11.41it/s]
19/20 epoch | loss: 0.2714 | accuracy: 92.2%:  75%|███████▌  | 57/76 [00:05<00:01, 11.41it/s]
19/20 epoch | loss: 0.4044 | accuracy: 87.5%:  75%|███████▌  | 57/76 [00:05<00:01, 11.41it/s]
19/20 epoch | loss: 0.4044 | accuracy: 87.5%:  78%|███████▊  | 59/76 [00:05<00:01, 11.37it/s]
19/20 epoch | loss: 0.3963 | accuracy: 89.1%:  78%|███████▊  | 59/76 [00:05<00:01, 11.37it/s]
19/20 epoch | loss: 0.3028 | accuracy: 89.8%:  78%|███████▊  | 59/76 [00:05<00:01, 11.37it/s]
19/20 epoch | loss: 0.3028 | accuracy: 89.8%:  80%|████████  | 61/76 [00:05<00:01, 11.48it/s]
19/20 epoch | loss: 0.2728 | accuracy: 91.4%:  80%|████████  | 61/76 [00:05<00:01, 11.48it/s]
19/20 epoch | loss: 0.3379 | accuracy: 87.5%:  80%|████████  | 61/76 [00:05<00:01, 11.48it/s]
19/20 epoch | loss: 0.3379 | accuracy: 87.5%:  83%|████████▎ | 63/76 [00:05<00:01, 11.56it/s]
19/20 epoch | loss: 0.1389 | accuracy: 96.1%:  83%|████████▎ | 63/76 [00:05<00:01, 11.56it/s]
19/20 epoch | loss: 0.4361 | accuracy: 89.1%:  83%|████████▎ | 63/76 [00:05<00:01, 11.56it/s]
19/20 epoch | loss: 0.4361 | accuracy: 89.1%:  86%|████████▌ | 65/76 [00:05<00:00, 11.53it/s]
19/20 epoch | loss: 0.3334 | accuracy: 89.1%:  86%|████████▌ | 65/76 [00:05<00:00, 11.53it/s]
19/20 epoch | loss: 0.3053 | accuracy: 90.6%:  86%|████████▌ | 65/76 [00:05<00:00, 11.53it/s]
19/20 epoch | loss: 0.3053 | accuracy: 90.6%:  88%|████████▊ | 67/76 [00:05<00:00, 10.98it/s]
19/20 epoch | loss: 0.3610 | accuracy: 88.3%:  88%|████████▊ | 67/76 [00:06<00:00, 10.98it/s]
19/20 epoch | loss: 0.4184 | accuracy: 83.6%:  88%|████████▊ | 67/76 [00:06<00:00, 10.98it/s]
19/20 epoch | loss: 0.4184 | accuracy: 83.6%:  91%|█████████ | 69/76 [00:06<00:00, 11.19it/s]
19/20 epoch | loss: 0.4365 | accuracy: 85.2%:  91%|█████████ | 69/76 [00:06<00:00, 11.19it/s]
19/20 epoch | loss: 0.2937 | accuracy: 89.1%:  91%|█████████ | 69/76 [00:06<00:00, 11.19it/s]
19/20 epoch | loss: 0.2937 | accuracy: 89.1%:  93%|█████████▎| 71/76 [00:06<00:00, 11.33it/s]
19/20 epoch | loss: 0.2221 | accuracy: 92.2%:  93%|█████████▎| 71/76 [00:06<00:00, 11.33it/s]
19/20 epoch | loss: 0.2685 | accuracy: 91.4%:  93%|█████████▎| 71/76 [00:06<00:00, 11.33it/s]
19/20 epoch | loss: 0.2685 | accuracy: 91.4%:  96%|█████████▌| 73/76 [00:06<00:00, 11.45it/s]
19/20 epoch | loss: 0.2670 | accuracy: 90.6%:  96%|█████████▌| 73/76 [00:06<00:00, 11.45it/s]
19/20 epoch | loss: 0.3884 | accuracy: 88.3%:  96%|█████████▌| 73/76 [00:06<00:00, 11.45it/s]
19/20 epoch | loss: 0.3884 | accuracy: 88.3%:  99%|█████████▊| 75/76 [00:06<00:00, 11.47it/s]
19/20 epoch | loss: 0.2252 | accuracy: 92.2%:  99%|█████████▊| 75/76 [00:06<00:00, 11.47it/s]
19/20 epoch | loss: 0.2252 | accuracy: 92.2%: 100%|██████████| 76/76 [00:06<00:00, 11.29it/s]
train loss: 0.3086 train acc: 90.4% | val loss: 0.6695 val acc: 81.7%
saving checkpoint to checkpoints/classification/05-07_12-20-32/Classification_ckpt_epoch18_metric81.69.ckpt

  0%|          | 0/76 [00:00<?, ?it/s]
20/20 epoch | loss: 0.2877 | accuracy: 93.0%:   0%|          | 0/76 [00:00<?, ?it/s]
20/20 epoch | loss: 0.3871 | accuracy: 89.1%:   0%|          | 0/76 [00:00<?, ?it/s]
20/20 epoch | loss: 0.3871 | accuracy: 89.1%:   3%|▎         | 2/76 [00:00<00:06, 11.69it/s]
20/20 epoch | loss: 0.2307 | accuracy: 92.2%:   3%|▎         | 2/76 [00:00<00:06, 11.69it/s]
20/20 epoch | loss: 0.2234 | accuracy: 93.8%:   3%|▎         | 2/76 [00:00<00:06, 11.69it/s]
20/20 epoch | loss: 0.2234 | accuracy: 93.8%:   5%|▌         | 4/76 [00:00<00:06, 11.74it/s]
20/20 epoch | loss: 0.1639 | accuracy: 96.1%:   5%|▌         | 4/76 [00:00<00:06, 11.74it/s]
20/20 epoch | loss: 0.2407 | accuracy: 88.3%:   5%|▌         | 4/76 [00:00<00:06, 11.74it/s]
20/20 epoch | loss: 0.2407 | accuracy: 88.3%:   8%|▊         | 6/76 [00:00<00:05, 11.74it/s]
20/20 epoch | loss: 0.2620 | accuracy: 89.8%:   8%|▊         | 6/76 [00:00<00:05, 11.74it/s]
20/20 epoch | loss: 0.2512 | accuracy: 92.2%:   8%|▊         | 6/76 [00:00<00:05, 11.74it/s]
20/20 epoch | loss: 0.2512 | accuracy: 92.2%:  11%|█         | 8/76 [00:00<00:05, 11.76it/s]
20/20 epoch | loss: 0.2433 | accuracy: 92.2%:  11%|█         | 8/76 [00:00<00:05, 11.76it/s]
20/20 epoch | loss: 0.3300 | accuracy: 86.7%:  11%|█         | 8/76 [00:00<00:05, 11.76it/s]
20/20 epoch | loss: 0.3300 | accuracy: 86.7%:  13%|█▎        | 10/76 [00:00<00:05, 11.77it/s]
20/20 epoch | loss: 0.3059 | accuracy: 89.1%:  13%|█▎        | 10/76 [00:00<00:05, 11.77it/s]
20/20 epoch | loss: 0.2563 | accuracy: 92.2%:  13%|█▎        | 10/76 [00:01<00:05, 11.77it/s]
20/20 epoch | loss: 0.2563 | accuracy: 92.2%:  16%|█▌        | 12/76 [00:01<00:05, 11.69it/s]
20/20 epoch | loss: 0.2094 | accuracy: 93.8%:  16%|█▌        | 12/76 [00:01<00:05, 11.69it/s]
20/20 epoch | loss: 0.1835 | accuracy: 95.3%:  16%|█▌        | 12/76 [00:01<00:05, 11.69it/s]
20/20 epoch | loss: 0.1835 | accuracy: 95.3%:  18%|█▊        | 14/76 [00:01<00:05, 11.73it/s]
20/20 epoch | loss: 0.1903 | accuracy: 93.8%:  18%|█▊        | 14/76 [00:01<00:05, 11.73it/s]
20/20 epoch | loss: 0.2394 | accuracy: 94.5%:  18%|█▊        | 14/76 [00:01<00:05, 11.73it/s]
20/20 epoch | loss: 0.2394 | accuracy: 94.5%:  21%|██        | 16/76 [00:01<00:05, 11.69it/s]
20/20 epoch | loss: 0.3075 | accuracy: 87.5%:  21%|██        | 16/76 [00:01<00:05, 11.69it/s]
20/20 epoch | loss: 0.3925 | accuracy: 87.5%:  21%|██        | 16/76 [00:01<00:05, 11.69it/s]
20/20 epoch | loss: 0.3925 | accuracy: 87.5%:  24%|██▎       | 18/76 [00:01<00:04, 11.67it/s]
20/20 epoch | loss: 0.2606 | accuracy: 91.4%:  24%|██▎       | 18/76 [00:01<00:04, 11.67it/s]
20/20 epoch | loss: 0.3383 | accuracy: 85.9%:  24%|██▎       | 18/76 [00:01<00:04, 11.67it/s]
20/20 epoch | loss: 0.3383 | accuracy: 85.9%:  26%|██▋       | 20/76 [00:01<00:04, 11.70it/s]
20/20 epoch | loss: 0.2449 | accuracy: 95.3%:  26%|██▋       | 20/76 [00:01<00:04, 11.70it/s]
20/20 epoch | loss: 0.2490 | accuracy: 89.8%:  26%|██▋       | 20/76 [00:01<00:04, 11.70it/s]
20/20 epoch | loss: 0.2490 | accuracy: 89.8%:  29%|██▉       | 22/76 [00:01<00:04, 11.41it/s]
20/20 epoch | loss: 0.3726 | accuracy: 85.9%:  29%|██▉       | 22/76 [00:01<00:04, 11.41it/s]
20/20 epoch | loss: 0.2158 | accuracy: 93.8%:  29%|██▉       | 22/76 [00:02<00:04, 11.41it/s]
20/20 epoch | loss: 0.2158 | accuracy: 93.8%:  32%|███▏      | 24/76 [00:02<00:04, 11.12it/s]
20/20 epoch | loss: 0.2525 | accuracy: 93.0%:  32%|███▏      | 24/76 [00:02<00:04, 11.12it/s]
20/20 epoch | loss: 0.2619 | accuracy: 89.8%:  32%|███▏      | 24/76 [00:02<00:04, 11.12it/s]
20/20 epoch | loss: 0.2619 | accuracy: 89.8%:  34%|███▍      | 26/76 [00:02<00:04, 11.30it/s]
20/20 epoch | loss: 0.3813 | accuracy: 89.8%:  34%|███▍      | 26/76 [00:02<00:04, 11.30it/s]
20/20 epoch | loss: 0.2460 | accuracy: 93.0%:  34%|███▍      | 26/76 [00:02<00:04, 11.30it/s]
20/20 epoch | loss: 0.2460 | accuracy: 93.0%:  37%|███▋      | 28/76 [00:02<00:04, 11.12it/s]
20/20 epoch | loss: 0.3694 | accuracy: 85.9%:  37%|███▋      | 28/76 [00:02<00:04, 11.12it/s]
20/20 epoch | loss: 0.3341 | accuracy: 90.6%:  37%|███▋      | 28/76 [00:02<00:04, 11.12it/s]
20/20 epoch | loss: 0.3341 | accuracy: 90.6%:  39%|███▉      | 30/76 [00:02<00:04, 11.22it/s]
20/20 epoch | loss: 0.3685 | accuracy: 89.1%:  39%|███▉      | 30/76 [00:02<00:04, 11.22it/s]
20/20 epoch | loss: 0.3024 | accuracy: 88.3%:  39%|███▉      | 30/76 [00:02<00:04, 11.22it/s]
20/20 epoch | loss: 0.3024 | accuracy: 88.3%:  42%|████▏     | 32/76 [00:02<00:03, 11.33it/s]
20/20 epoch | loss: 0.2042 | accuracy: 90.6%:  42%|████▏     | 32/76 [00:02<00:03, 11.33it/s]
20/20 epoch | loss: 0.3319 | accuracy: 89.8%:  42%|████▏     | 32/76 [00:02<00:03, 11.33it/s]
20/20 epoch | loss: 0.3319 | accuracy: 89.8%:  45%|████▍     | 34/76 [00:02<00:03, 11.41it/s]
20/20 epoch | loss: 0.2874 | accuracy: 90.6%:  45%|████▍     | 34/76 [00:03<00:03, 11.41it/s]
20/20 epoch | loss: 0.4421 | accuracy: 89.1%:  45%|████▍     | 34/76 [00:03<00:03, 11.41it/s]
20/20 epoch | loss: 0.4421 | accuracy: 89.1%:  47%|████▋     | 36/76 [00:03<00:03, 11.50it/s]
20/20 epoch | loss: 0.3507 | accuracy: 85.9%:  47%|████▋     | 36/76 [00:03<00:03, 11.50it/s]
20/20 epoch | loss: 0.1934 | accuracy: 93.8%:  47%|████▋     | 36/76 [00:03<00:03, 11.50it/s]
20/20 epoch | loss: 0.1934 | accuracy: 93.8%:  50%|█████     | 38/76 [00:03<00:03, 11.57it/s]
20/20 epoch | loss: 0.2661 | accuracy: 91.4%:  50%|█████     | 38/76 [00:03<00:03, 11.57it/s]
20/20 epoch | loss: 0.2656 | accuracy: 91.4%:  50%|█████     | 38/76 [00:03<00:03, 11.57it/s]
20/20 epoch | loss: 0.2656 | accuracy: 91.4%:  53%|█████▎    | 40/76 [00:03<00:03, 11.61it/s]
20/20 epoch | loss: 0.3240 | accuracy: 89.1%:  53%|█████▎    | 40/76 [00:03<00:03, 11.61it/s]
20/20 epoch | loss: 0.2366 | accuracy: 93.8%:  53%|█████▎    | 40/76 [00:03<00:03, 11.61it/s]
20/20 epoch | loss: 0.2366 | accuracy: 93.8%:  55%|█████▌    | 42/76 [00:03<00:02, 11.65it/s]
20/20 epoch | loss: 0.3019 | accuracy: 91.4%:  55%|█████▌    | 42/76 [00:03<00:02, 11.65it/s]
20/20 epoch | loss: 0.3429 | accuracy: 89.1%:  55%|█████▌    | 42/76 [00:03<00:02, 11.65it/s]
20/20 epoch | loss: 0.3429 | accuracy: 89.1%:  58%|█████▊    | 44/76 [00:03<00:02, 11.65it/s]
20/20 epoch | loss: 0.3957 | accuracy: 85.9%:  58%|█████▊    | 44/76 [00:03<00:02, 11.65it/s]
20/20 epoch | loss: 0.3702 | accuracy: 87.5%:  58%|█████▊    | 44/76 [00:04<00:02, 11.65it/s]
20/20 epoch | loss: 0.3702 | accuracy: 87.5%:  61%|██████    | 46/76 [00:04<00:02, 11.18it/s]
20/20 epoch | loss: 0.4371 | accuracy: 84.4%:  61%|██████    | 46/76 [00:04<00:02, 11.18it/s]
20/20 epoch | loss: 0.2644 | accuracy: 92.2%:  61%|██████    | 46/76 [00:04<00:02, 11.18it/s]
20/20 epoch | loss: 0.2644 | accuracy: 92.2%:  63%|██████▎   | 48/76 [00:04<00:02, 11.33it/s]
20/20 epoch | loss: 0.2693 | accuracy: 91.4%:  63%|██████▎   | 48/76 [00:04<00:02, 11.33it/s]
20/20 epoch | loss: 0.3587 | accuracy: 85.2%:  63%|██████▎   | 48/76 [00:04<00:02, 11.33it/s]
20/20 epoch | loss: 0.3587 | accuracy: 85.2%:  66%|██████▌   | 50/76 [00:04<00:02, 11.44it/s]
20/20 epoch | loss: 0.3118 | accuracy: 90.6%:  66%|██████▌   | 50/76 [00:04<00:02, 11.44it/s]
20/20 epoch | loss: 0.3751 | accuracy: 88.3%:  66%|██████▌   | 50/76 [00:04<00:02, 11.44it/s]
20/20 epoch | loss: 0.3751 | accuracy: 88.3%:  68%|██████▊   | 52/76 [00:04<00:02, 11.54it/s]
20/20 epoch | loss: 0.4423 | accuracy: 87.5%:  68%|██████▊   | 52/76 [00:04<00:02, 11.54it/s]
20/20 epoch | loss: 0.2908 | accuracy: 89.8%:  68%|██████▊   | 52/76 [00:04<00:02, 11.54it/s]
20/20 epoch | loss: 0.2908 | accuracy: 89.8%:  71%|███████   | 54/76 [00:04<00:01, 11.60it/s]
20/20 epoch | loss: 0.2617 | accuracy: 91.4%:  71%|███████   | 54/76 [00:04<00:01, 11.60it/s]
20/20 epoch | loss: 0.3467 | accuracy: 89.8%:  71%|███████   | 54/76 [00:04<00:01, 11.60it/s]
20/20 epoch | loss: 0.3467 | accuracy: 89.8%:  74%|███████▎  | 56/76 [00:04<00:01, 11.63it/s]
20/20 epoch | loss: 0.2420 | accuracy: 93.8%:  74%|███████▎  | 56/76 [00:04<00:01, 11.63it/s]
20/20 epoch | loss: 0.3571 | accuracy: 88.3%:  74%|███████▎  | 56/76 [00:05<00:01, 11.63it/s]
20/20 epoch | loss: 0.3571 | accuracy: 88.3%:  76%|███████▋  | 58/76 [00:05<00:01, 11.65it/s]
20/20 epoch | loss: 0.4622 | accuracy: 84.4%:  76%|███████▋  | 58/76 [00:05<00:01, 11.65it/s]
20/20 epoch | loss: 0.3312 | accuracy: 90.6%:  76%|███████▋  | 58/76 [00:05<00:01, 11.65it/s]
20/20 epoch | loss: 0.3312 | accuracy: 90.6%:  79%|███████▉  | 60/76 [00:05<00:01, 11.66it/s]
20/20 epoch | loss: 0.2775 | accuracy: 91.4%:  79%|███████▉  | 60/76 [00:05<00:01, 11.66it/s]
20/20 epoch | loss: 0.2863 | accuracy: 91.4%:  79%|███████▉  | 60/76 [00:05<00:01, 11.66it/s]
20/20 epoch | loss: 0.2863 | accuracy: 91.4%:  82%|████████▏ | 62/76 [00:05<00:01, 11.66it/s]
20/20 epoch | loss: 0.3341 | accuracy: 86.7%:  82%|████████▏ | 62/76 [00:05<00:01, 11.66it/s]
20/20 epoch | loss: 0.2671 | accuracy: 93.0%:  82%|████████▏ | 62/76 [00:05<00:01, 11.66it/s]
20/20 epoch | loss: 0.2671 | accuracy: 93.0%:  84%|████████▍ | 64/76 [00:05<00:01, 11.66it/s]
20/20 epoch | loss: 0.3764 | accuracy: 89.1%:  84%|████████▍ | 64/76 [00:05<00:01, 11.66it/s]
20/20 epoch | loss: 0.2508 | accuracy: 91.4%:  84%|████████▍ | 64/76 [00:05<00:01, 11.66it/s]
20/20 epoch | loss: 0.2508 | accuracy: 91.4%:  87%|████████▋ | 66/76 [00:05<00:00, 11.66it/s]
20/20 epoch | loss: 0.2435 | accuracy: 93.8%:  87%|████████▋ | 66/76 [00:05<00:00, 11.66it/s]
20/20 epoch | loss: 0.3386 | accuracy: 90.6%:  87%|████████▋ | 66/76 [00:05<00:00, 11.66it/s]
20/20 epoch | loss: 0.3386 | accuracy: 90.6%:  89%|████████▉ | 68/76 [00:05<00:00, 11.63it/s]
20/20 epoch | loss: 0.4112 | accuracy: 90.6%:  89%|████████▉ | 68/76 [00:05<00:00, 11.63it/s]
20/20 epoch | loss: 0.3483 | accuracy: 88.3%:  89%|████████▉ | 68/76 [00:06<00:00, 11.63it/s]
20/20 epoch | loss: 0.3483 | accuracy: 88.3%:  92%|█████████▏| 70/76 [00:06<00:00, 11.00it/s]
20/20 epoch | loss: 0.5172 | accuracy: 86.7%:  92%|█████████▏| 70/76 [00:06<00:00, 11.00it/s]
20/20 epoch | loss: 0.4087 | accuracy: 87.5%:  92%|█████████▏| 70/76 [00:06<00:00, 11.00it/s]
20/20 epoch | loss: 0.4087 | accuracy: 87.5%:  95%|█████████▍| 72/76 [00:06<00:00, 11.20it/s]
20/20 epoch | loss: 0.3724 | accuracy: 90.6%:  95%|█████████▍| 72/76 [00:06<00:00, 11.20it/s]
20/20 epoch | loss: 0.3131 | accuracy: 91.4%:  95%|█████████▍| 72/76 [00:06<00:00, 11.20it/s]
20/20 epoch | loss: 0.3131 | accuracy: 91.4%:  97%|█████████▋| 74/76 [00:06<00:00, 11.36it/s]
20/20 epoch | loss: 0.2770 | accuracy: 92.2%:  97%|█████████▋| 74/76 [00:06<00:00, 11.36it/s]
20/20 epoch | loss: 0.2839 | accuracy: 92.2%:  97%|█████████▋| 74/76 [00:06<00:00, 11.36it/s]
20/20 epoch | loss: 0.2839 | accuracy: 92.2%: 100%|██████████| 76/76 [00:06<00:00, 11.44it/s]
20/20 epoch | loss: 0.2839 | accuracy: 92.2%: 100%|██████████| 76/76 [00:06<00:00, 11.50it/s]
train loss: 0.3062 train acc: 90.3% | val loss: 1.0241 val acc: 73.3%
loaded best ckpt from checkpoints/classification/05-07_12-20-32/Classification_ckpt_epoch18_metric81.69.ckpt
test acc: 81.7%

$ python3 -u train_seg.py --epochs 20 --batch_size 128 --lr 0.001 --seed 1 --gpu 0 --amp
log: /mntdatalora/src/Pointnet-Shape-Analysis/training_runs/20260507_122029/segmentation.log
/mntdatalora/src/Pointnet-Shape-Analysis/sub-modules/pointnet/train_seg.py:94: FutureWarning: `torch.cuda.amp.GradScaler(args...)` is deprecated. Please use `torch.amp.GradScaler('cuda', args...)` instead.
  scaler = torch.cuda.amp.GradScaler(enabled=args.amp)

  0%|          | 0/94 [00:00<?, ?it/s]/mntdatalora/src/Pointnet-Shape-Analysis/sub-modules/pointnet/train_seg.py:40: FutureWarning: `torch.cuda.amp.autocast(args...)` is deprecated. Please use `torch.amp.autocast('cuda', args...)` instead.
  with torch.cuda.amp.autocast(enabled=use_amp):

1/20 epoch | loss: 4.0960 | accuracy: 1.6%:   0%|          | 0/94 [00:00<?, ?it/s]
1/20 epoch | loss: 4.0960 | accuracy: 1.6%:   1%|          | 1/94 [00:00<01:24,  1.11it/s]
1/20 epoch | loss: 3.9598 | accuracy: 11.9%:   1%|          | 1/94 [00:01<01:24,  1.11it/s]
1/20 epoch | loss: 3.9598 | accuracy: 11.9%:   2%|▏         | 2/94 [00:01<00:41,  2.24it/s]
1/20 epoch | loss: 3.5810 | accuracy: 26.8%:   2%|▏         | 2/94 [00:01<00:41,  2.24it/s]
1/20 epoch | loss: 3.5810 | accuracy: 26.8%:   3%|▎         | 3/94 [00:01<00:27,  3.36it/s]
1/20 epoch | loss: 3.3060 | accuracy: 32.9%:   3%|▎         | 3/94 [00:01<00:27,  3.36it/s]
1/20 epoch | loss: 3.3060 | accuracy: 32.9%:   4%|▍         | 4/94 [00:01<00:20,  4.41it/s]
1/20 epoch | loss: 3.0609 | accuracy: 39.8%:   4%|▍         | 4/94 [00:01<00:20,  4.41it/s]
1/20 epoch | loss: 3.0609 | accuracy: 39.8%:   5%|▌         | 5/94 [00:01<00:16,  5.29it/s]
1/20 epoch | loss: 2.8609 | accuracy: 43.5%:   5%|▌         | 5/94 [00:01<00:16,  5.29it/s]
1/20 epoch | loss: 2.8609 | accuracy: 43.5%:   6%|▋         | 6/94 [00:01<00:14,  5.93it/s]
1/20 epoch | loss: 2.7200 | accuracy: 45.3%:   6%|▋         | 6/94 [00:01<00:14,  5.93it/s]
1/20 epoch | loss: 2.7200 | accuracy: 45.3%:   7%|▋         | 7/94 [00:01<00:13,  6.51it/s]
1/20 epoch | loss: 2.4567 | accuracy: 53.5%:   7%|▋         | 7/94 [00:01<00:13,  6.51it/s]
1/20 epoch | loss: 2.4567 | accuracy: 53.5%:   9%|▊         | 8/94 [00:01<00:12,  7.00it/s]
1/20 epoch | loss: 2.5317 | accuracy: 50.5%:   9%|▊         | 8/94 [00:01<00:12,  7.00it/s]
1/20 epoch | loss: 2.5317 | accuracy: 50.5%:  10%|▉         | 9/94 [00:01<00:11,  7.35it/s]
1/20 epoch | loss: 2.3305 | accuracy: 54.1%:  10%|▉         | 9/94 [00:02<00:11,  7.35it/s]
1/20 epoch | loss: 2.3305 | accuracy: 54.1%:  11%|█         | 10/94 [00:02<00:11,  7.59it/s]
1/20 epoch | loss: 2.2062 | accuracy: 58.5%:  11%|█         | 10/94 [00:02<00:11,  7.59it/s]
1/20 epoch | loss: 2.2062 | accuracy: 58.5%:  12%|█▏        | 11/94 [00:02<00:10,  7.80it/s]
1/20 epoch | loss: 2.1051 | accuracy: 58.1%:  12%|█▏        | 11/94 [00:02<00:10,  7.80it/s]
1/20 epoch | loss: 2.1051 | accuracy: 58.1%:  13%|█▎        | 12/94 [00:02<00:10,  7.84it/s]
1/20 epoch | loss: 2.0459 | accuracy: 59.5%:  13%|█▎        | 12/94 [00:02<00:10,  7.84it/s]
1/20 epoch | loss: 2.0459 | accuracy: 59.5%:  14%|█▍        | 13/94 [00:02<00:10,  7.87it/s]
1/20 epoch | loss: 2.0048 | accuracy: 61.6%:  14%|█▍        | 13/94 [00:02<00:10,  7.87it/s]
1/20 epoch | loss: 2.0048 | accuracy: 61.6%:  15%|█▍        | 14/94 [00:02<00:10,  7.99it/s]
1/20 epoch | loss: 1.8811 | accuracy: 65.0%:  15%|█▍        | 14/94 [00:02<00:10,  7.99it/s]
1/20 epoch | loss: 1.8811 | accuracy: 65.0%:  16%|█▌        | 15/94 [00:02<00:09,  7.96it/s]
1/20 epoch | loss: 1.8500 | accuracy: 64.8%:  16%|█▌        | 15/94 [00:02<00:09,  7.96it/s]
1/20 epoch | loss: 1.8500 | accuracy: 64.8%:  17%|█▋        | 16/94 [00:02<00:10,  7.78it/s]
1/20 epoch | loss: 1.8104 | accuracy: 69.6%:  17%|█▋        | 16/94 [00:02<00:10,  7.78it/s]
1/20 epoch | loss: 1.8104 | accuracy: 69.6%:  18%|█▊        | 17/94 [00:02<00:10,  7.51it/s]
1/20 epoch | loss: 1.7556 | accuracy: 67.2%:  18%|█▊        | 17/94 [00:03<00:10,  7.51it/s]
1/20 epoch | loss: 1.7556 | accuracy: 67.2%:  19%|█▉        | 18/94 [00:03<00:09,  7.75it/s]
1/20 epoch | loss: 1.5395 | accuracy: 71.4%:  19%|█▉        | 18/94 [00:03<00:09,  7.75it/s]
1/20 epoch | loss: 1.5395 | accuracy: 71.4%:  20%|██        | 19/94 [00:03<00:09,  7.85it/s]
1/20 epoch | loss: 1.6004 | accuracy: 67.5%:  20%|██        | 19/94 [00:03<00:09,  7.85it/s]
1/20 epoch | loss: 1.6004 | accuracy: 67.5%:  21%|██▏       | 20/94 [00:03<00:09,  7.49it/s]
1/20 epoch | loss: 1.6092 | accuracy: 68.3%:  21%|██▏       | 20/94 [00:03<00:09,  7.49it/s]
1/20 epoch | loss: 1.6092 | accuracy: 68.3%:  22%|██▏       | 21/94 [00:03<00:10,  7.24it/s]
1/20 epoch | loss: 1.4027 | accuracy: 74.1%:  22%|██▏       | 21/94 [00:03<00:10,  7.24it/s]
1/20 epoch | loss: 1.4027 | accuracy: 74.1%:  23%|██▎       | 22/94 [00:03<00:10,  7.09it/s]
1/20 epoch | loss: 1.4239 | accuracy: 73.1%:  23%|██▎       | 22/94 [00:03<00:10,  7.09it/s]
1/20 epoch | loss: 1.4239 | accuracy: 73.1%:  24%|██▍       | 23/94 [00:03<00:10,  7.07it/s]
1/20 epoch | loss: 1.4163 | accuracy: 73.1%:  24%|██▍       | 23/94 [00:03<00:10,  7.07it/s]
1/20 epoch | loss: 1.4163 | accuracy: 73.1%:  26%|██▌       | 24/94 [00:03<00:09,  7.31it/s]
1/20 epoch | loss: 1.3647 | accuracy: 72.8%:  26%|██▌       | 24/94 [00:03<00:09,  7.31it/s]
1/20 epoch | loss: 1.3647 | accuracy: 72.8%:  27%|██▋       | 25/94 [00:03<00:09,  7.49it/s]
1/20 epoch | loss: 1.3315 | accuracy: 74.1%:  27%|██▋       | 25/94 [00:04<00:09,  7.49it/s]
1/20 epoch | loss: 1.3315 | accuracy: 74.1%:  28%|██▊       | 26/94 [00:04<00:09,  7.50it/s]
1/20 epoch | loss: 1.2596 | accuracy: 74.6%:  28%|██▊       | 26/94 [00:04<00:09,  7.50it/s]
1/20 epoch | loss: 1.2596 | accuracy: 74.6%:  29%|██▊       | 27/94 [00:04<00:08,  7.71it/s]
1/20 epoch | loss: 1.1626 | accuracy: 76.0%:  29%|██▊       | 27/94 [00:04<00:08,  7.71it/s]
1/20 epoch | loss: 1.1626 | accuracy: 76.0%:  30%|██▉       | 28/94 [00:04<00:09,  7.33it/s]
1/20 epoch | loss: 1.2477 | accuracy: 73.5%:  30%|██▉       | 28/94 [00:04<00:09,  7.33it/s]
1/20 epoch | loss: 1.2477 | accuracy: 73.5%:  31%|███       | 29/94 [00:04<00:09,  7.10it/s]
1/20 epoch | loss: 1.1148 | accuracy: 77.9%:  31%|███       | 29/94 [00:04<00:09,  7.10it/s]
1/20 epoch | loss: 1.1148 | accuracy: 77.9%:  32%|███▏      | 30/94 [00:04<00:08,  7.14it/s]
1/20 epoch | loss: 1.3699 | accuracy: 69.1%:  32%|███▏      | 30/94 [00:04<00:08,  7.14it/s]
1/20 epoch | loss: 1.3699 | accuracy: 69.1%:  33%|███▎      | 31/94 [00:04<00:08,  7.09it/s]
1/20 epoch | loss: 1.3520 | accuracy: 70.1%:  33%|███▎      | 31/94 [00:04<00:08,  7.09it/s]
1/20 epoch | loss: 1.3520 | accuracy: 70.1%:  34%|███▍      | 32/94 [00:04<00:09,  6.70it/s]
1/20 epoch | loss: 1.2470 | accuracy: 72.9%:  34%|███▍      | 32/94 [00:05<00:09,  6.70it/s]
1/20 epoch | loss: 1.2470 | accuracy: 72.9%:  35%|███▌      | 33/94 [00:05<00:11,  5.48it/s]
1/20 epoch | loss: 1.0639 | accuracy: 76.8%:  35%|███▌      | 33/94 [00:05<00:11,  5.48it/s]
1/20 epoch | loss: 1.0639 | accuracy: 76.8%:  36%|███▌      | 34/94 [00:05<00:11,  5.36it/s]
1/20 epoch | loss: 1.0818 | accuracy: 75.6%:  36%|███▌      | 34/94 [00:05<00:11,  5.36it/s]
1/20 epoch | loss: 1.0818 | accuracy: 75.6%:  37%|███▋      | 35/94 [00:05<00:10,  5.83it/s]
1/20 epoch | loss: 1.0974 | accuracy: 74.9%:  37%|███▋      | 35/94 [00:05<00:10,  5.83it/s]
1/20 epoch | loss: 1.0974 | accuracy: 74.9%:  38%|███▊      | 36/94 [00:05<00:09,  6.17it/s]
1/20 epoch | loss: 1.0951 | accuracy: 72.8%:  38%|███▊      | 36/94 [00:05<00:09,  6.17it/s]
1/20 epoch | loss: 1.0951 | accuracy: 72.8%:  39%|███▉      | 37/94 [00:05<00:08,  6.64it/s]
1/20 epoch | loss: 1.1233 | accuracy: 74.6%:  39%|███▉      | 37/94 [00:05<00:08,  6.64it/s]
1/20 epoch | loss: 1.1233 | accuracy: 74.6%:  40%|████      | 38/94 [00:05<00:07,  7.01it/s]
1/20 epoch | loss: 0.9937 | accuracy: 78.0%:  40%|████      | 38/94 [00:06<00:07,  7.01it/s]
1/20 epoch | loss: 0.9937 | accuracy: 78.0%:  41%|████▏     | 39/94 [00:06<00:07,  7.22it/s]
1/20 epoch | loss: 1.1215 | accuracy: 71.4%:  41%|████▏     | 39/94 [00:06<00:07,  7.22it/s]
1/20 epoch | loss: 1.1215 | accuracy: 71.4%:  43%|████▎     | 40/94 [00:06<00:07,  7.21it/s]
1/20 epoch | loss: 1.0771 | accuracy: 77.7%:  43%|████▎     | 40/94 [00:06<00:07,  7.21it/s]
1/20 epoch | loss: 1.0771 | accuracy: 77.7%:  44%|████▎     | 41/94 [00:06<00:07,  7.37it/s]
1/20 epoch | loss: 0.9451 | accuracy: 81.1%:  44%|████▎     | 41/94 [00:06<00:07,  7.37it/s]
1/20 epoch | loss: 0.9451 | accuracy: 81.1%:  45%|████▍     | 42/94 [00:06<00:06,  7.66it/s]
1/20 epoch | loss: 1.0808 | accuracy: 73.2%:  45%|████▍     | 42/94 [00:06<00:06,  7.66it/s]
1/20 epoch | loss: 1.0808 | accuracy: 73.2%:  46%|████▌     | 43/94 [00:06<00:06,  7.74it/s]
1/20 epoch | loss: 0.9636 | accuracy: 77.9%:  46%|████▌     | 43/94 [00:06<00:06,  7.74it/s]
1/20 epoch | loss: 0.9636 | accuracy: 77.9%:  47%|████▋     | 44/94 [00:06<00:06,  7.35it/s]
1/20 epoch | loss: 0.9370 | accuracy: 77.4%:  47%|████▋     | 44/94 [00:06<00:06,  7.35it/s]
1/20 epoch | loss: 0.9370 | accuracy: 77.4%:  48%|████▊     | 45/94 [00:06<00:06,  7.25it/s]
1/20 epoch | loss: 1.1262 | accuracy: 73.0%:  48%|████▊     | 45/94 [00:07<00:06,  7.25it/s]
1/20 epoch | loss: 1.1262 | accuracy: 73.0%:  49%|████▉     | 46/94 [00:07<00:06,  7.10it/s]
1/20 epoch | loss: 0.8048 | accuracy: 80.5%:  49%|████▉     | 46/94 [00:07<00:06,  7.10it/s]
1/20 epoch | loss: 0.8048 | accuracy: 80.5%:  50%|█████     | 47/94 [00:07<00:06,  6.92it/s]
1/20 epoch | loss: 1.0536 | accuracy: 74.1%:  50%|█████     | 47/94 [00:07<00:06,  6.92it/s]
1/20 epoch | loss: 1.0536 | accuracy: 74.1%:  51%|█████     | 48/94 [00:07<00:06,  6.87it/s]
1/20 epoch | loss: 0.8860 | accuracy: 78.3%:  51%|█████     | 48/94 [00:07<00:06,  6.87it/s]
1/20 epoch | loss: 0.8860 | accuracy: 78.3%:  52%|█████▏    | 49/94 [00:07<00:06,  6.89it/s]
1/20 epoch | loss: 0.8632 | accuracy: 78.8%:  52%|█████▏    | 49/94 [00:07<00:06,  6.89it/s]
1/20 epoch | loss: 0.8632 | accuracy: 78.8%:  53%|█████▎    | 50/94 [00:07<00:06,  6.87it/s]
1/20 epoch | loss: 0.8193 | accuracy: 81.8%:  53%|█████▎    | 50/94 [00:07<00:06,  6.87it/s]
1/20 epoch | loss: 0.8193 | accuracy: 81.8%:  54%|█████▍    | 51/94 [00:07<00:06,  6.85it/s]
1/20 epoch | loss: 0.8674 | accuracy: 78.3%:  54%|█████▍    | 51/94 [00:07<00:06,  6.85it/s]
1/20 epoch | loss: 0.8674 | accuracy: 78.3%:  55%|█████▌    | 52/94 [00:07<00:06,  6.65it/s]
1/20 epoch | loss: 0.7403 | accuracy: 81.7%:  55%|█████▌    | 52/94 [00:08<00:06,  6.65it/s]
1/20 epoch | loss: 0.7403 | accuracy: 81.7%:  56%|█████▋    | 53/94 [00:08<00:06,  6.73it/s]
1/20 epoch | loss: 0.8598 | accuracy: 79.5%:  56%|█████▋    | 53/94 [00:08<00:06,  6.73it/s]
1/20 epoch | loss: 0.8598 | accuracy: 79.5%:  57%|█████▋    | 54/94 [00:08<00:05,  6.80it/s]
1/20 epoch | loss: 0.8541 | accuracy: 78.5%:  57%|█████▋    | 54/94 [00:08<00:05,  6.80it/s]
1/20 epoch | loss: 0.8541 | accuracy: 78.5%:  59%|█████▊    | 55/94 [00:08<00:05,  7.03it/s]
1/20 epoch | loss: 0.7444 | accuracy: 81.9%:  59%|█████▊    | 55/94 [00:08<00:05,  7.03it/s]
1/20 epoch | loss: 0.7444 | accuracy: 81.9%:  60%|█████▉    | 56/94 [00:08<00:05,  7.11it/s]
1/20 epoch | loss: 0.9989 | accuracy: 77.1%:  60%|█████▉    | 56/94 [00:08<00:05,  7.11it/s]
1/20 epoch | loss: 0.9989 | accuracy: 77.1%:  61%|██████    | 57/94 [00:08<00:05,  7.07it/s]
1/20 epoch | loss: 0.9455 | accuracy: 76.5%:  61%|██████    | 57/94 [00:08<00:05,  7.07it/s]
1/20 epoch | loss: 0.9455 | accuracy: 76.5%:  62%|██████▏   | 58/94 [00:08<00:05,  7.04it/s]
1/20 epoch | loss: 0.7772 | accuracy: 81.8%:  62%|██████▏   | 58/94 [00:08<00:05,  7.04it/s]
1/20 epoch | loss: 0.7772 | accuracy: 81.8%:  63%|██████▎   | 59/94 [00:08<00:04,  7.04it/s]
1/20 epoch | loss: 0.8097 | accuracy: 79.7%:  63%|██████▎   | 59/94 [00:09<00:04,  7.04it/s]
1/20 epoch | loss: 0.8097 | accuracy: 79.7%:  64%|██████▍   | 60/94 [00:09<00:04,  7.04it/s]
1/20 epoch | loss: 0.9761 | accuracy: 76.2%:  64%|██████▍   | 60/94 [00:09<00:04,  7.04it/s]
1/20 epoch | loss: 0.9761 | accuracy: 76.2%:  65%|██████▍   | 61/94 [00:09<00:05,  6.55it/s]
1/20 epoch | loss: 0.8743 | accuracy: 78.3%:  65%|██████▍   | 61/94 [00:09<00:05,  6.55it/s]
1/20 epoch | loss: 0.8743 | accuracy: 78.3%:  66%|██████▌   | 62/94 [00:09<00:04,  6.50it/s]
1/20 epoch | loss: 0.8390 | accuracy: 78.1%:  66%|██████▌   | 62/94 [00:09<00:04,  6.50it/s]
1/20 epoch | loss: 0.8390 | accuracy: 78.1%:  67%|██████▋   | 63/94 [00:09<00:04,  6.53it/s]
1/20 epoch | loss: 0.7872 | accuracy: 82.8%:  67%|██████▋   | 63/94 [00:09<00:04,  6.53it/s]
1/20 epoch | loss: 0.7872 | accuracy: 82.8%:  68%|██████▊   | 64/94 [00:09<00:04,  6.65it/s]
1/20 epoch | loss: 0.9753 | accuracy: 76.6%:  68%|██████▊   | 64/94 [00:09<00:04,  6.65it/s]
1/20 epoch | loss: 0.9753 | accuracy: 76.6%:  69%|██████▉   | 65/94 [00:09<00:04,  6.68it/s]
1/20 epoch | loss: 0.9296 | accuracy: 76.9%:  69%|██████▉   | 65/94 [00:10<00:04,  6.68it/s]
1/20 epoch | loss: 0.9296 | accuracy: 76.9%:  70%|███████   | 66/94 [00:10<00:04,  6.68it/s]
1/20 epoch | loss: 0.7472 | accuracy: 82.1%:  70%|███████   | 66/94 [00:10<00:04,  6.68it/s]
1/20 epoch | loss: 0.7472 | accuracy: 82.1%:  71%|███████▏  | 67/94 [00:10<00:03,  6.79it/s]
1/20 epoch | loss: 0.8110 | accuracy: 78.9%:  71%|███████▏  | 67/94 [00:10<00:03,  6.79it/s]
1/20 epoch | loss: 0.8110 | accuracy: 78.9%:  72%|███████▏  | 68/94 [00:10<00:03,  6.81it/s]
1/20 epoch | loss: 0.7941 | accuracy: 79.5%:  72%|███████▏  | 68/94 [00:10<00:03,  6.81it/s]
1/20 epoch | loss: 0.7941 | accuracy: 79.5%:  73%|███████▎  | 69/94 [00:10<00:03,  6.85it/s]
1/20 epoch | loss: 0.8399 | accuracy: 77.8%:  73%|███████▎  | 69/94 [00:10<00:03,  6.85it/s]
1/20 epoch | loss: 0.8399 | accuracy: 77.8%:  74%|███████▍  | 70/94 [00:10<00:03,  6.88it/s]
1/20 epoch | loss: 0.6919 | accuracy: 83.0%:  74%|███████▍  | 70/94 [00:10<00:03,  6.88it/s]
1/20 epoch | loss: 0.6919 | accuracy: 83.0%:  76%|███████▌  | 71/94 [00:10<00:03,  6.92it/s]
1/20 epoch | loss: 0.7224 | accuracy: 83.0%:  76%|███████▌  | 71/94 [00:10<00:03,  6.92it/s]
1/20 epoch | loss: 0.7224 | accuracy: 83.0%:  77%|███████▋  | 72/94 [00:10<00:03,  6.90it/s]
1/20 epoch | loss: 0.7770 | accuracy: 81.9%:  77%|███████▋  | 72/94 [00:11<00:03,  6.90it/s]
1/20 epoch | loss: 0.7770 | accuracy: 81.9%:  78%|███████▊  | 73/94 [00:11<00:03,  6.94it/s]
1/20 epoch | loss: 0.6561 | accuracy: 83.8%:  78%|███████▊  | 73/94 [00:11<00:03,  6.94it/s]
1/20 epoch | loss: 0.6561 | accuracy: 83.8%:  79%|███████▊  | 74/94 [00:11<00:02,  7.02it/s]
1/20 epoch | loss: 0.8408 | accuracy: 79.9%:  79%|███████▊  | 74/94 [00:11<00:02,  7.02it/s]
1/20 epoch | loss: 0.8408 | accuracy: 79.9%:  80%|███████▉  | 75/94 [00:11<00:02,  7.00it/s]
1/20 epoch | loss: 0.6534 | accuracy: 83.9%:  80%|███████▉  | 75/94 [00:11<00:02,  7.00it/s]
1/20 epoch | loss: 0.6534 | accuracy: 83.9%:  81%|████████  | 76/94 [00:11<00:02,  6.73it/s]
1/20 epoch | loss: 0.7198 | accuracy: 80.1%:  81%|████████  | 76/94 [00:11<00:02,  6.73it/s]
1/20 epoch | loss: 0.7198 | accuracy: 80.1%:  82%|████████▏ | 77/94 [00:11<00:02,  6.85it/s]
1/20 epoch | loss: 0.7964 | accuracy: 78.9%:  82%|████████▏ | 77/94 [00:11<00:02,  6.85it/s]
1/20 epoch | loss: 0.7964 | accuracy: 78.9%:  83%|████████▎ | 78/94 [00:11<00:02,  6.92it/s]
1/20 epoch | loss: 0.6860 | accuracy: 81.8%:  83%|████████▎ | 78/94 [00:11<00:02,  6.92it/s]
1/20 epoch | loss: 0.6860 | accuracy: 81.8%:  84%|████████▍ | 79/94 [00:11<00:02,  6.94it/s]
1/20 epoch | loss: 0.7897 | accuracy: 79.8%:  84%|████████▍ | 79/94 [00:12<00:02,  6.94it/s]
1/20 epoch | loss: 0.7897 | accuracy: 79.8%:  85%|████████▌ | 80/94 [00:12<00:02,  4.99it/s]
1/20 epoch | loss: 0.6471 | accuracy: 84.2%:  85%|████████▌ | 80/94 [00:12<00:02,  4.99it/s]
1/20 epoch | loss: 0.6471 | accuracy: 84.2%:  86%|████████▌ | 81/94 [00:12<00:02,  5.47it/s]
1/20 epoch | loss: 0.7064 | accuracy: 81.3%:  86%|████████▌ | 81/94 [00:12<00:02,  5.47it/s]
1/20 epoch | loss: 0.7064 | accuracy: 81.3%:  87%|████████▋ | 82/94 [00:12<00:02,  5.84it/s]
1/20 epoch | loss: 0.8742 | accuracy: 79.0%:  87%|████████▋ | 82/94 [00:12<00:02,  5.84it/s]
1/20 epoch | loss: 0.8742 | accuracy: 79.0%:  88%|████████▊ | 83/94 [00:12<00:01,  5.96it/s]
1/20 epoch | loss: 0.8272 | accuracy: 79.5%:  88%|████████▊ | 83/94 [00:12<00:01,  5.96it/s]
1/20 epoch | loss: 0.8272 | accuracy: 79.5%:  89%|████████▉ | 84/94 [00:12<00:01,  6.19it/s]
1/20 epoch | loss: 0.7424 | accuracy: 79.6%:  89%|████████▉ | 84/94 [00:12<00:01,  6.19it/s]
1/20 epoch | loss: 0.7424 | accuracy: 79.6%:  90%|█████████ | 85/94 [00:12<00:01,  6.44it/s]
1/20 epoch | loss: 0.8575 | accuracy: 76.1%:  90%|█████████ | 85/94 [00:13<00:01,  6.44it/s]
1/20 epoch | loss: 0.8575 | accuracy: 76.1%:  91%|█████████▏| 86/94 [00:13<00:01,  6.57it/s]
1/20 epoch | loss: 0.6122 | accuracy: 84.4%:  91%|█████████▏| 86/94 [00:13<00:01,  6.57it/s]
1/20 epoch | loss: 0.6122 | accuracy: 84.4%:  93%|█████████▎| 87/94 [00:13<00:01,  6.71it/s]
1/20 epoch | loss: 0.8006 | accuracy: 79.0%:  93%|█████████▎| 87/94 [00:13<00:01,  6.71it/s]
1/20 epoch | loss: 0.8006 | accuracy: 79.0%:  94%|█████████▎| 88/94 [00:13<00:00,  6.70it/s]
1/20 epoch | loss: 0.6921 | accuracy: 80.0%:  94%|█████████▎| 88/94 [00:13<00:00,  6.70it/s]
1/20 epoch | loss: 0.6921 | accuracy: 80.0%:  95%|█████████▍| 89/94 [00:13<00:00,  6.33it/s]
1/20 epoch | loss: 0.8563 | accuracy: 78.6%:  95%|█████████▍| 89/94 [00:13<00:00,  6.33it/s]
1/20 epoch | loss: 0.8563 | accuracy: 78.6%:  96%|█████████▌| 90/94 [00:13<00:00,  6.54it/s]
1/20 epoch | loss: 0.9122 | accuracy: 76.4%:  96%|█████████▌| 90/94 [00:13<00:00,  6.54it/s]
1/20 epoch | loss: 0.9122 | accuracy: 76.4%:  97%|█████████▋| 91/94 [00:13<00:00,  6.49it/s]
1/20 epoch | loss: 0.8063 | accuracy: 78.6%:  97%|█████████▋| 91/94 [00:14<00:00,  6.49it/s]
1/20 epoch | loss: 0.8063 | accuracy: 78.6%:  98%|█████████▊| 92/94 [00:14<00:00,  6.58it/s]
1/20 epoch | loss: 0.6858 | accuracy: 82.1%:  98%|█████████▊| 92/94 [00:14<00:00,  6.58it/s]
1/20 epoch | loss: 0.6858 | accuracy: 82.1%:  99%|█████████▉| 93/94 [00:14<00:00,  6.47it/s]
1/20 epoch | loss: 0.5945 | accuracy: 83.8%:  99%|█████████▉| 93/94 [00:14<00:00,  6.47it/s]
1/20 epoch | loss: 0.5945 | accuracy: 83.8%: 100%|██████████| 94/94 [00:14<00:00,  6.46it/s]
1/20 epoch | loss: 0.5945 | accuracy: 83.8%: 100%|██████████| 94/94 [00:14<00:00,  6.56it/s]
train loss: 1.2687 | train acc: 72.0% | val loss: 0.7789 | val acc: 78.8% | val mIoU: 64.6%
saving checkpoint to checkpoints/segmentation/05-07_12-23-26/Segmentation_ckpt_epoch0_metric64.57.ckpt

  0%|          | 0/94 [00:00<?, ?it/s]
2/20 epoch | loss: 0.6600 | accuracy: 82.9%:   0%|          | 0/94 [00:00<?, ?it/s]
2/20 epoch | loss: 0.6600 | accuracy: 82.9%:   1%|          | 1/94 [00:00<00:11,  8.36it/s]
2/20 epoch | loss: 0.6986 | accuracy: 81.5%:   1%|          | 1/94 [00:00<00:11,  8.36it/s]
2/20 epoch | loss: 0.6986 | accuracy: 81.5%:   2%|▏         | 2/94 [00:00<00:11,  8.24it/s]
2/20 epoch | loss: 0.6883 | accuracy: 81.5%:   2%|▏         | 2/94 [00:00<00:11,  8.24it/s]
2/20 epoch | loss: 0.6883 | accuracy: 81.5%:   3%|▎         | 3/94 [00:00<00:11,  8.26it/s]
2/20 epoch | loss: 0.5959 | accuracy: 84.8%:   3%|▎         | 3/94 [00:00<00:11,  8.26it/s]
2/20 epoch | loss: 0.5959 | accuracy: 84.8%:   4%|▍         | 4/94 [00:00<00:10,  8.26it/s]
2/20 epoch | loss: 0.6699 | accuracy: 80.6%:   4%|▍         | 4/94 [00:00<00:10,  8.26it/s]
2/20 epoch | loss: 0.6699 | accuracy: 80.6%:   5%|▌         | 5/94 [00:00<00:11,  7.94it/s]
2/20 epoch | loss: 0.6657 | accuracy: 81.0%:   5%|▌         | 5/94 [00:00<00:11,  7.94it/s]
2/20 epoch | loss: 0.6657 | accuracy: 81.0%:   6%|▋         | 6/94 [00:00<00:10,  8.07it/s]
2/20 epoch | loss: 0.6210 | accuracy: 82.4%:   6%|▋         | 6/94 [00:00<00:10,  8.07it/s]
2/20 epoch | loss: 0.6210 | accuracy: 82.4%:   7%|▋         | 7/94 [00:00<00:10,  8.19it/s]
2/20 epoch | loss: 0.7571 | accuracy: 77.7%:   7%|▋         | 7/94 [00:00<00:10,  8.19it/s]
2/20 epoch | loss: 0.7571 | accuracy: 77.7%:   9%|▊         | 8/94 [00:00<00:10,  8.25it/s]
2/20 epoch | loss: 0.6222 | accuracy: 83.1%:   9%|▊         | 8/94 [00:01<00:10,  8.25it/s]
2/20 epoch | loss: 0.6222 | accuracy: 83.1%:  10%|▉         | 9/94 [00:01<00:10,  8.30it/s]
2/20 epoch | loss: 0.5392 | accuracy: 86.8%:  10%|▉         | 9/94 [00:01<00:10,  8.30it/s]
2/20 epoch | loss: 0.5392 | accuracy: 86.8%:  11%|█         | 10/94 [00:01<00:10,  8.32it/s]
2/20 epoch | loss: 0.6680 | accuracy: 82.8%:  11%|█         | 10/94 [00:01<00:10,  8.32it/s]
2/20 epoch | loss: 0.6680 | accuracy: 82.8%:  12%|█▏        | 11/94 [00:01<00:09,  8.34it/s]
2/20 epoch | loss: 0.6152 | accuracy: 82.4%:  12%|█▏        | 11/94 [00:01<00:09,  8.34it/s]
2/20 epoch | loss: 0.6152 | accuracy: 82.4%:  13%|█▎        | 12/94 [00:01<00:09,  8.36it/s]
2/20 epoch | loss: 0.7200 | accuracy: 80.6%:  13%|█▎        | 12/94 [00:01<00:09,  8.36it/s]
2/20 epoch | loss: 0.7200 | accuracy: 80.6%:  14%|█▍        | 13/94 [00:01<00:09,  8.27it/s]
2/20 epoch | loss: 0.6269 | accuracy: 82.9%:  14%|█▍        | 13/94 [00:01<00:09,  8.27it/s]
2/20 epoch | loss: 0.6269 | accuracy: 82.9%:  15%|█▍        | 14/94 [00:01<00:09,  8.17it/s]
2/20 epoch | loss: 0.6590 | accuracy: 81.7%:  15%|█▍        | 14/94 [00:01<00:09,  8.17it/s]
2/20 epoch | loss: 0.6590 | accuracy: 81.7%:  16%|█▌        | 15/94 [00:01<00:09,  8.21it/s]
2/20 epoch | loss: 0.5161 | accuracy: 86.1%:  16%|█▌        | 15/94 [00:01<00:09,  8.21it/s]
2/20 epoch | loss: 0.5161 | accuracy: 86.1%:  17%|█▋        | 16/94 [00:01<00:09,  8.23it/s]
2/20 epoch | loss: 0.6547 | accuracy: 81.5%:  17%|█▋        | 16/94 [00:02<00:09,  8.23it/s]
2/20 epoch | loss: 0.6547 | accuracy: 81.5%:  18%|█▊        | 17/94 [00:02<00:09,  8.22it/s]
2/20 epoch | loss: 0.6882 | accuracy: 81.4%:  18%|█▊        | 17/94 [00:02<00:09,  8.22it/s]
2/20 epoch | loss: 0.6882 | accuracy: 81.4%:  19%|█▉        | 18/94 [00:02<00:09,  8.26it/s]
2/20 epoch | loss: 0.5945 | accuracy: 83.0%:  19%|█▉        | 18/94 [00:02<00:09,  8.26it/s]
2/20 epoch | loss: 0.5945 | accuracy: 83.0%:  20%|██        | 19/94 [00:02<00:09,  8.27it/s]
2/20 epoch | loss: 0.7126 | accuracy: 79.7%:  20%|██        | 19/94 [00:02<00:09,  8.27it/s]
2/20 epoch | loss: 0.7126 | accuracy: 79.7%:  21%|██▏       | 20/94 [00:02<00:08,  8.27it/s]
2/20 epoch | loss: 0.6695 | accuracy: 82.6%:  21%|██▏       | 20/94 [00:02<00:08,  8.27it/s]
2/20 epoch | loss: 0.6695 | accuracy: 82.6%:  22%|██▏       | 21/94 [00:02<00:08,  8.29it/s]
2/20 epoch | loss: 0.6477 | accuracy: 83.1%:  22%|██▏       | 21/94 [00:02<00:08,  8.29it/s]
2/20 epoch | loss: 0.6477 | accuracy: 83.1%:  23%|██▎       | 22/94 [00:02<00:08,  8.30it/s]
2/20 epoch | loss: 0.6797 | accuracy: 82.3%:  23%|██▎       | 22/94 [00:02<00:08,  8.30it/s]
2/20 epoch | loss: 0.6797 | accuracy: 82.3%:  24%|██▍       | 23/94 [00:02<00:08,  8.33it/s]
2/20 epoch | loss: 0.8796 | accuracy: 78.8%:  24%|██▍       | 23/94 [00:02<00:08,  8.33it/s]
2/20 epoch | loss: 0.8796 | accuracy: 78.8%:  26%|██▌       | 24/94 [00:02<00:08,  8.33it/s]
2/20 epoch | loss: 0.6756 | accuracy: 80.5%:  26%|██▌       | 24/94 [00:03<00:08,  8.33it/s]
2/20 epoch | loss: 0.6756 | accuracy: 80.5%:  27%|██▋       | 25/94 [00:03<00:08,  8.35it/s]
2/20 epoch | loss: 0.6656 | accuracy: 82.3%:  27%|██▋       | 25/94 [00:03<00:08,  8.35it/s]
2/20 epoch | loss: 0.6656 | accuracy: 82.3%:  28%|██▊       | 26/94 [00:03<00:08,  8.38it/s]
2/20 epoch | loss: 0.7943 | accuracy: 79.0%:  28%|██▊       | 26/94 [00:03<00:08,  8.38it/s]
2/20 epoch | loss: 0.7943 | accuracy: 79.0%:  29%|██▊       | 27/94 [00:03<00:07,  8.39it/s]
2/20 epoch | loss: 0.7109 | accuracy: 81.5%:  29%|██▊       | 27/94 [00:03<00:07,  8.39it/s]
2/20 epoch | loss: 0.7109 | accuracy: 81.5%:  30%|██▉       | 28/94 [00:03<00:07,  8.39it/s]
2/20 epoch | loss: 0.6799 | accuracy: 83.0%:  30%|██▉       | 28/94 [00:03<00:07,  8.39it/s]
2/20 epoch | loss: 0.6799 | accuracy: 83.0%:  31%|███       | 29/94 [00:03<00:08,  7.83it/s]
2/20 epoch | loss: 0.6312 | accuracy: 82.7%:  31%|███       | 29/94 [00:03<00:08,  7.83it/s]
2/20 epoch | loss: 0.6312 | accuracy: 82.7%:  32%|███▏      | 30/94 [00:03<00:08,  7.87it/s]
2/20 epoch | loss: 0.7419 | accuracy: 81.0%:  32%|███▏      | 30/94 [00:03<00:08,  7.87it/s]
2/20 epoch | loss: 0.7419 | accuracy: 81.0%:  33%|███▎      | 31/94 [00:03<00:08,  7.87it/s]
2/20 epoch | loss: 0.6463 | accuracy: 82.1%:  33%|███▎      | 31/94 [00:03<00:08,  7.87it/s]
2/20 epoch | loss: 0.6463 | accuracy: 82.1%:  34%|███▍      | 32/94 [00:03<00:07,  8.00it/s]
2/20 epoch | loss: 0.6505 | accuracy: 82.8%:  34%|███▍      | 32/94 [00:04<00:07,  8.00it/s]
2/20 epoch | loss: 0.6505 | accuracy: 82.8%:  35%|███▌      | 33/94 [00:04<00:07,  8.08it/s]
2/20 epoch | loss: 0.5937 | accuracy: 84.2%:  35%|███▌      | 33/94 [00:04<00:07,  8.08it/s]
2/20 epoch | loss: 0.5937 | accuracy: 84.2%:  36%|███▌      | 34/94 [00:04<00:07,  8.17it/s]
2/20 epoch | loss: 0.7481 | accuracy: 80.9%:  36%|███▌      | 34/94 [00:04<00:07,  8.17it/s]
2/20 epoch | loss: 0.7481 | accuracy: 80.9%:  37%|███▋      | 35/94 [00:04<00:07,  8.24it/s]
2/20 epoch | loss: 0.7159 | accuracy: 80.4%:  37%|███▋      | 35/94 [00:04<00:07,  8.24it/s]
2/20 epoch | loss: 0.7159 | accuracy: 80.4%:  38%|███▊      | 36/94 [00:04<00:07,  8.28it/s]
2/20 epoch | loss: 0.7584 | accuracy: 79.6%:  38%|███▊      | 36/94 [00:04<00:07,  8.28it/s]
2/20 epoch | loss: 0.7584 | accuracy: 79.6%:  39%|███▉      | 37/94 [00:04<00:06,  8.32it/s]
2/20 epoch | loss: 0.5538 | accuracy: 85.8%:  39%|███▉      | 37/94 [00:04<00:06,  8.32it/s]
2/20 epoch | loss: 0.5538 | accuracy: 85.8%:  40%|████      | 38/94 [00:04<00:06,  8.25it/s]
2/20 epoch | loss: 0.5320 | accuracy: 86.5%:  40%|████      | 38/94 [00:04<00:06,  8.25it/s]
2/20 epoch | loss: 0.5320 | accuracy: 86.5%:  41%|████▏     | 39/94 [00:04<00:06,  8.28it/s]
2/20 epoch | loss: 0.7180 | accuracy: 80.7%:  41%|████▏     | 39/94 [00:04<00:06,  8.28it/s]
2/20 epoch | loss: 0.7180 | accuracy: 80.7%:  43%|████▎     | 40/94 [00:04<00:06,  8.30it/s]
2/20 epoch | loss: 0.5680 | accuracy: 85.2%:  43%|████▎     | 40/94 [00:04<00:06,  8.30it/s]
2/20 epoch | loss: 0.5680 | accuracy: 85.2%:  44%|████▎     | 41/94 [00:04<00:06,  8.30it/s]
2/20 epoch | loss: 0.6492 | accuracy: 81.3%:  44%|████▎     | 41/94 [00:05<00:06,  8.30it/s]
2/20 epoch | loss: 0.6492 | accuracy: 81.3%:  45%|████▍     | 42/94 [00:05<00:06,  8.31it/s]
2/20 epoch | loss: 0.5899 | accuracy: 84.0%:  45%|████▍     | 42/94 [00:05<00:06,  8.31it/s]
2/20 epoch | loss: 0.5899 | accuracy: 84.0%:  46%|████▌     | 43/94 [00:05<00:06,  8.32it/s]
2/20 epoch | loss: 0.6776 | accuracy: 81.0%:  46%|████▌     | 43/94 [00:05<00:06,  8.32it/s]
2/20 epoch | loss: 0.6776 | accuracy: 81.0%:  47%|████▋     | 44/94 [00:05<00:05,  8.35it/s]
2/20 epoch | loss: 0.5444 | accuracy: 85.5%:  47%|████▋     | 44/94 [00:05<00:05,  8.35it/s]
2/20 epoch | loss: 0.5444 | accuracy: 85.5%:  48%|████▊     | 45/94 [00:05<00:05,  8.35it/s]
2/20 epoch | loss: 0.6353 | accuracy: 82.0%:  48%|████▊     | 45/94 [00:05<00:05,  8.35it/s]
2/20 epoch | loss: 0.6353 | accuracy: 82.0%:  49%|████▉     | 46/94 [00:05<00:05,  8.30it/s]
2/20 epoch | loss: 0.5986 | accuracy: 84.3%:  49%|████▉     | 46/94 [00:05<00:05,  8.30it/s]
2/20 epoch | loss: 0.5986 | accuracy: 84.3%:  50%|█████     | 47/94 [00:05<00:05,  8.20it/s]
2/20 epoch | loss: 0.5629 | accuracy: 85.4%:  50%|█████     | 47/94 [00:05<00:05,  8.20it/s]
2/20 epoch | loss: 0.5629 | accuracy: 85.4%:  51%|█████     | 48/94 [00:05<00:05,  7.78it/s]
2/20 epoch | loss: 0.6221 | accuracy: 83.8%:  51%|█████     | 48/94 [00:05<00:05,  7.78it/s]
2/20 epoch | loss: 0.6221 | accuracy: 83.8%:  52%|█████▏    | 49/94 [00:05<00:05,  7.91it/s]
2/20 epoch | loss: 0.7051 | accuracy: 80.6%:  52%|█████▏    | 49/94 [00:06<00:05,  7.91it/s]
2/20 epoch | loss: 0.7051 | accuracy: 80.6%:  53%|█████▎    | 50/94 [00:06<00:05,  7.71it/s]
2/20 epoch | loss: 0.5948 | accuracy: 81.9%:  53%|█████▎    | 50/94 [00:06<00:05,  7.71it/s]
2/20 epoch | loss: 0.5948 | accuracy: 81.9%:  54%|█████▍    | 51/94 [00:06<00:05,  7.90it/s]
2/20 epoch | loss: 0.6840 | accuracy: 81.6%:  54%|█████▍    | 51/94 [00:06<00:05,  7.90it/s]
2/20 epoch | loss: 0.6840 | accuracy: 81.6%:  55%|█████▌    | 52/94 [00:06<00:05,  8.03it/s]
2/20 epoch | loss: 0.5637 | accuracy: 83.9%:  55%|█████▌    | 52/94 [00:06<00:05,  8.03it/s]
2/20 epoch | loss: 0.5637 | accuracy: 83.9%:  56%|█████▋    | 53/94 [00:06<00:05,  8.10it/s]
2/20 epoch | loss: 0.5472 | accuracy: 84.6%:  56%|█████▋    | 53/94 [00:06<00:05,  8.10it/s]
2/20 epoch | loss: 0.5472 | accuracy: 84.6%:  57%|█████▋    | 54/94 [00:06<00:04,  8.11it/s]
2/20 epoch | loss: 0.5095 | accuracy: 86.9%:  57%|█████▋    | 54/94 [00:06<00:04,  8.11it/s]
2/20 epoch | loss: 0.5095 | accuracy: 86.9%:  59%|█████▊    | 55/94 [00:06<00:04,  8.18it/s]
2/20 epoch | loss: 0.7111 | accuracy: 80.9%:  59%|█████▊    | 55/94 [00:06<00:04,  8.18it/s]
2/20 epoch | loss: 0.7111 | accuracy: 80.9%:  60%|█████▉    | 56/94 [00:06<00:04,  8.21it/s]
2/20 epoch | loss: 0.4977 | accuracy: 86.1%:  60%|█████▉    | 56/94 [00:06<00:04,  8.21it/s]
2/20 epoch | loss: 0.4977 | accuracy: 86.1%:  61%|██████    | 57/94 [00:06<00:04,  8.27it/s]
2/20 epoch | loss: 0.6950 | accuracy: 81.9%:  61%|██████    | 57/94 [00:07<00:04,  8.27it/s]
2/20 epoch | loss: 0.6950 | accuracy: 81.9%:  62%|██████▏   | 58/94 [00:07<00:04,  8.30it/s]
2/20 epoch | loss: 0.6603 | accuracy: 81.9%:  62%|██████▏   | 58/94 [00:07<00:04,  8.30it/s]
2/20 epoch | loss: 0.6603 | accuracy: 81.9%:  63%|██████▎   | 59/94 [00:07<00:04,  8.29it/s]
2/20 epoch | loss: 0.6754 | accuracy: 80.5%:  63%|██████▎   | 59/94 [00:07<00:04,  8.29it/s]
2/20 epoch | loss: 0.6754 | accuracy: 80.5%:  64%|██████▍   | 60/94 [00:07<00:04,  8.30it/s]
2/20 epoch | loss: 0.5473 | accuracy: 84.7%:  64%|██████▍   | 60/94 [00:07<00:04,  8.30it/s]
2/20 epoch | loss: 0.5473 | accuracy: 84.7%:  65%|██████▍   | 61/94 [00:07<00:03,  8.31it/s]
2/20 epoch | loss: 0.6099 | accuracy: 83.8%:  65%|██████▍   | 61/94 [00:07<00:03,  8.31it/s]
2/20 epoch | loss: 0.6099 | accuracy: 83.8%:  66%|██████▌   | 62/94 [00:07<00:03,  8.35it/s]
2/20 epoch | loss: 0.5745 | accuracy: 84.0%:  66%|██████▌   | 62/94 [00:07<00:03,  8.35it/s]
2/20 epoch | loss: 0.5745 | accuracy: 84.0%:  67%|██████▋   | 63/94 [00:07<00:03,  8.34it/s]
2/20 epoch | loss: 0.5483 | accuracy: 85.4%:  67%|██████▋   | 63/94 [00:07<00:03,  8.34it/s]
2/20 epoch | loss: 0.5483 | accuracy: 85.4%:  68%|██████▊   | 64/94 [00:07<00:03,  8.30it/s]
2/20 epoch | loss: 0.6115 | accuracy: 85.5%:  68%|██████▊   | 64/94 [00:07<00:03,  8.30it/s]
2/20 epoch | loss: 0.6115 | accuracy: 85.5%:  69%|██████▉   | 65/94 [00:07<00:03,  7.93it/s]
2/20 epoch | loss: 0.6510 | accuracy: 81.9%:  69%|██████▉   | 65/94 [00:08<00:03,  7.93it/s]
2/20 epoch | loss: 0.6510 | accuracy: 81.9%:  70%|███████   | 66/94 [00:08<00:03,  8.04it/s]
2/20 epoch | loss: 0.5557 | accuracy: 84.0%:  70%|███████   | 66/94 [00:08<00:03,  8.04it/s]
2/20 epoch | loss: 0.5557 | accuracy: 84.0%:  71%|███████▏  | 67/94 [00:08<00:03,  8.14it/s]
2/20 epoch | loss: 0.6332 | accuracy: 80.3%:  71%|███████▏  | 67/94 [00:08<00:03,  8.14it/s]
2/20 epoch | loss: 0.6332 | accuracy: 80.3%:  72%|███████▏  | 68/94 [00:08<00:03,  8.19it/s]
2/20 epoch | loss: 0.5400 | accuracy: 85.2%:  72%|███████▏  | 68/94 [00:08<00:03,  8.19it/s]
2/20 epoch | loss: 0.5400 | accuracy: 85.2%:  73%|███████▎  | 69/94 [00:08<00:03,  8.23it/s]
2/20 epoch | loss: 0.5690 | accuracy: 83.0%:  73%|███████▎  | 69/94 [00:08<00:03,  8.23it/s]
2/20 epoch | loss: 0.5690 | accuracy: 83.0%:  74%|███████▍  | 70/94 [00:08<00:02,  8.25it/s]
2/20 epoch | loss: 0.5691 | accuracy: 83.1%:  74%|███████▍  | 70/94 [00:08<00:02,  8.25it/s]
2/20 epoch | loss: 0.5691 | accuracy: 83.1%:  76%|███████▌  | 71/94 [00:08<00:02,  8.25it/s]
2/20 epoch | loss: 0.4461 | accuracy: 87.4%:  76%|███████▌  | 71/94 [00:08<00:02,  8.25it/s]
2/20 epoch | loss: 0.4461 | accuracy: 87.4%:  77%|███████▋  | 72/94 [00:08<00:02,  8.26it/s]
2/20 epoch | loss: 0.6195 | accuracy: 82.8%:  77%|███████▋  | 72/94 [00:08<00:02,  8.26it/s]
2/20 epoch | loss: 0.6195 | accuracy: 82.8%:  78%|███████▊  | 73/94 [00:08<00:02,  8.28it/s]
2/20 epoch | loss: 0.4863 | accuracy: 86.5%:  78%|███████▊  | 73/94 [00:09<00:02,  8.28it/s]
2/20 epoch | loss: 0.4863 | accuracy: 86.5%:  79%|███████▊  | 74/94 [00:09<00:02,  8.34it/s]
2/20 epoch | loss: 0.5319 | accuracy: 83.2%:  79%|███████▊  | 74/94 [00:09<00:02,  8.34it/s]
2/20 epoch | loss: 0.5319 | accuracy: 83.2%:  80%|███████▉  | 75/94 [00:09<00:02,  8.35it/s]
2/20 epoch | loss: 0.5388 | accuracy: 83.7%:  80%|███████▉  | 75/94 [00:09<00:02,  8.35it/s]
2/20 epoch | loss: 0.5388 | accuracy: 83.7%:  81%|████████  | 76/94 [00:09<00:02,  8.33it/s]
2/20 epoch | loss: 0.5861 | accuracy: 83.6%:  81%|████████  | 76/94 [00:09<00:02,  8.33it/s]
2/20 epoch | loss: 0.5861 | accuracy: 83.6%:  82%|████████▏ | 77/94 [00:09<00:02,  8.33it/s]
2/20 epoch | loss: 0.5591 | accuracy: 84.4%:  82%|████████▏ | 77/94 [00:09<00:02,  8.33it/s]
2/20 epoch | loss: 0.5591 | accuracy: 84.4%:  83%|████████▎ | 78/94 [00:09<00:01,  8.24it/s]
2/20 epoch | loss: 0.5013 | accuracy: 86.4%:  83%|████████▎ | 78/94 [00:09<00:01,  8.24it/s]
2/20 epoch | loss: 0.5013 | accuracy: 86.4%:  84%|████████▍ | 79/94 [00:09<00:01,  8.28it/s]
2/20 epoch | loss: 0.4475 | accuracy: 87.5%:  84%|████████▍ | 79/94 [00:09<00:01,  8.28it/s]
2/20 epoch | loss: 0.4475 | accuracy: 87.5%:  85%|████████▌ | 80/94 [00:09<00:01,  8.23it/s]
2/20 epoch | loss: 0.4989 | accuracy: 86.1%:  85%|████████▌ | 80/94 [00:09<00:01,  8.23it/s]
2/20 epoch | loss: 0.4989 | accuracy: 86.1%:  86%|████████▌ | 81/94 [00:09<00:01,  8.18it/s]
2/20 epoch | loss: 0.6097 | accuracy: 83.7%:  86%|████████▌ | 81/94 [00:10<00:01,  8.18it/s]
2/20 epoch | loss: 0.6097 | accuracy: 83.7%:  87%|████████▋ | 82/94 [00:10<00:01,  7.86it/s]
2/20 epoch | loss: 0.6180 | accuracy: 83.9%:  87%|████████▋ | 82/94 [00:10<00:01,  7.86it/s]
2/20 epoch | loss: 0.6180 | accuracy: 83.9%:  88%|████████▊ | 83/94 [00:10<00:01,  7.99it/s]
2/20 epoch | loss: 0.5569 | accuracy: 84.2%:  88%|████████▊ | 83/94 [00:10<00:01,  7.99it/s]
2/20 epoch | loss: 0.5569 | accuracy: 84.2%:  89%|████████▉ | 84/94 [00:10<00:01,  7.81it/s]
2/20 epoch | loss: 0.6107 | accuracy: 83.7%:  89%|████████▉ | 84/94 [00:10<00:01,  7.81it/s]
2/20 epoch | loss: 0.6107 | accuracy: 83.7%:  90%|█████████ | 85/94 [00:10<00:01,  7.85it/s]
2/20 epoch | loss: 0.4645 | accuracy: 87.0%:  90%|█████████ | 85/94 [00:10<00:01,  7.85it/s]
2/20 epoch | loss: 0.4645 | accuracy: 87.0%:  91%|█████████▏| 86/94 [00:10<00:01,  7.79it/s]
2/20 epoch | loss: 0.5275 | accuracy: 83.7%:  91%|█████████▏| 86/94 [00:10<00:01,  7.79it/s]
2/20 epoch | loss: 0.5275 | accuracy: 83.7%:  93%|█████████▎| 87/94 [00:10<00:00,  7.79it/s]
2/20 epoch | loss: 0.5483 | accuracy: 84.5%:  93%|█████████▎| 87/94 [00:10<00:00,  7.79it/s]
2/20 epoch | loss: 0.5483 | accuracy: 84.5%:  94%|█████████▎| 88/94 [00:10<00:00,  7.89it/s]
2/20 epoch | loss: 0.5852 | accuracy: 82.4%:  94%|█████████▎| 88/94 [00:10<00:00,  7.89it/s]
2/20 epoch | loss: 0.5852 | accuracy: 82.4%:  95%|█████████▍| 89/94 [00:10<00:00,  7.91it/s]
2/20 epoch | loss: 0.5624 | accuracy: 83.8%:  95%|█████████▍| 89/94 [00:11<00:00,  7.91it/s]
2/20 epoch | loss: 0.5624 | accuracy: 83.8%:  96%|█████████▌| 90/94 [00:11<00:00,  7.94it/s]
2/20 epoch | loss: 0.5003 | accuracy: 86.3%:  96%|█████████▌| 90/94 [00:11<00:00,  7.94it/s]
2/20 epoch | loss: 0.5003 | accuracy: 86.3%:  97%|█████████▋| 91/94 [00:11<00:00,  8.02it/s]
2/20 epoch | loss: 0.5544 | accuracy: 85.5%:  97%|█████████▋| 91/94 [00:11<00:00,  8.02it/s]
2/20 epoch | loss: 0.5544 | accuracy: 85.5%:  98%|█████████▊| 92/94 [00:11<00:00,  8.01it/s]
2/20 epoch | loss: 0.5536 | accuracy: 84.8%:  98%|█████████▊| 92/94 [00:11<00:00,  8.01it/s]
2/20 epoch | loss: 0.5536 | accuracy: 84.8%:  99%|█████████▉| 93/94 [00:11<00:00,  7.98it/s]
2/20 epoch | loss: 0.4808 | accuracy: 86.4%:  99%|█████████▉| 93/94 [00:11<00:00,  7.98it/s]
2/20 epoch | loss: 0.4808 | accuracy: 86.4%: 100%|██████████| 94/94 [00:11<00:00,  8.06it/s]
2/20 epoch | loss: 0.4808 | accuracy: 86.4%: 100%|██████████| 94/94 [00:11<00:00,  8.16it/s]
train loss: 0.6144 | train acc: 83.2% | val loss: 0.5234 | val acc: 85.1% | val mIoU: 70.2%
saving checkpoint to checkpoints/segmentation/05-07_12-23-26/Segmentation_ckpt_epoch1_metric70.23.ckpt

  0%|          | 0/94 [00:00<?, ?it/s]
3/20 epoch | loss: 0.5510 | accuracy: 85.0%:   0%|          | 0/94 [00:00<?, ?it/s]
3/20 epoch | loss: 0.5510 | accuracy: 85.0%:   1%|          | 1/94 [00:00<00:13,  6.69it/s]
3/20 epoch | loss: 0.5429 | accuracy: 84.7%:   1%|          | 1/94 [00:00<00:13,  6.69it/s]
3/20 epoch | loss: 0.5429 | accuracy: 84.7%:   2%|▏         | 2/94 [00:00<00:16,  5.74it/s]
3/20 epoch | loss: 0.4284 | accuracy: 88.3%:   2%|▏         | 2/94 [00:00<00:16,  5.74it/s]
3/20 epoch | loss: 0.4284 | accuracy: 88.3%:   3%|▎         | 3/94 [00:00<00:14,  6.24it/s]
3/20 epoch | loss: 0.4049 | accuracy: 88.7%:   3%|▎         | 3/94 [00:00<00:14,  6.24it/s]
3/20 epoch | loss: 0.4049 | accuracy: 88.7%:   4%|▍         | 4/94 [00:00<00:14,  6.35it/s]
3/20 epoch | loss: 0.5776 | accuracy: 84.0%:   4%|▍         | 4/94 [00:00<00:14,  6.35it/s]
3/20 epoch | loss: 0.5776 | accuracy: 84.0%:   5%|▌         | 5/94 [00:00<00:15,  5.86it/s]
3/20 epoch | loss: 0.4780 | accuracy: 87.2%:   5%|▌         | 5/94 [00:01<00:15,  5.86it/s]
3/20 epoch | loss: 0.4780 | accuracy: 87.2%:   6%|▋         | 6/94 [00:01<00:15,  5.69it/s]
3/20 epoch | loss: 0.4221 | accuracy: 88.4%:   6%|▋         | 6/94 [00:01<00:15,  5.69it/s]
3/20 epoch | loss: 0.4221 | accuracy: 88.4%:   7%|▋         | 7/94 [00:01<00:14,  5.83it/s]
3/20 epoch | loss: 0.4847 | accuracy: 85.9%:   7%|▋         | 7/94 [00:01<00:14,  5.83it/s]
3/20 epoch | loss: 0.4847 | accuracy: 85.9%:   9%|▊         | 8/94 [00:01<00:14,  5.86it/s]
3/20 epoch | loss: 0.5253 | accuracy: 85.9%:   9%|▊         | 8/94 [00:01<00:14,  5.86it/s]
3/20 epoch | loss: 0.5253 | accuracy: 85.9%:  10%|▉         | 9/94 [00:01<00:13,  6.10it/s]
3/20 epoch | loss: 0.3984 | accuracy: 88.7%:  10%|▉         | 9/94 [00:01<00:13,  6.10it/s]
3/20 epoch | loss: 0.3984 | accuracy: 88.7%:  11%|█         | 10/94 [00:01<00:13,  6.35it/s]
3/20 epoch | loss: 0.4740 | accuracy: 86.2%:  11%|█         | 10/94 [00:01<00:13,  6.35it/s]
3/20 epoch | loss: 0.4740 | accuracy: 86.2%:  12%|█▏        | 11/94 [00:01<00:12,  6.57it/s]
3/20 epoch | loss: 0.4841 | accuracy: 86.0%:  12%|█▏        | 11/94 [00:01<00:12,  6.57it/s]
3/20 epoch | loss: 0.4841 | accuracy: 86.0%:  13%|█▎        | 12/94 [00:01<00:11,  7.03it/s]
3/20 epoch | loss: 0.4999 | accuracy: 85.4%:  13%|█▎        | 12/94 [00:02<00:11,  7.03it/s]
3/20 epoch | loss: 0.4999 | accuracy: 85.4%:  14%|█▍        | 13/94 [00:02<00:11,  7.16it/s]
3/20 epoch | loss: 0.3676 | accuracy: 88.9%:  14%|█▍        | 13/94 [00:02<00:11,  7.16it/s]
3/20 epoch | loss: 0.3676 | accuracy: 88.9%:  15%|█▍        | 14/94 [00:02<00:10,  7.49it/s]
3/20 epoch | loss: 0.5116 | accuracy: 85.3%:  15%|█▍        | 14/94 [00:02<00:10,  7.49it/s]
3/20 epoch | loss: 0.5116 | accuracy: 85.3%:  16%|█▌        | 15/94 [00:02<00:10,  7.71it/s]
3/20 epoch | loss: 0.4589 | accuracy: 86.9%:  16%|█▌        | 15/94 [00:02<00:10,  7.71it/s]
3/20 epoch | loss: 0.4589 | accuracy: 86.9%:  17%|█▋        | 16/94 [00:02<00:09,  7.89it/s]
3/20 epoch | loss: 0.3981 | accuracy: 88.2%:  17%|█▋        | 16/94 [00:02<00:09,  7.89it/s]
3/20 epoch | loss: 0.3981 | accuracy: 88.2%:  18%|█▊        | 17/94 [00:02<00:09,  8.01it/s]
3/20 epoch | loss: 0.5811 | accuracy: 82.1%:  18%|█▊        | 17/94 [00:02<00:09,  8.01it/s]
3/20 epoch | loss: 0.5811 | accuracy: 82.1%:  19%|█▉        | 18/94 [00:02<00:09,  8.11it/s]
3/20 epoch | loss: 0.5812 | accuracy: 83.1%:  19%|█▉        | 18/94 [00:02<00:09,  8.11it/s]
3/20 epoch | loss: 0.5812 | accuracy: 83.1%:  20%|██        | 19/94 [00:02<00:09,  8.19it/s]
3/20 epoch | loss: 0.4722 | accuracy: 85.3%:  20%|██        | 19/94 [00:02<00:09,  8.19it/s]
3/20 epoch | loss: 0.4722 | accuracy: 85.3%:  21%|██▏       | 20/94 [00:02<00:09,  8.17it/s]
3/20 epoch | loss: 0.5309 | accuracy: 84.7%:  21%|██▏       | 20/94 [00:03<00:09,  8.17it/s]
3/20 epoch | loss: 0.5309 | accuracy: 84.7%:  22%|██▏       | 21/94 [00:03<00:09,  7.97it/s]
3/20 epoch | loss: 0.5048 | accuracy: 85.2%:  22%|██▏       | 21/94 [00:03<00:09,  7.97it/s]
3/20 epoch | loss: 0.5048 | accuracy: 85.2%:  23%|██▎       | 22/94 [00:03<00:09,  7.72it/s]
3/20 epoch | loss: 0.6017 | accuracy: 84.4%:  23%|██▎       | 22/94 [00:03<00:09,  7.72it/s]
3/20 epoch | loss: 0.6017 | accuracy: 84.4%:  24%|██▍       | 23/94 [00:03<00:08,  7.90it/s]
3/20 epoch | loss: 0.5235 | accuracy: 86.0%:  24%|██▍       | 23/94 [00:03<00:08,  7.90it/s]
3/20 epoch | loss: 0.5235 | accuracy: 86.0%:  26%|██▌       | 24/94 [00:03<00:08,  8.04it/s]
3/20 epoch | loss: 0.4879 | accuracy: 85.7%:  26%|██▌       | 24/94 [00:03<00:08,  8.04it/s]
3/20 epoch | loss: 0.4879 | accuracy: 85.7%:  27%|██▋       | 25/94 [00:03<00:08,  8.13it/s]
3/20 epoch | loss: 0.6068 | accuracy: 82.6%:  27%|██▋       | 25/94 [00:03<00:08,  8.13it/s]
3/20 epoch | loss: 0.6068 | accuracy: 82.6%:  28%|██▊       | 26/94 [00:03<00:08,  8.19it/s]
3/20 epoch | loss: 0.4821 | accuracy: 86.3%:  28%|██▊       | 26/94 [00:03<00:08,  8.19it/s]
3/20 epoch | loss: 0.4821 | accuracy: 86.3%:  29%|██▊       | 27/94 [00:03<00:08,  8.25it/s]
3/20 epoch | loss: 0.4882 | accuracy: 86.0%:  29%|██▊       | 27/94 [00:03<00:08,  8.25it/s]
3/20 epoch | loss: 0.4882 | accuracy: 86.0%:  30%|██▉       | 28/94 [00:03<00:07,  8.30it/s]
3/20 epoch | loss: 0.5404 | accuracy: 84.2%:  30%|██▉       | 28/94 [00:03<00:07,  8.30it/s]
3/20 epoch | loss: 0.5404 | accuracy: 84.2%:  31%|███       | 29/94 [00:03<00:07,  8.33it/s]
3/20 epoch | loss: 0.4476 | accuracy: 87.6%:  31%|███       | 29/94 [00:04<00:07,  8.33it/s]
3/20 epoch | loss: 0.4476 | accuracy: 87.6%:  32%|███▏      | 30/94 [00:04<00:07,  8.35it/s]
3/20 epoch | loss: 0.5376 | accuracy: 84.7%:  32%|███▏      | 30/94 [00:04<00:07,  8.35it/s]
3/20 epoch | loss: 0.5376 | accuracy: 84.7%:  33%|███▎      | 31/94 [00:04<00:07,  8.37it/s]
3/20 epoch | loss: 0.6240 | accuracy: 83.2%:  33%|███▎      | 31/94 [00:04<00:07,  8.37it/s]
3/20 epoch | loss: 0.6240 | accuracy: 83.2%:  34%|███▍      | 32/94 [00:04<00:07,  8.30it/s]
3/20 epoch | loss: 0.5358 | accuracy: 85.8%:  34%|███▍      | 32/94 [00:04<00:07,  8.30it/s]
3/20 epoch | loss: 0.5358 | accuracy: 85.8%:  35%|███▌      | 33/94 [00:04<00:07,  8.34it/s]
3/20 epoch | loss: 0.5549 | accuracy: 83.7%:  35%|███▌      | 33/94 [00:04<00:07,  8.34it/s]
3/20 epoch | loss: 0.5549 | accuracy: 83.7%:  36%|███▌      | 34/94 [00:04<00:07,  8.26it/s]
3/20 epoch | loss: 0.4574 | accuracy: 87.1%:  36%|███▌      | 34/94 [00:04<00:07,  8.26it/s]
3/20 epoch | loss: 0.4574 | accuracy: 87.1%:  37%|███▋      | 35/94 [00:04<00:07,  8.29it/s]
3/20 epoch | loss: 0.5156 | accuracy: 86.2%:  37%|███▋      | 35/94 [00:04<00:07,  8.29it/s]
3/20 epoch | loss: 0.5156 | accuracy: 86.2%:  38%|███▊      | 36/94 [00:04<00:06,  8.32it/s]
3/20 epoch | loss: 0.5875 | accuracy: 81.7%:  38%|███▊      | 36/94 [00:04<00:06,  8.32it/s]
3/20 epoch | loss: 0.5875 | accuracy: 81.7%:  39%|███▉      | 37/94 [00:04<00:06,  8.30it/s]
3/20 epoch | loss: 0.5321 | accuracy: 83.7%:  39%|███▉      | 37/94 [00:05<00:06,  8.30it/s]
3/20 epoch | loss: 0.5321 | accuracy: 83.7%:  40%|████      | 38/94 [00:05<00:06,  8.28it/s]
3/20 epoch | loss: 0.4371 | accuracy: 87.0%:  40%|████      | 38/94 [00:05<00:06,  8.28it/s]
3/20 epoch | loss: 0.4371 | accuracy: 87.0%:  41%|████▏     | 39/94 [00:05<00:07,  7.78it/s]
3/20 epoch | loss: 0.5226 | accuracy: 85.7%:  41%|████▏     | 39/94 [00:05<00:07,  7.78it/s]
3/20 epoch | loss: 0.5226 | accuracy: 85.7%:  43%|████▎     | 40/94 [00:05<00:06,  7.93it/s]
3/20 epoch | loss: 0.5290 | accuracy: 84.3%:  43%|████▎     | 40/94 [00:05<00:06,  7.93it/s]
3/20 epoch | loss: 0.5290 | accuracy: 84.3%:  44%|████▎     | 41/94 [00:05<00:06,  8.05it/s]
3/20 epoch | loss: 0.4772 | accuracy: 88.1%:  44%|████▎     | 41/94 [00:05<00:06,  8.05it/s]
3/20 epoch | loss: 0.4772 | accuracy: 88.1%:  45%|████▍     | 42/94 [00:05<00:06,  8.11it/s]
3/20 epoch | loss: 0.7230 | accuracy: 82.4%:  45%|████▍     | 42/94 [00:05<00:06,  8.11it/s]
3/20 epoch | loss: 0.7230 | accuracy: 82.4%:  46%|████▌     | 43/94 [00:05<00:06,  8.16it/s]
3/20 epoch | loss: 0.5359 | accuracy: 86.7%:  46%|████▌     | 43/94 [00:05<00:06,  8.16it/s]
3/20 epoch | loss: 0.5359 | accuracy: 86.7%:  47%|████▋     | 44/94 [00:05<00:06,  7.92it/s]
3/20 epoch | loss: 0.5562 | accuracy: 83.7%:  47%|████▋     | 44/94 [00:05<00:06,  7.92it/s]
3/20 epoch | loss: 0.5562 | accuracy: 83.7%:  48%|████▊     | 45/94 [00:05<00:06,  7.28it/s]
3/20 epoch | loss: 0.5427 | accuracy: 83.5%:  48%|████▊     | 45/94 [00:06<00:06,  7.28it/s]
3/20 epoch | loss: 0.5427 | accuracy: 83.5%:  49%|████▉     | 46/94 [00:06<00:06,  7.10it/s]
3/20 epoch | loss: 0.4022 | accuracy: 88.0%:  49%|████▉     | 46/94 [00:06<00:06,  7.10it/s]
3/20 epoch | loss: 0.4022 | accuracy: 88.0%:  50%|█████     | 47/94 [00:06<00:06,  6.98it/s]
3/20 epoch | loss: 0.5300 | accuracy: 84.9%:  50%|█████     | 47/94 [00:06<00:06,  6.98it/s]
3/20 epoch | loss: 0.5300 | accuracy: 84.9%:  51%|█████     | 48/94 [00:06<00:06,  6.83it/s]
3/20 epoch | loss: 0.4758 | accuracy: 86.8%:  51%|█████     | 48/94 [00:06<00:06,  6.83it/s]
3/20 epoch | loss: 0.4758 | accuracy: 86.8%:  52%|█████▏    | 49/94 [00:06<00:06,  6.86it/s]
3/20 epoch | loss: 0.3925 | accuracy: 88.4%:  52%|█████▏    | 49/94 [00:06<00:06,  6.86it/s]
3/20 epoch | loss: 0.3925 | accuracy: 88.4%:  53%|█████▎    | 50/94 [00:06<00:06,  6.92it/s]
3/20 epoch | loss: 0.4280 | accuracy: 87.2%:  53%|█████▎    | 50/94 [00:06<00:06,  6.92it/s]
3/20 epoch | loss: 0.4280 | accuracy: 87.2%:  54%|█████▍    | 51/94 [00:06<00:06,  6.89it/s]
3/20 epoch | loss: 0.4480 | accuracy: 86.5%:  54%|█████▍    | 51/94 [00:07<00:06,  6.89it/s]
3/20 epoch | loss: 0.4480 | accuracy: 86.5%:  55%|█████▌    | 52/94 [00:07<00:06,  6.79it/s]
3/20 epoch | loss: 0.3808 | accuracy: 88.1%:  55%|█████▌    | 52/94 [00:07<00:06,  6.79it/s]
3/20 epoch | loss: 0.3808 | accuracy: 88.1%:  56%|█████▋    | 53/94 [00:07<00:05,  6.98it/s]
3/20 epoch | loss: 0.4903 | accuracy: 86.3%:  56%|█████▋    | 53/94 [00:07<00:05,  6.98it/s]
3/20 epoch | loss: 0.4903 | accuracy: 86.3%:  57%|█████▋    | 54/94 [00:07<00:06,  6.62it/s]
3/20 epoch | loss: 0.4144 | accuracy: 87.8%:  57%|█████▋    | 54/94 [00:07<00:06,  6.62it/s]
3/20 epoch | loss: 0.4144 | accuracy: 87.8%:  59%|█████▊    | 55/94 [00:07<00:05,  6.64it/s]
3/20 epoch | loss: 0.5764 | accuracy: 84.6%:  59%|█████▊    | 55/94 [00:07<00:05,  6.64it/s]
3/20 epoch | loss: 0.5764 | accuracy: 84.6%:  60%|█████▉    | 56/94 [00:07<00:05,  6.79it/s]
3/20 epoch | loss: 0.6058 | accuracy: 83.2%:  60%|█████▉    | 56/94 [00:07<00:05,  6.79it/s]
3/20 epoch | loss: 0.6058 | accuracy: 83.2%:  61%|██████    | 57/94 [00:07<00:05,  6.82it/s]
3/20 epoch | loss: 0.5627 | accuracy: 85.3%:  61%|██████    | 57/94 [00:07<00:05,  6.82it/s]
3/20 epoch | loss: 0.5627 | accuracy: 85.3%:  62%|██████▏   | 58/94 [00:07<00:05,  6.82it/s]
3/20 epoch | loss: 0.4493 | accuracy: 86.8%:  62%|██████▏   | 58/94 [00:08<00:05,  6.82it/s]
3/20 epoch | loss: 0.4493 | accuracy: 86.8%:  63%|██████▎   | 59/94 [00:08<00:05,  6.65it/s]
3/20 epoch | loss: 0.3986 | accuracy: 87.3%:  63%|██████▎   | 59/94 [00:08<00:05,  6.65it/s]
3/20 epoch | loss: 0.3986 | accuracy: 87.3%:  64%|██████▍   | 60/94 [00:08<00:05,  6.77it/s]
3/20 epoch | loss: 0.4813 | accuracy: 85.8%:  64%|██████▍   | 60/94 [00:08<00:05,  6.77it/s]
3/20 epoch | loss: 0.4813 | accuracy: 85.8%:  65%|██████▍   | 61/94 [00:08<00:04,  6.97it/s]
3/20 epoch | loss: 0.4694 | accuracy: 85.6%:  65%|██████▍   | 61/94 [00:08<00:04,  6.97it/s]
3/20 epoch | loss: 0.4694 | accuracy: 85.6%:  66%|██████▌   | 62/94 [00:08<00:04,  7.08it/s]
3/20 epoch | loss: 0.3714 | accuracy: 88.8%:  66%|██████▌   | 62/94 [00:08<00:04,  7.08it/s]
3/20 epoch | loss: 0.3714 | accuracy: 88.8%:  67%|██████▋   | 63/94 [00:08<00:04,  7.06it/s]
3/20 epoch | loss: 0.4718 | accuracy: 85.0%:  67%|██████▋   | 63/94 [00:08<00:04,  7.06it/s]
3/20 epoch | loss: 0.4718 | accuracy: 85.0%:  68%|██████▊   | 64/94 [00:08<00:04,  6.98it/s]
3/20 epoch | loss: 0.5018 | accuracy: 86.0%:  68%|██████▊   | 64/94 [00:08<00:04,  6.98it/s]
3/20 epoch | loss: 0.5018 | accuracy: 86.0%:  69%|██████▉   | 65/94 [00:08<00:04,  6.92it/s]
3/20 epoch | loss: 0.4696 | accuracy: 85.7%:  69%|██████▉   | 65/94 [00:09<00:04,  6.92it/s]
3/20 epoch | loss: 0.4696 | accuracy: 85.7%:  70%|███████   | 66/94 [00:09<00:04,  6.97it/s]
3/20 epoch | loss: 0.5172 | accuracy: 85.5%:  70%|███████   | 66/94 [00:09<00:04,  6.97it/s]
3/20 epoch | loss: 0.5172 | accuracy: 85.5%:  71%|███████▏  | 67/94 [00:09<00:03,  6.99it/s]
3/20 epoch | loss: 0.4385 | accuracy: 86.8%:  71%|███████▏  | 67/94 [00:09<00:03,  6.99it/s]
3/20 epoch | loss: 0.4385 | accuracy: 86.8%:  72%|███████▏  | 68/94 [00:09<00:03,  6.87it/s]
3/20 epoch | loss: 0.3974 | accuracy: 89.1%:  72%|███████▏  | 68/94 [00:09<00:03,  6.87it/s]
3/20 epoch | loss: 0.3974 | accuracy: 89.1%:  73%|███████▎  | 69/94 [00:09<00:03,  6.67it/s]
3/20 epoch | loss: 0.4560 | accuracy: 83.8%:  73%|███████▎  | 69/94 [00:09<00:03,  6.67it/s]
3/20 epoch | loss: 0.4560 | accuracy: 83.8%:  74%|███████▍  | 70/94 [00:09<00:03,  6.79it/s]
3/20 epoch | loss: 0.4240 | accuracy: 88.0%:  74%|███████▍  | 70/94 [00:09<00:03,  6.79it/s]
3/20 epoch | loss: 0.4240 | accuracy: 88.0%:  76%|███████▌  | 71/94 [00:09<00:03,  5.80it/s]
3/20 epoch | loss: 0.3900 | accuracy: 87.8%:  76%|███████▌  | 71/94 [00:10<00:03,  5.80it/s]
3/20 epoch | loss: 0.3900 | accuracy: 87.8%:  77%|███████▋  | 72/94 [00:10<00:04,  5.25it/s]
3/20 epoch | loss: 0.5606 | accuracy: 84.9%:  77%|███████▋  | 72/94 [00:10<00:04,  5.25it/s]
3/20 epoch | loss: 0.5606 | accuracy: 84.9%:  78%|███████▊  | 73/94 [00:10<00:04,  4.73it/s]
3/20 epoch | loss: 0.4079 | accuracy: 87.4%:  78%|███████▊  | 73/94 [00:10<00:04,  4.73it/s]
3/20 epoch | loss: 0.4079 | accuracy: 87.4%:  79%|███████▊  | 74/94 [00:10<00:04,  4.54it/s]
3/20 epoch | loss: 0.5646 | accuracy: 82.9%:  79%|███████▊  | 74/94 [00:10<00:04,  4.54it/s]
3/20 epoch | loss: 0.5646 | accuracy: 82.9%:  80%|███████▉  | 75/94 [00:10<00:04,  4.57it/s]
3/20 epoch | loss: 0.4445 | accuracy: 87.3%:  80%|███████▉  | 75/94 [00:11<00:04,  4.57it/s]
3/20 epoch | loss: 0.4445 | accuracy: 87.3%:  81%|████████  | 76/94 [00:11<00:03,  4.53it/s]
3/20 epoch | loss: 0.3640 | accuracy: 88.9%:  81%|████████  | 76/94 [00:11<00:03,  4.53it/s]
3/20 epoch | loss: 0.3640 | accuracy: 88.9%:  82%|████████▏ | 77/94 [00:11<00:03,  4.69it/s]
3/20 epoch | loss: 0.3919 | accuracy: 88.2%:  82%|████████▏ | 77/94 [00:11<00:03,  4.69it/s]
3/20 epoch | loss: 0.3919 | accuracy: 88.2%:  83%|████████▎ | 78/94 [00:11<00:03,  4.80it/s]
3/20 epoch | loss: 0.4320 | accuracy: 87.6%:  83%|████████▎ | 78/94 [00:11<00:03,  4.80it/s]
3/20 epoch | loss: 0.4320 | accuracy: 87.6%:  84%|████████▍ | 79/94 [00:11<00:03,  4.72it/s]
3/20 epoch | loss: 0.4369 | accuracy: 86.4%:  84%|████████▍ | 79/94 [00:11<00:03,  4.72it/s]
3/20 epoch | loss: 0.4369 | accuracy: 86.4%:  85%|████████▌ | 80/94 [00:11<00:02,  4.89it/s]
3/20 epoch | loss: 0.4797 | accuracy: 85.2%:  85%|████████▌ | 80/94 [00:12<00:02,  4.89it/s]
3/20 epoch | loss: 0.4797 | accuracy: 85.2%:  86%|████████▌ | 81/94 [00:12<00:02,  5.21it/s]
3/20 epoch | loss: 0.4413 | accuracy: 87.0%:  86%|████████▌ | 81/94 [00:12<00:02,  5.21it/s]
3/20 epoch | loss: 0.4413 | accuracy: 87.0%:  87%|████████▋ | 82/94 [00:12<00:02,  5.66it/s]
3/20 epoch | loss: 0.4353 | accuracy: 86.3%:  87%|████████▋ | 82/94 [00:12<00:02,  5.66it/s]
3/20 epoch | loss: 0.4353 | accuracy: 86.3%:  88%|████████▊ | 83/94 [00:12<00:01,  5.98it/s]
3/20 epoch | loss: 0.5259 | accuracy: 84.3%:  88%|████████▊ | 83/94 [00:12<00:01,  5.98it/s]
3/20 epoch | loss: 0.5259 | accuracy: 84.3%:  89%|████████▉ | 84/94 [00:12<00:01,  6.47it/s]
3/20 epoch | loss: 0.7313 | accuracy: 82.3%:  89%|████████▉ | 84/94 [00:12<00:01,  6.47it/s]
3/20 epoch | loss: 0.7313 | accuracy: 82.3%:  90%|█████████ | 85/94 [00:12<00:01,  6.53it/s]
3/20 epoch | loss: 0.5001 | accuracy: 86.0%:  90%|█████████ | 85/94 [00:12<00:01,  6.53it/s]
3/20 epoch | loss: 0.5001 | accuracy: 86.0%:  91%|█████████▏| 86/94 [00:12<00:01,  6.70it/s]
3/20 epoch | loss: 0.3769 | accuracy: 88.2%:  91%|█████████▏| 86/94 [00:12<00:01,  6.70it/s]
3/20 epoch | loss: 0.3769 | accuracy: 88.2%:  93%|█████████▎| 87/94 [00:12<00:01,  6.75it/s]
3/20 epoch | loss: 0.6412 | accuracy: 81.7%:  93%|█████████▎| 87/94 [00:13<00:01,  6.75it/s]
3/20 epoch | loss: 0.6412 | accuracy: 81.7%:  94%|█████████▎| 88/94 [00:13<00:00,  6.79it/s]
3/20 epoch | loss: 0.4488 | accuracy: 85.9%:  94%|█████████▎| 88/94 [00:13<00:00,  6.79it/s]
3/20 epoch | loss: 0.4488 | accuracy: 85.9%:  95%|█████████▍| 89/94 [00:13<00:00,  6.91it/s]
3/20 epoch | loss: 0.4195 | accuracy: 86.9%:  95%|█████████▍| 89/94 [00:13<00:00,  6.91it/s]
3/20 epoch | loss: 0.4195 | accuracy: 86.9%:  96%|█████████▌| 90/94 [00:13<00:00,  6.96it/s]
3/20 epoch | loss: 0.4611 | accuracy: 85.3%:  96%|█████████▌| 90/94 [00:13<00:00,  6.96it/s]
3/20 epoch | loss: 0.4611 | accuracy: 85.3%:  97%|█████████▋| 91/94 [00:13<00:00,  6.80it/s]
3/20 epoch | loss: 0.4979 | accuracy: 84.8%:  97%|█████████▋| 91/94 [00:13<00:00,  6.80it/s]
3/20 epoch | loss: 0.4979 | accuracy: 84.8%:  98%|█████████▊| 92/94 [00:13<00:00,  6.82it/s]
3/20 epoch | loss: 0.4348 | accuracy: 86.0%:  98%|█████████▊| 92/94 [00:13<00:00,  6.82it/s]
3/20 epoch | loss: 0.4348 | accuracy: 86.0%:  99%|█████████▉| 93/94 [00:13<00:00,  6.68it/s]
3/20 epoch | loss: 0.4510 | accuracy: 86.2%:  99%|█████████▉| 93/94 [00:13<00:00,  6.68it/s]
3/20 epoch | loss: 0.4510 | accuracy: 86.2%: 100%|██████████| 94/94 [00:13<00:00,  6.74it/s]
3/20 epoch | loss: 0.4510 | accuracy: 86.2%: 100%|██████████| 94/94 [00:13<00:00,  6.76it/s]
train loss: 0.4885 | train acc: 85.9% | val loss: 0.5266 | val acc: 84.9% | val mIoU: 69.4%
saving checkpoint to checkpoints/segmentation/05-07_12-23-26/Segmentation_ckpt_epoch2_metric69.42.ckpt

  0%|          | 0/94 [00:00<?, ?it/s]
4/20 epoch | loss: 0.4970 | accuracy: 85.1%:   0%|          | 0/94 [00:00<?, ?it/s]
4/20 epoch | loss: 0.4970 | accuracy: 85.1%:   1%|          | 1/94 [00:00<00:11,  8.31it/s]
4/20 epoch | loss: 0.3976 | accuracy: 87.6%:   1%|          | 1/94 [00:00<00:11,  8.31it/s]
4/20 epoch | loss: 0.3976 | accuracy: 87.6%:   2%|▏         | 2/94 [00:00<00:11,  8.33it/s]
4/20 epoch | loss: 0.5123 | accuracy: 83.8%:   2%|▏         | 2/94 [00:00<00:11,  8.33it/s]
4/20 epoch | loss: 0.5123 | accuracy: 83.8%:   3%|▎         | 3/94 [00:00<00:10,  8.35it/s]
4/20 epoch | loss: 0.4521 | accuracy: 87.0%:   3%|▎         | 3/94 [00:00<00:10,  8.35it/s]
4/20 epoch | loss: 0.4521 | accuracy: 87.0%:   4%|▍         | 4/94 [00:00<00:10,  8.34it/s]
4/20 epoch | loss: 0.4545 | accuracy: 87.2%:   4%|▍         | 4/94 [00:00<00:10,  8.34it/s]
4/20 epoch | loss: 0.4545 | accuracy: 87.2%:   5%|▌         | 5/94 [00:00<00:10,  8.37it/s]
4/20 epoch | loss: 0.5446 | accuracy: 83.4%:   5%|▌         | 5/94 [00:00<00:10,  8.37it/s]
4/20 epoch | loss: 0.5446 | accuracy: 83.4%:   6%|▋         | 6/94 [00:00<00:10,  8.37it/s]
4/20 epoch | loss: 0.4647 | accuracy: 85.7%:   6%|▋         | 6/94 [00:00<00:10,  8.37it/s]
4/20 epoch | loss: 0.4647 | accuracy: 85.7%:   7%|▋         | 7/94 [00:00<00:10,  8.37it/s]
4/20 epoch | loss: 0.4269 | accuracy: 87.7%:   7%|▋         | 7/94 [00:00<00:10,  8.37it/s]
4/20 epoch | loss: 0.4269 | accuracy: 87.7%:   9%|▊         | 8/94 [00:00<00:10,  8.36it/s]
4/20 epoch | loss: 0.5636 | accuracy: 84.1%:   9%|▊         | 8/94 [00:01<00:10,  8.36it/s]
4/20 epoch | loss: 0.5636 | accuracy: 84.1%:  10%|▉         | 9/94 [00:01<00:10,  8.35it/s]
4/20 epoch | loss: 0.4229 | accuracy: 86.7%:  10%|▉         | 9/94 [00:01<00:10,  8.35it/s]
4/20 epoch | loss: 0.4229 | accuracy: 86.7%:  11%|█         | 10/94 [00:01<00:10,  8.26it/s]
4/20 epoch | loss: 0.4266 | accuracy: 89.1%:  11%|█         | 10/94 [00:01<00:10,  8.26it/s]
4/20 epoch | loss: 0.4266 | accuracy: 89.1%:  12%|█▏        | 11/94 [00:01<00:10,  7.87it/s]
4/20 epoch | loss: 0.4909 | accuracy: 85.2%:  12%|█▏        | 11/94 [00:01<00:10,  7.87it/s]
4/20 epoch | loss: 0.4909 | accuracy: 85.2%:  13%|█▎        | 12/94 [00:01<00:10,  8.00it/s]
4/20 epoch | loss: 0.5080 | accuracy: 85.6%:  13%|█▎        | 12/94 [00:01<00:10,  8.00it/s]
4/20 epoch | loss: 0.5080 | accuracy: 85.6%:  14%|█▍        | 13/94 [00:01<00:10,  8.10it/s]
4/20 epoch | loss: 0.4238 | accuracy: 86.8%:  14%|█▍        | 13/94 [00:01<00:10,  8.10it/s]
4/20 epoch | loss: 0.4238 | accuracy: 86.8%:  15%|█▍        | 14/94 [00:01<00:09,  8.16it/s]
4/20 epoch | loss: 0.4007 | accuracy: 87.4%:  15%|█▍        | 14/94 [00:01<00:09,  8.16it/s]
4/20 epoch | loss: 0.4007 | accuracy: 87.4%:  16%|█▌        | 15/94 [00:01<00:09,  8.20it/s]
4/20 epoch | loss: 0.4214 | accuracy: 87.0%:  16%|█▌        | 15/94 [00:01<00:09,  8.20it/s]
4/20 epoch | loss: 0.4214 | accuracy: 87.0%:  17%|█▋        | 16/94 [00:01<00:09,  8.24it/s]
4/20 epoch | loss: 0.4672 | accuracy: 86.4%:  17%|█▋        | 16/94 [00:02<00:09,  8.24it/s]
4/20 epoch | loss: 0.4672 | accuracy: 86.4%:  18%|█▊        | 17/94 [00:02<00:09,  8.26it/s]
4/20 epoch | loss: 0.5110 | accuracy: 86.1%:  18%|█▊        | 17/94 [00:02<00:09,  8.26it/s]
4/20 epoch | loss: 0.5110 | accuracy: 86.1%:  19%|█▉        | 18/94 [00:02<00:09,  8.30it/s]
4/20 epoch | loss: 0.4362 | accuracy: 87.0%:  19%|█▉        | 18/94 [00:02<00:09,  8.30it/s]
4/20 epoch | loss: 0.4362 | accuracy: 87.0%:  20%|██        | 19/94 [00:02<00:09,  8.31it/s]
4/20 epoch | loss: 0.4149 | accuracy: 86.2%:  20%|██        | 19/94 [00:02<00:09,  8.31it/s]
4/20 epoch | loss: 0.4149 | accuracy: 86.2%:  21%|██▏       | 20/94 [00:02<00:08,  8.34it/s]
4/20 epoch | loss: 0.4604 | accuracy: 84.5%:  21%|██▏       | 20/94 [00:02<00:08,  8.34it/s]
4/20 epoch | loss: 0.4604 | accuracy: 84.5%:  22%|██▏       | 21/94 [00:02<00:08,  8.35it/s]
4/20 epoch | loss: 0.5013 | accuracy: 86.4%:  22%|██▏       | 21/94 [00:02<00:08,  8.35it/s]
4/20 epoch | loss: 0.5013 | accuracy: 86.4%:  23%|██▎       | 22/94 [00:02<00:08,  8.35it/s]
4/20 epoch | loss: 0.3886 | accuracy: 87.9%:  23%|██▎       | 22/94 [00:02<00:08,  8.35it/s]
4/20 epoch | loss: 0.3886 | accuracy: 87.9%:  24%|██▍       | 23/94 [00:02<00:08,  8.29it/s]
4/20 epoch | loss: 0.5262 | accuracy: 85.1%:  24%|██▍       | 23/94 [00:02<00:08,  8.29it/s]
4/20 epoch | loss: 0.5262 | accuracy: 85.1%:  26%|██▌       | 24/94 [00:02<00:08,  8.31it/s]
4/20 epoch | loss: 0.3687 | accuracy: 88.5%:  26%|██▌       | 24/94 [00:03<00:08,  8.31it/s]
4/20 epoch | loss: 0.3687 | accuracy: 88.5%:  27%|██▋       | 25/94 [00:03<00:08,  8.33it/s]
4/20 epoch | loss: 0.4923 | accuracy: 86.6%:  27%|██▋       | 25/94 [00:03<00:08,  8.33it/s]
4/20 epoch | loss: 0.4923 | accuracy: 86.6%:  28%|██▊       | 26/94 [00:03<00:08,  8.30it/s]
4/20 epoch | loss: 0.3959 | accuracy: 88.2%:  28%|██▊       | 26/94 [00:03<00:08,  8.30it/s]
4/20 epoch | loss: 0.3959 | accuracy: 88.2%:  29%|██▊       | 27/94 [00:03<00:08,  8.12it/s]
4/20 epoch | loss: 0.5668 | accuracy: 85.5%:  29%|██▊       | 27/94 [00:03<00:08,  8.12it/s]
4/20 epoch | loss: 0.5668 | accuracy: 85.5%:  30%|██▉       | 28/94 [00:03<00:08,  7.81it/s]
4/20 epoch | loss: 0.3791 | accuracy: 88.9%:  30%|██▉       | 28/94 [00:03<00:08,  7.81it/s]
4/20 epoch | loss: 0.3791 | accuracy: 88.9%:  31%|███       | 29/94 [00:03<00:08,  7.96it/s]
4/20 epoch | loss: 0.4918 | accuracy: 84.9%:  31%|███       | 29/94 [00:03<00:08,  7.96it/s]
4/20 epoch | loss: 0.4918 | accuracy: 84.9%:  32%|███▏      | 30/94 [00:03<00:07,  8.05it/s]
4/20 epoch | loss: 0.5609 | accuracy: 84.9%:  32%|███▏      | 30/94 [00:03<00:07,  8.05it/s]
4/20 epoch | loss: 0.5609 | accuracy: 84.9%:  33%|███▎      | 31/94 [00:03<00:07,  8.13it/s]
4/20 epoch | loss: 0.4267 | accuracy: 87.8%:  33%|███▎      | 31/94 [00:03<00:07,  8.13it/s]
4/20 epoch | loss: 0.4267 | accuracy: 87.8%:  34%|███▍      | 32/94 [00:03<00:07,  8.19it/s]
4/20 epoch | loss: 0.4314 | accuracy: 88.4%:  34%|███▍      | 32/94 [00:04<00:07,  8.19it/s]
4/20 epoch | loss: 0.4314 | accuracy: 88.4%:  35%|███▌      | 33/94 [00:04<00:07,  8.23it/s]
4/20 epoch | loss: 0.3791 | accuracy: 88.7%:  35%|███▌      | 33/94 [00:04<00:07,  8.23it/s]
4/20 epoch | loss: 0.3791 | accuracy: 88.7%:  36%|███▌      | 34/94 [00:04<00:07,  8.20it/s]
4/20 epoch | loss: 0.4560 | accuracy: 85.2%:  36%|███▌      | 34/94 [00:04<00:07,  8.20it/s]
4/20 epoch | loss: 0.4560 | accuracy: 85.2%:  37%|███▋      | 35/94 [00:04<00:07,  8.25it/s]
4/20 epoch | loss: 0.3079 | accuracy: 90.4%:  37%|███▋      | 35/94 [00:04<00:07,  8.25it/s]
4/20 epoch | loss: 0.3079 | accuracy: 90.4%:  38%|███▊      | 36/94 [00:04<00:06,  8.29it/s]
4/20 epoch | loss: 0.3898 | accuracy: 87.5%:  38%|███▊      | 36/94 [00:04<00:06,  8.29it/s]
4/20 epoch | loss: 0.3898 | accuracy: 87.5%:  39%|███▉      | 37/94 [00:04<00:06,  8.32it/s]
4/20 epoch | loss: 0.4275 | accuracy: 87.1%:  39%|███▉      | 37/94 [00:04<00:06,  8.32it/s]
4/20 epoch | loss: 0.4275 | accuracy: 87.1%:  40%|████      | 38/94 [00:04<00:06,  8.34it/s]
4/20 epoch | loss: 0.4212 | accuracy: 87.7%:  40%|████      | 38/94 [00:04<00:06,  8.34it/s]
4/20 epoch | loss: 0.4212 | accuracy: 87.7%:  41%|████▏     | 39/94 [00:04<00:06,  8.33it/s]
4/20 epoch | loss: 0.4892 | accuracy: 86.1%:  41%|████▏     | 39/94 [00:04<00:06,  8.33it/s]
4/20 epoch | loss: 0.4892 | accuracy: 86.1%:  43%|████▎     | 40/94 [00:04<00:06,  8.10it/s]
4/20 epoch | loss: 0.4653 | accuracy: 86.8%:  43%|████▎     | 40/94 [00:05<00:06,  8.10it/s]
4/20 epoch | loss: 0.4653 | accuracy: 86.8%:  44%|████▎     | 41/94 [00:05<00:06,  7.70it/s]
4/20 epoch | loss: 0.4027 | accuracy: 88.3%:  44%|████▎     | 41/94 [00:05<00:06,  7.70it/s]
4/20 epoch | loss: 0.4027 | accuracy: 88.3%:  45%|████▍     | 42/94 [00:05<00:06,  7.86it/s]
4/20 epoch | loss: 0.4665 | accuracy: 86.7%:  45%|████▍     | 42/94 [00:05<00:06,  7.86it/s]
4/20 epoch | loss: 0.4665 | accuracy: 86.7%:  46%|████▌     | 43/94 [00:05<00:06,  7.99it/s]
4/20 epoch | loss: 0.4698 | accuracy: 86.8%:  46%|████▌     | 43/94 [00:05<00:06,  7.99it/s]
4/20 epoch | loss: 0.4698 | accuracy: 86.8%:  47%|████▋     | 44/94 [00:05<00:06,  8.04it/s]
4/20 epoch | loss: 0.3905 | accuracy: 89.3%:  47%|████▋     | 44/94 [00:05<00:06,  8.04it/s]
4/20 epoch | loss: 0.3905 | accuracy: 89.3%:  48%|████▊     | 45/94 [00:05<00:06,  7.83it/s]
4/20 epoch | loss: 0.3850 | accuracy: 88.7%:  48%|████▊     | 45/94 [00:05<00:06,  7.83it/s]
4/20 epoch | loss: 0.3850 | accuracy: 88.7%:  49%|████▉     | 46/94 [00:05<00:06,  7.94it/s]
4/20 epoch | loss: 0.4897 | accuracy: 84.5%:  49%|████▉     | 46/94 [00:05<00:06,  7.94it/s]
4/20 epoch | loss: 0.4897 | accuracy: 84.5%:  50%|█████     | 47/94 [00:05<00:05,  8.05it/s]
4/20 epoch | loss: 0.3466 | accuracy: 90.1%:  50%|█████     | 47/94 [00:05<00:05,  8.05it/s]
4/20 epoch | loss: 0.3466 | accuracy: 90.1%:  51%|█████     | 48/94 [00:05<00:05,  8.14it/s]
4/20 epoch | loss: 0.4245 | accuracy: 86.9%:  51%|█████     | 48/94 [00:05<00:05,  8.14it/s]
4/20 epoch | loss: 0.4245 | accuracy: 86.9%:  52%|█████▏    | 49/94 [00:05<00:05,  8.18it/s]
4/20 epoch | loss: 0.4443 | accuracy: 87.3%:  52%|█████▏    | 49/94 [00:06<00:05,  8.18it/s]
4/20 epoch | loss: 0.4443 | accuracy: 87.3%:  53%|█████▎    | 50/94 [00:06<00:05,  8.22it/s]
4/20 epoch | loss: 0.4605 | accuracy: 86.5%:  53%|█████▎    | 50/94 [00:06<00:05,  8.22it/s]
4/20 epoch | loss: 0.4605 | accuracy: 86.5%:  54%|█████▍    | 51/94 [00:06<00:05,  8.26it/s]
4/20 epoch | loss: 0.5867 | accuracy: 84.6%:  54%|█████▍    | 51/94 [00:06<00:05,  8.26it/s]
4/20 epoch | loss: 0.5867 | accuracy: 84.6%:  55%|█████▌    | 52/94 [00:06<00:05,  8.28it/s]
4/20 epoch | loss: 0.4560 | accuracy: 86.2%:  55%|█████▌    | 52/94 [00:06<00:05,  8.28it/s]
4/20 epoch | loss: 0.4560 | accuracy: 86.2%:  56%|█████▋    | 53/94 [00:06<00:04,  8.29it/s]
4/20 epoch | loss: 0.4994 | accuracy: 85.3%:  56%|█████▋    | 53/94 [00:06<00:04,  8.29it/s]
4/20 epoch | loss: 0.4994 | accuracy: 85.3%:  57%|█████▋    | 54/94 [00:06<00:04,  8.32it/s]
4/20 epoch | loss: 0.3911 | accuracy: 87.6%:  57%|█████▋    | 54/94 [00:06<00:04,  8.32it/s]
4/20 epoch | loss: 0.3911 | accuracy: 87.6%:  59%|█████▊    | 55/94 [00:06<00:04,  8.31it/s]
4/20 epoch | loss: 0.5128 | accuracy: 86.6%:  59%|█████▊    | 55/94 [00:06<00:04,  8.31it/s]
4/20 epoch | loss: 0.5128 | accuracy: 86.6%:  60%|█████▉    | 56/94 [00:06<00:04,  8.31it/s]
4/20 epoch | loss: 0.5247 | accuracy: 85.1%:  60%|█████▉    | 56/94 [00:06<00:04,  8.31it/s]
4/20 epoch | loss: 0.5247 | accuracy: 85.1%:  61%|██████    | 57/94 [00:06<00:04,  8.31it/s]
4/20 epoch | loss: 0.4157 | accuracy: 87.4%:  61%|██████    | 57/94 [00:07<00:04,  8.31it/s]
4/20 epoch | loss: 0.4157 | accuracy: 87.4%:  62%|██████▏   | 58/94 [00:07<00:04,  8.32it/s]
4/20 epoch | loss: 0.4029 | accuracy: 87.4%:  62%|██████▏   | 58/94 [00:07<00:04,  8.32it/s]
4/20 epoch | loss: 0.4029 | accuracy: 87.4%:  63%|██████▎   | 59/94 [00:07<00:04,  8.22it/s]
4/20 epoch | loss: 0.3789 | accuracy: 89.5%:  63%|██████▎   | 59/94 [00:07<00:04,  8.22it/s]
4/20 epoch | loss: 0.3789 | accuracy: 89.5%:  64%|██████▍   | 60/94 [00:07<00:04,  7.75it/s]
4/20 epoch | loss: 0.5472 | accuracy: 86.2%:  64%|██████▍   | 60/94 [00:07<00:04,  7.75it/s]
4/20 epoch | loss: 0.5472 | accuracy: 86.2%:  65%|██████▍   | 61/94 [00:07<00:04,  6.69it/s]
4/20 epoch | loss: 0.4418 | accuracy: 85.8%:  65%|██████▍   | 61/94 [00:07<00:04,  6.69it/s]
4/20 epoch | loss: 0.4418 | accuracy: 85.8%:  66%|██████▌   | 62/94 [00:07<00:05,  6.23it/s]
4/20 epoch | loss: 0.4954 | accuracy: 84.9%:  66%|██████▌   | 62/94 [00:07<00:05,  6.23it/s]
4/20 epoch | loss: 0.4954 | accuracy: 84.9%:  67%|██████▋   | 63/94 [00:07<00:04,  6.28it/s]
4/20 epoch | loss: 0.4238 | accuracy: 86.6%:  67%|██████▋   | 63/94 [00:08<00:04,  6.28it/s]
4/20 epoch | loss: 0.4238 | accuracy: 86.6%:  68%|██████▊   | 64/94 [00:08<00:04,  6.53it/s]
4/20 epoch | loss: 0.4041 | accuracy: 87.2%:  68%|██████▊   | 64/94 [00:08<00:04,  6.53it/s]
4/20 epoch | loss: 0.4041 | accuracy: 87.2%:  69%|██████▉   | 65/94 [00:08<00:04,  6.99it/s]
4/20 epoch | loss: 0.3929 | accuracy: 87.7%:  69%|██████▉   | 65/94 [00:08<00:04,  6.99it/s]
4/20 epoch | loss: 0.3929 | accuracy: 87.7%:  70%|███████   | 66/94 [00:08<00:03,  7.35it/s]
4/20 epoch | loss: 0.4043 | accuracy: 87.1%:  70%|███████   | 66/94 [00:08<00:03,  7.35it/s]
4/20 epoch | loss: 0.4043 | accuracy: 87.1%:  71%|███████▏  | 67/94 [00:08<00:03,  7.60it/s]
4/20 epoch | loss: 0.4725 | accuracy: 86.1%:  71%|███████▏  | 67/94 [00:08<00:03,  7.60it/s]
4/20 epoch | loss: 0.4725 | accuracy: 86.1%:  72%|███████▏  | 68/94 [00:08<00:03,  7.81it/s]
4/20 epoch | loss: 0.3695 | accuracy: 88.3%:  72%|███████▏  | 68/94 [00:08<00:03,  7.81it/s]
4/20 epoch | loss: 0.3695 | accuracy: 88.3%:  73%|███████▎  | 69/94 [00:08<00:03,  7.90it/s]
4/20 epoch | loss: 0.5156 | accuracy: 85.8%:  73%|███████▎  | 69/94 [00:08<00:03,  7.90it/s]
4/20 epoch | loss: 0.5156 | accuracy: 85.8%:  74%|███████▍  | 70/94 [00:08<00:03,  7.87it/s]
4/20 epoch | loss: 0.4303 | accuracy: 86.9%:  74%|███████▍  | 70/94 [00:08<00:03,  7.87it/s]
4/20 epoch | loss: 0.4303 | accuracy: 86.9%:  76%|███████▌  | 71/94 [00:08<00:02,  7.93it/s]
4/20 epoch | loss: 0.5007 | accuracy: 84.9%:  76%|███████▌  | 71/94 [00:08<00:02,  7.93it/s]
4/20 epoch | loss: 0.5007 | accuracy: 84.9%:  77%|███████▋  | 72/94 [00:08<00:02,  8.07it/s]
4/20 epoch | loss: 0.3980 | accuracy: 88.8%:  77%|███████▋  | 72/94 [00:09<00:02,  8.07it/s]
4/20 epoch | loss: 0.3980 | accuracy: 88.8%:  78%|███████▊  | 73/94 [00:09<00:02,  8.11it/s]
4/20 epoch | loss: 0.3376 | accuracy: 90.2%:  78%|███████▊  | 73/94 [00:09<00:02,  8.11it/s]
4/20 epoch | loss: 0.3376 | accuracy: 90.2%:  79%|███████▊  | 74/94 [00:09<00:02,  8.18it/s]
4/20 epoch | loss: 0.4865 | accuracy: 85.5%:  79%|███████▊  | 74/94 [00:09<00:02,  8.18it/s]
4/20 epoch | loss: 0.4865 | accuracy: 85.5%:  80%|███████▉  | 75/94 [00:09<00:02,  8.17it/s]
4/20 epoch | loss: 0.3786 | accuracy: 88.6%:  80%|███████▉  | 75/94 [00:09<00:02,  8.17it/s]
4/20 epoch | loss: 0.3786 | accuracy: 88.6%:  81%|████████  | 76/94 [00:09<00:02,  8.19it/s]
4/20 epoch | loss: 0.3972 | accuracy: 89.2%:  81%|████████  | 76/94 [00:09<00:02,  8.19it/s]
4/20 epoch | loss: 0.3972 | accuracy: 89.2%:  82%|████████▏ | 77/94 [00:09<00:02,  8.13it/s]
4/20 epoch | loss: 0.4782 | accuracy: 86.5%:  82%|████████▏ | 77/94 [00:09<00:02,  8.13it/s]
4/20 epoch | loss: 0.4782 | accuracy: 86.5%:  83%|████████▎ | 78/94 [00:09<00:02,  7.72it/s]
4/20 epoch | loss: 0.3649 | accuracy: 88.1%:  83%|████████▎ | 78/94 [00:09<00:02,  7.72it/s]
4/20 epoch | loss: 0.3649 | accuracy: 88.1%:  84%|████████▍ | 79/94 [00:09<00:01,  7.91it/s]
4/20 epoch | loss: 0.4947 | accuracy: 85.0%:  84%|████████▍ | 79/94 [00:09<00:01,  7.91it/s]
4/20 epoch | loss: 0.4947 | accuracy: 85.0%:  85%|████████▌ | 80/94 [00:09<00:01,  8.05it/s]
4/20 epoch | loss: 0.5354 | accuracy: 84.1%:  85%|████████▌ | 80/94 [00:10<00:01,  8.05it/s]
4/20 epoch | loss: 0.5354 | accuracy: 84.1%:  86%|████████▌ | 81/94 [00:10<00:01,  8.13it/s]
4/20 epoch | loss: 0.4676 | accuracy: 87.1%:  86%|████████▌ | 81/94 [00:10<00:01,  8.13it/s]
4/20 epoch | loss: 0.4676 | accuracy: 87.1%:  87%|████████▋ | 82/94 [00:10<00:01,  8.16it/s]
4/20 epoch | loss: 0.4182 | accuracy: 87.7%:  87%|████████▋ | 82/94 [00:10<00:01,  8.16it/s]
4/20 epoch | loss: 0.4182 | accuracy: 87.7%:  88%|████████▊ | 83/94 [00:10<00:01,  7.99it/s]
4/20 epoch | loss: 0.3925 | accuracy: 87.8%:  88%|████████▊ | 83/94 [00:10<00:01,  7.99it/s]
4/20 epoch | loss: 0.3925 | accuracy: 87.8%:  89%|████████▉ | 84/94 [00:10<00:01,  7.87it/s]
4/20 epoch | loss: 0.3791 | accuracy: 89.1%:  89%|████████▉ | 84/94 [00:10<00:01,  7.87it/s]
4/20 epoch | loss: 0.3791 | accuracy: 89.1%:  90%|█████████ | 85/94 [00:10<00:01,  7.94it/s]
4/20 epoch | loss: 0.3432 | accuracy: 89.0%:  90%|█████████ | 85/94 [00:10<00:01,  7.94it/s]
4/20 epoch | loss: 0.3432 | accuracy: 89.0%:  91%|█████████▏| 86/94 [00:10<00:00,  8.04it/s]
4/20 epoch | loss: 0.3736 | accuracy: 87.8%:  91%|█████████▏| 86/94 [00:10<00:00,  8.04it/s]
4/20 epoch | loss: 0.3736 | accuracy: 87.8%:  93%|█████████▎| 87/94 [00:10<00:00,  8.10it/s]
4/20 epoch | loss: 0.3618 | accuracy: 88.5%:  93%|█████████▎| 87/94 [00:10<00:00,  8.10it/s]
4/20 epoch | loss: 0.3618 | accuracy: 88.5%:  94%|█████████▎| 88/94 [00:10<00:00,  8.04it/s]
4/20 epoch | loss: 0.4207 | accuracy: 86.3%:  94%|█████████▎| 88/94 [00:11<00:00,  8.04it/s]
4/20 epoch | loss: 0.4207 | accuracy: 86.3%:  95%|█████████▍| 89/94 [00:11<00:00,  7.71it/s]
4/20 epoch | loss: 0.4144 | accuracy: 86.8%:  95%|█████████▍| 89/94 [00:11<00:00,  7.71it/s]
4/20 epoch | loss: 0.4144 | accuracy: 86.8%:  96%|█████████▌| 90/94 [00:11<00:00,  7.75it/s]
4/20 epoch | loss: 0.4161 | accuracy: 87.4%:  96%|█████████▌| 90/94 [00:11<00:00,  7.75it/s]
4/20 epoch | loss: 0.4161 | accuracy: 87.4%:  97%|█████████▋| 91/94 [00:11<00:00,  7.93it/s]
4/20 epoch | loss: 0.3223 | accuracy: 89.3%:  97%|█████████▋| 91/94 [00:11<00:00,  7.93it/s]
4/20 epoch | loss: 0.3223 | accuracy: 89.3%:  98%|█████████▊| 92/94 [00:11<00:00,  8.04it/s]
4/20 epoch | loss: 0.4381 | accuracy: 86.3%:  98%|█████████▊| 92/94 [00:11<00:00,  8.04it/s]
4/20 epoch | loss: 0.4381 | accuracy: 86.3%:  99%|█████████▉| 93/94 [00:11<00:00,  8.12it/s]
4/20 epoch | loss: 0.3408 | accuracy: 89.5%:  99%|█████████▉| 93/94 [00:11<00:00,  8.12it/s]
4/20 epoch | loss: 0.3408 | accuracy: 89.5%: 100%|██████████| 94/94 [00:11<00:00,  7.93it/s]
4/20 epoch | loss: 0.3408 | accuracy: 89.5%: 100%|██████████| 94/94 [00:11<00:00,  8.00it/s]
train loss: 0.4401 | train acc: 86.9% | val loss: 0.3859 | val acc: 88.3% | val mIoU: 75.5%
saving checkpoint to checkpoints/segmentation/05-07_12-23-26/Segmentation_ckpt_epoch3_metric75.47.ckpt

  0%|          | 0/94 [00:00<?, ?it/s]
5/20 epoch | loss: 0.3472 | accuracy: 89.0%:   0%|          | 0/94 [00:00<?, ?it/s]
5/20 epoch | loss: 0.3472 | accuracy: 89.0%:   1%|          | 1/94 [00:00<00:13,  6.88it/s]
5/20 epoch | loss: 0.3788 | accuracy: 88.9%:   1%|          | 1/94 [00:00<00:13,  6.88it/s]
5/20 epoch | loss: 0.3788 | accuracy: 88.9%:   2%|▏         | 2/94 [00:00<00:13,  6.89it/s]
5/20 epoch | loss: 0.4301 | accuracy: 86.0%:   2%|▏         | 2/94 [00:00<00:13,  6.89it/s]
5/20 epoch | loss: 0.4301 | accuracy: 86.0%:   3%|▎         | 3/94 [00:00<00:13,  6.78it/s]
5/20 epoch | loss: 0.3110 | accuracy: 90.0%:   3%|▎         | 3/94 [00:00<00:13,  6.78it/s]
5/20 epoch | loss: 0.3110 | accuracy: 90.0%:   4%|▍         | 4/94 [00:00<00:13,  6.83it/s]
5/20 epoch | loss: 0.3794 | accuracy: 88.8%:   4%|▍         | 4/94 [00:00<00:13,  6.83it/s]
5/20 epoch | loss: 0.3794 | accuracy: 88.8%:   5%|▌         | 5/94 [00:00<00:13,  6.48it/s]
5/20 epoch | loss: 0.4464 | accuracy: 85.2%:   5%|▌         | 5/94 [00:00<00:13,  6.48it/s]
5/20 epoch | loss: 0.4464 | accuracy: 85.2%:   6%|▋         | 6/94 [00:00<00:13,  6.47it/s]
5/20 epoch | loss: 0.4031 | accuracy: 87.5%:   6%|▋         | 6/94 [00:01<00:13,  6.47it/s]
5/20 epoch | loss: 0.4031 | accuracy: 87.5%:   7%|▋         | 7/94 [00:01<00:13,  6.52it/s]
5/20 epoch | loss: 0.4145 | accuracy: 87.5%:   7%|▋         | 7/94 [00:01<00:13,  6.52it/s]
5/20 epoch | loss: 0.4145 | accuracy: 87.5%:   9%|▊         | 8/94 [00:01<00:12,  6.70it/s]
5/20 epoch | loss: 0.4406 | accuracy: 87.9%:   9%|▊         | 8/94 [00:01<00:12,  6.70it/s]
5/20 epoch | loss: 0.4406 | accuracy: 87.9%:  10%|▉         | 9/94 [00:01<00:12,  6.73it/s]
5/20 epoch | loss: 0.4046 | accuracy: 87.3%:  10%|▉         | 9/94 [00:01<00:12,  6.73it/s]
5/20 epoch | loss: 0.4046 | accuracy: 87.3%:  11%|█         | 10/94 [00:01<00:12,  6.83it/s]
5/20 epoch | loss: 0.4036 | accuracy: 86.1%:  11%|█         | 10/94 [00:01<00:12,  6.83it/s]
5/20 epoch | loss: 0.4036 | accuracy: 86.1%:  12%|█▏        | 11/94 [00:01<00:12,  6.51it/s]
5/20 epoch | loss: 0.3260 | accuracy: 89.4%:  12%|█▏        | 11/94 [00:01<00:12,  6.51it/s]
5/20 epoch | loss: 0.3260 | accuracy: 89.4%:  13%|█▎        | 12/94 [00:01<00:12,  6.36it/s]
5/20 epoch | loss: 0.4390 | accuracy: 87.2%:  13%|█▎        | 12/94 [00:01<00:12,  6.36it/s]
5/20 epoch | loss: 0.4390 | accuracy: 87.2%:  14%|█▍        | 13/94 [00:01<00:12,  6.56it/s]
5/20 epoch | loss: 0.4369 | accuracy: 86.2%:  14%|█▍        | 13/94 [00:02<00:12,  6.56it/s]
5/20 epoch | loss: 0.4369 | accuracy: 86.2%:  15%|█▍        | 14/94 [00:02<00:11,  6.67it/s]
5/20 epoch | loss: 0.3467 | accuracy: 88.1%:  15%|█▍        | 14/94 [00:02<00:11,  6.67it/s]
5/20 epoch | loss: 0.3467 | accuracy: 88.1%:  16%|█▌        | 15/94 [00:02<00:11,  6.71it/s]
5/20 epoch | loss: 0.3395 | accuracy: 89.6%:  16%|█▌        | 15/94 [00:02<00:11,  6.71it/s]
5/20 epoch | loss: 0.3395 | accuracy: 89.6%:  17%|█▋        | 16/94 [00:02<00:11,  6.83it/s]
5/20 epoch | loss: 0.3688 | accuracy: 87.7%:  17%|█▋        | 16/94 [00:02<00:11,  6.83it/s]
5/20 epoch | loss: 0.3688 | accuracy: 87.7%:  18%|█▊        | 17/94 [00:02<00:11,  6.85it/s]
5/20 epoch | loss: 0.3817 | accuracy: 87.5%:  18%|█▊        | 17/94 [00:02<00:11,  6.85it/s]
5/20 epoch | loss: 0.3817 | accuracy: 87.5%:  19%|█▉        | 18/94 [00:02<00:11,  6.89it/s]
5/20 epoch | loss: 0.3638 | accuracy: 88.7%:  19%|█▉        | 18/94 [00:02<00:11,  6.89it/s]
5/20 epoch | loss: 0.3638 | accuracy: 88.7%:  20%|██        | 19/94 [00:02<00:10,  6.87it/s]
5/20 epoch | loss: 0.3920 | accuracy: 88.1%:  20%|██        | 19/94 [00:02<00:10,  6.87it/s]
5/20 epoch | loss: 0.3920 | accuracy: 88.1%:  21%|██▏       | 20/94 [00:02<00:10,  6.92it/s]
5/20 epoch | loss: 0.3635 | accuracy: 89.3%:  21%|██▏       | 20/94 [00:03<00:10,  6.92it/s]
5/20 epoch | loss: 0.3635 | accuracy: 89.3%:  22%|██▏       | 21/94 [00:03<00:10,  6.69it/s]
5/20 epoch | loss: 0.3346 | accuracy: 88.9%:  22%|██▏       | 21/94 [00:03<00:10,  6.69it/s]
5/20 epoch | loss: 0.3346 | accuracy: 88.9%:  23%|██▎       | 22/94 [00:03<00:10,  6.62it/s]
5/20 epoch | loss: 0.4115 | accuracy: 87.6%:  23%|██▎       | 22/94 [00:03<00:10,  6.62it/s]
5/20 epoch | loss: 0.4115 | accuracy: 87.6%:  24%|██▍       | 23/94 [00:03<00:10,  6.63it/s]
5/20 epoch | loss: 0.4266 | accuracy: 86.9%:  24%|██▍       | 23/94 [00:03<00:10,  6.63it/s]
5/20 epoch | loss: 0.4266 | accuracy: 86.9%:  26%|██▌       | 24/94 [00:03<00:10,  6.79it/s]
5/20 epoch | loss: 0.3097 | accuracy: 90.6%:  26%|██▌       | 24/94 [00:03<00:10,  6.79it/s]
5/20 epoch | loss: 0.3097 | accuracy: 90.6%:  27%|██▋       | 25/94 [00:03<00:10,  6.75it/s]
5/20 epoch | loss: 0.3251 | accuracy: 89.7%:  27%|██▋       | 25/94 [00:03<00:10,  6.75it/s]
5/20 epoch | loss: 0.3251 | accuracy: 89.7%:  28%|██▊       | 26/94 [00:03<00:09,  6.92it/s]
5/20 epoch | loss: 0.3804 | accuracy: 88.7%:  28%|██▊       | 26/94 [00:04<00:09,  6.92it/s]
5/20 epoch | loss: 0.3804 | accuracy: 88.7%:  29%|██▊       | 27/94 [00:04<00:09,  6.92it/s]
5/20 epoch | loss: 0.3071 | accuracy: 90.6%:  29%|██▊       | 27/94 [00:04<00:09,  6.92it/s]
5/20 epoch | loss: 0.3071 | accuracy: 90.6%:  30%|██▉       | 28/94 [00:04<00:09,  6.95it/s]
5/20 epoch | loss: 0.4005 | accuracy: 87.3%:  30%|██▉       | 28/94 [00:04<00:09,  6.95it/s]
5/20 epoch | loss: 0.4005 | accuracy: 87.3%:  31%|███       | 29/94 [00:04<00:09,  7.01it/s]
5/20 epoch | loss: 0.3837 | accuracy: 89.1%:  31%|███       | 29/94 [00:04<00:09,  7.01it/s]
5/20 epoch | loss: 0.3837 | accuracy: 89.1%:  32%|███▏      | 30/94 [00:04<00:09,  6.96it/s]
5/20 epoch | loss: 0.3104 | accuracy: 90.2%:  32%|███▏      | 30/94 [00:04<00:09,  6.96it/s]
5/20 epoch | loss: 0.3104 | accuracy: 90.2%:  33%|███▎      | 31/94 [00:04<00:09,  7.00it/s]
5/20 epoch | loss: 0.3054 | accuracy: 89.9%:  33%|███▎      | 31/94 [00:04<00:09,  7.00it/s]
5/20 epoch | loss: 0.3054 | accuracy: 89.9%:  34%|███▍      | 32/94 [00:04<00:08,  7.03it/s]
5/20 epoch | loss: 0.3188 | accuracy: 89.5%:  34%|███▍      | 32/94 [00:04<00:08,  7.03it/s]
5/20 epoch | loss: 0.3188 | accuracy: 89.5%:  35%|███▌      | 33/94 [00:04<00:08,  7.00it/s]
5/20 epoch | loss: 0.3445 | accuracy: 90.0%:  35%|███▌      | 33/94 [00:05<00:08,  7.00it/s]
5/20 epoch | loss: 0.3445 | accuracy: 90.0%:  36%|███▌      | 34/94 [00:05<00:08,  6.96it/s]
5/20 epoch | loss: 0.4277 | accuracy: 87.1%:  36%|███▌      | 34/94 [00:05<00:08,  6.96it/s]
5/20 epoch | loss: 0.4277 | accuracy: 87.1%:  37%|███▋      | 35/94 [00:05<00:08,  6.95it/s]
5/20 epoch | loss: 0.3279 | accuracy: 89.5%:  37%|███▋      | 35/94 [00:05<00:08,  6.95it/s]
5/20 epoch | loss: 0.3279 | accuracy: 89.5%:  38%|███▊      | 36/94 [00:05<00:08,  6.75it/s]
5/20 epoch | loss: 0.3149 | accuracy: 90.0%:  38%|███▊      | 36/94 [00:05<00:08,  6.75it/s]
5/20 epoch | loss: 0.3149 | accuracy: 90.0%:  39%|███▉      | 37/94 [00:05<00:08,  6.84it/s]
5/20 epoch | loss: 0.4147 | accuracy: 87.5%:  39%|███▉      | 37/94 [00:05<00:08,  6.84it/s]
5/20 epoch | loss: 0.4147 | accuracy: 87.5%:  40%|████      | 38/94 [00:05<00:08,  6.90it/s]
5/20 epoch | loss: 0.4429 | accuracy: 87.3%:  40%|████      | 38/94 [00:05<00:08,  6.90it/s]
5/20 epoch | loss: 0.4429 | accuracy: 87.3%:  41%|████▏     | 39/94 [00:05<00:07,  6.96it/s]
5/20 epoch | loss: 0.3393 | accuracy: 88.5%:  41%|████▏     | 39/94 [00:05<00:07,  6.96it/s]
5/20 epoch | loss: 0.3393 | accuracy: 88.5%:  43%|████▎     | 40/94 [00:05<00:07,  6.99it/s]
5/20 epoch | loss: 0.3294 | accuracy: 89.1%:  43%|████▎     | 40/94 [00:06<00:07,  6.99it/s]
5/20 epoch | loss: 0.3294 | accuracy: 89.1%:  44%|████▎     | 41/94 [00:06<00:07,  7.01it/s]
5/20 epoch | loss: 0.3793 | accuracy: 88.1%:  44%|████▎     | 41/94 [00:06<00:07,  7.01it/s]
5/20 epoch | loss: 0.3793 | accuracy: 88.1%:  45%|████▍     | 42/94 [00:06<00:07,  7.00it/s]
5/20 epoch | loss: 0.4727 | accuracy: 85.3%:  45%|████▍     | 42/94 [00:06<00:07,  7.00it/s]
5/20 epoch | loss: 0.4727 | accuracy: 85.3%:  46%|████▌     | 43/94 [00:06<00:07,  7.01it/s]
5/20 epoch | loss: 0.3875 | accuracy: 88.8%:  46%|████▌     | 43/94 [00:06<00:07,  7.01it/s]
5/20 epoch | loss: 0.3875 | accuracy: 88.8%:  47%|████▋     | 44/94 [00:06<00:07,  6.95it/s]
5/20 epoch | loss: 0.3495 | accuracy: 88.9%:  47%|████▋     | 44/94 [00:06<00:07,  6.95it/s]
5/20 epoch | loss: 0.3495 | accuracy: 88.9%:  48%|████▊     | 45/94 [00:06<00:06,  7.05it/s]
5/20 epoch | loss: 0.3503 | accuracy: 88.1%:  48%|████▊     | 45/94 [00:06<00:06,  7.05it/s]
5/20 epoch | loss: 0.3503 | accuracy: 88.1%:  49%|████▉     | 46/94 [00:06<00:06,  7.07it/s]
5/20 epoch | loss: 0.3690 | accuracy: 88.3%:  49%|████▉     | 46/94 [00:06<00:06,  7.07it/s]
5/20 epoch | loss: 0.3690 | accuracy: 88.3%:  50%|█████     | 47/94 [00:06<00:06,  7.18it/s]
5/20 epoch | loss: 0.3900 | accuracy: 87.0%:  50%|█████     | 47/94 [00:06<00:06,  7.18it/s]
5/20 epoch | loss: 0.3900 | accuracy: 87.0%:  51%|█████     | 48/94 [00:06<00:06,  7.48it/s]
5/20 epoch | loss: 0.3879 | accuracy: 87.5%:  51%|█████     | 48/94 [00:07<00:06,  7.48it/s]
5/20 epoch | loss: 0.3879 | accuracy: 87.5%:  52%|█████▏    | 49/94 [00:07<00:05,  7.72it/s]
5/20 epoch | loss: 0.3724 | accuracy: 88.3%:  52%|█████▏    | 49/94 [00:07<00:05,  7.72it/s]
5/20 epoch | loss: 0.3724 | accuracy: 88.3%:  53%|█████▎    | 50/94 [00:07<00:05,  7.89it/s]
5/20 epoch | loss: 0.3277 | accuracy: 88.9%:  53%|█████▎    | 50/94 [00:07<00:05,  7.89it/s]
5/20 epoch | loss: 0.3277 | accuracy: 88.9%:  54%|█████▍    | 51/94 [00:07<00:05,  7.91it/s]
5/20 epoch | loss: 0.3324 | accuracy: 89.8%:  54%|█████▍    | 51/94 [00:07<00:05,  7.91it/s]
5/20 epoch | loss: 0.3324 | accuracy: 89.8%:  55%|█████▌    | 52/94 [00:07<00:05,  7.72it/s]
5/20 epoch | loss: 0.4257 | accuracy: 86.9%:  55%|█████▌    | 52/94 [00:07<00:05,  7.72it/s]
5/20 epoch | loss: 0.4257 | accuracy: 86.9%:  56%|█████▋    | 53/94 [00:07<00:05,  7.90it/s]
5/20 epoch | loss: 0.4030 | accuracy: 88.1%:  56%|█████▋    | 53/94 [00:07<00:05,  7.90it/s]
5/20 epoch | loss: 0.4030 | accuracy: 88.1%:  57%|█████▋    | 54/94 [00:07<00:05,  7.89it/s]
5/20 epoch | loss: 0.3624 | accuracy: 88.8%:  57%|█████▋    | 54/94 [00:07<00:05,  7.89it/s]
5/20 epoch | loss: 0.3624 | accuracy: 88.8%:  59%|█████▊    | 55/94 [00:07<00:04,  7.87it/s]
5/20 epoch | loss: 0.4090 | accuracy: 87.7%:  59%|█████▊    | 55/94 [00:07<00:04,  7.87it/s]
5/20 epoch | loss: 0.4090 | accuracy: 87.7%:  60%|█████▉    | 56/94 [00:07<00:04,  7.91it/s]
5/20 epoch | loss: 0.3679 | accuracy: 88.9%:  60%|█████▉    | 56/94 [00:08<00:04,  7.91it/s]
5/20 epoch | loss: 0.3679 | accuracy: 88.9%:  61%|██████    | 57/94 [00:08<00:04,  7.92it/s]
5/20 epoch | loss: 0.3754 | accuracy: 88.6%:  61%|██████    | 57/94 [00:08<00:04,  7.92it/s]
5/20 epoch | loss: 0.3754 | accuracy: 88.6%:  62%|██████▏   | 58/94 [00:08<00:04,  7.93it/s]
5/20 epoch | loss: 0.4541 | accuracy: 87.4%:  62%|██████▏   | 58/94 [00:08<00:04,  7.93it/s]
5/20 epoch | loss: 0.4541 | accuracy: 87.4%:  63%|██████▎   | 59/94 [00:08<00:04,  7.65it/s]
5/20 epoch | loss: 0.3686 | accuracy: 88.5%:  63%|██████▎   | 59/94 [00:08<00:04,  7.65it/s]
5/20 epoch | loss: 0.3686 | accuracy: 88.5%:  64%|██████▍   | 60/94 [00:08<00:04,  7.54it/s]
5/20 epoch | loss: 0.3443 | accuracy: 88.8%:  64%|██████▍   | 60/94 [00:08<00:04,  7.54it/s]
5/20 epoch | loss: 0.3443 | accuracy: 88.8%:  65%|██████▍   | 61/94 [00:08<00:04,  6.95it/s]
5/20 epoch | loss: 0.4965 | accuracy: 84.9%:  65%|██████▍   | 61/94 [00:08<00:04,  6.95it/s]
5/20 epoch | loss: 0.4965 | accuracy: 84.9%:  66%|██████▌   | 62/94 [00:08<00:04,  6.55it/s]
5/20 epoch | loss: 0.5631 | accuracy: 84.7%:  66%|██████▌   | 62/94 [00:08<00:04,  6.55it/s]
5/20 epoch | loss: 0.5631 | accuracy: 84.7%:  67%|██████▋   | 63/94 [00:08<00:04,  6.72it/s]
5/20 epoch | loss: 0.3548 | accuracy: 87.9%:  67%|██████▋   | 63/94 [00:09<00:04,  6.72it/s]
5/20 epoch | loss: 0.3548 | accuracy: 87.9%:  68%|██████▊   | 64/94 [00:09<00:04,  6.91it/s]
5/20 epoch | loss: 0.3370 | accuracy: 89.0%:  68%|██████▊   | 64/94 [00:09<00:04,  6.91it/s]
5/20 epoch | loss: 0.3370 | accuracy: 89.0%:  69%|██████▉   | 65/94 [00:09<00:04,  7.08it/s]
5/20 epoch | loss: 0.3423 | accuracy: 88.9%:  69%|██████▉   | 65/94 [00:09<00:04,  7.08it/s]
5/20 epoch | loss: 0.3423 | accuracy: 88.9%:  70%|███████   | 66/94 [00:09<00:03,  7.05it/s]
5/20 epoch | loss: 0.3718 | accuracy: 89.5%:  70%|███████   | 66/94 [00:09<00:03,  7.05it/s]
5/20 epoch | loss: 0.3718 | accuracy: 89.5%:  71%|███████▏  | 67/94 [00:09<00:03,  6.78it/s]
5/20 epoch | loss: 0.3409 | accuracy: 89.4%:  71%|███████▏  | 67/94 [00:09<00:03,  6.78it/s]
5/20 epoch | loss: 0.3409 | accuracy: 89.4%:  72%|███████▏  | 68/94 [00:09<00:03,  7.16it/s]
5/20 epoch | loss: 0.3516 | accuracy: 89.0%:  72%|███████▏  | 68/94 [00:09<00:03,  7.16it/s]
5/20 epoch | loss: 0.3516 | accuracy: 89.0%:  73%|███████▎  | 69/94 [00:09<00:03,  7.08it/s]
5/20 epoch | loss: 0.3206 | accuracy: 89.6%:  73%|███████▎  | 69/94 [00:09<00:03,  7.08it/s]
5/20 epoch | loss: 0.3206 | accuracy: 89.6%:  74%|███████▍  | 70/94 [00:09<00:03,  7.33it/s]
5/20 epoch | loss: 0.4378 | accuracy: 86.6%:  74%|███████▍  | 70/94 [00:10<00:03,  7.33it/s]
5/20 epoch | loss: 0.4378 | accuracy: 86.6%:  76%|███████▌  | 71/94 [00:10<00:03,  7.38it/s]
5/20 epoch | loss: 0.3894 | accuracy: 87.1%:  76%|███████▌  | 71/94 [00:10<00:03,  7.38it/s]
5/20 epoch | loss: 0.3894 | accuracy: 87.1%:  77%|███████▋  | 72/94 [00:10<00:02,  7.39it/s]
5/20 epoch | loss: 0.3534 | accuracy: 88.3%:  77%|███████▋  | 72/94 [00:10<00:02,  7.39it/s]
5/20 epoch | loss: 0.3534 | accuracy: 88.3%:  78%|███████▊  | 73/94 [00:10<00:02,  7.36it/s]
5/20 epoch | loss: 0.3284 | accuracy: 89.8%:  78%|███████▊  | 73/94 [00:10<00:02,  7.36it/s]
5/20 epoch | loss: 0.3284 | accuracy: 89.8%:  79%|███████▊  | 74/94 [00:10<00:02,  7.43it/s]
5/20 epoch | loss: 0.3062 | accuracy: 90.0%:  79%|███████▊  | 74/94 [00:10<00:02,  7.43it/s]
5/20 epoch | loss: 0.3062 | accuracy: 90.0%:  80%|███████▉  | 75/94 [00:10<00:02,  7.31it/s]
5/20 epoch | loss: 0.3412 | accuracy: 90.2%:  80%|███████▉  | 75/94 [00:10<00:02,  7.31it/s]
5/20 epoch | loss: 0.3412 | accuracy: 90.2%:  81%|████████  | 76/94 [00:10<00:02,  7.44it/s]
5/20 epoch | loss: 0.2805 | accuracy: 90.9%:  81%|████████  | 76/94 [00:10<00:02,  7.44it/s]
5/20 epoch | loss: 0.2805 | accuracy: 90.9%:  82%|████████▏ | 77/94 [00:10<00:02,  7.47it/s]
5/20 epoch | loss: 0.3722 | accuracy: 89.3%:  82%|████████▏ | 77/94 [00:11<00:02,  7.47it/s]
5/20 epoch | loss: 0.3722 | accuracy: 89.3%:  83%|████████▎ | 78/94 [00:11<00:02,  7.41it/s]
5/20 epoch | loss: 0.5470 | accuracy: 84.3%:  83%|████████▎ | 78/94 [00:11<00:02,  7.41it/s]
5/20 epoch | loss: 0.5470 | accuracy: 84.3%:  84%|████████▍ | 79/94 [00:11<00:02,  7.37it/s]
5/20 epoch | loss: 0.3841 | accuracy: 89.6%:  84%|████████▍ | 79/94 [00:11<00:02,  7.37it/s]
5/20 epoch | loss: 0.3841 | accuracy: 89.6%:  85%|████████▌ | 80/94 [00:11<00:01,  7.07it/s]
5/20 epoch | loss: 0.3712 | accuracy: 89.2%:  85%|████████▌ | 80/94 [00:11<00:01,  7.07it/s]
5/20 epoch | loss: 0.3712 | accuracy: 89.2%:  86%|████████▌ | 81/94 [00:11<00:01,  7.01it/s]
5/20 epoch | loss: 0.3840 | accuracy: 86.9%:  86%|████████▌ | 81/94 [00:11<00:01,  7.01it/s]
5/20 epoch | loss: 0.3840 | accuracy: 86.9%:  87%|████████▋ | 82/94 [00:11<00:01,  7.00it/s]
5/20 epoch | loss: 0.3320 | accuracy: 89.7%:  87%|████████▋ | 82/94 [00:11<00:01,  7.00it/s]
5/20 epoch | loss: 0.3320 | accuracy: 89.7%:  88%|████████▊ | 83/94 [00:11<00:01,  6.91it/s]
5/20 epoch | loss: 0.2821 | accuracy: 91.3%:  88%|████████▊ | 83/94 [00:11<00:01,  6.91it/s]
5/20 epoch | loss: 0.2821 | accuracy: 91.3%:  89%|████████▉ | 84/94 [00:11<00:01,  6.99it/s]
5/20 epoch | loss: 0.3270 | accuracy: 90.5%:  89%|████████▉ | 84/94 [00:12<00:01,  6.99it/s]
5/20 epoch | loss: 0.3270 | accuracy: 90.5%:  90%|█████████ | 85/94 [00:12<00:01,  7.13it/s]
5/20 epoch | loss: 0.3651 | accuracy: 88.4%:  90%|█████████ | 85/94 [00:12<00:01,  7.13it/s]
5/20 epoch | loss: 0.3651 | accuracy: 88.4%:  91%|█████████▏| 86/94 [00:12<00:01,  7.47it/s]
5/20 epoch | loss: 0.4463 | accuracy: 87.0%:  91%|█████████▏| 86/94 [00:12<00:01,  7.47it/s]
5/20 epoch | loss: 0.4463 | accuracy: 87.0%:  93%|█████████▎| 87/94 [00:12<00:00,  7.71it/s]
5/20 epoch | loss: 0.4008 | accuracy: 89.3%:  93%|█████████▎| 87/94 [00:12<00:00,  7.71it/s]
5/20 epoch | loss: 0.4008 | accuracy: 89.3%:  94%|█████████▎| 88/94 [00:12<00:00,  7.90it/s]
5/20 epoch | loss: 0.3200 | accuracy: 89.5%:  94%|█████████▎| 88/94 [00:12<00:00,  7.90it/s]
5/20 epoch | loss: 0.3200 | accuracy: 89.5%:  95%|█████████▍| 89/94 [00:12<00:00,  8.02it/s]
5/20 epoch | loss: 0.3336 | accuracy: 90.3%:  95%|█████████▍| 89/94 [00:12<00:00,  8.02it/s]
5/20 epoch | loss: 0.3336 | accuracy: 90.3%:  96%|█████████▌| 90/94 [00:12<00:00,  8.13it/s]
5/20 epoch | loss: 0.3426 | accuracy: 90.5%:  96%|█████████▌| 90/94 [00:12<00:00,  8.13it/s]
5/20 epoch | loss: 0.3426 | accuracy: 90.5%:  97%|█████████▋| 91/94 [00:12<00:00,  8.18it/s]
5/20 epoch | loss: 0.2999 | accuracy: 90.2%:  97%|█████████▋| 91/94 [00:12<00:00,  8.18it/s]
5/20 epoch | loss: 0.2999 | accuracy: 90.2%:  98%|█████████▊| 92/94 [00:12<00:00,  8.23it/s]
5/20 epoch | loss: 0.4004 | accuracy: 88.5%:  98%|█████████▊| 92/94 [00:13<00:00,  8.23it/s]
5/20 epoch | loss: 0.4004 | accuracy: 88.5%:  99%|█████████▉| 93/94 [00:13<00:00,  8.01it/s]
5/20 epoch | loss: 0.3396 | accuracy: 89.6%:  99%|█████████▉| 93/94 [00:13<00:00,  8.01it/s]
5/20 epoch | loss: 0.3396 | accuracy: 89.6%: 100%|██████████| 94/94 [00:13<00:00,  8.07it/s]
5/20 epoch | loss: 0.3396 | accuracy: 89.6%: 100%|██████████| 94/94 [00:13<00:00,  7.16it/s]
train loss: 0.3730 | train acc: 88.5% | val loss: 0.3983 | val acc: 87.7% | val mIoU: 76.2%
saving checkpoint to checkpoints/segmentation/05-07_12-23-26/Segmentation_ckpt_epoch4_metric76.23.ckpt

  0%|          | 0/94 [00:00<?, ?it/s]
6/20 epoch | loss: 0.2835 | accuracy: 90.2%:   0%|          | 0/94 [00:00<?, ?it/s]
6/20 epoch | loss: 0.2835 | accuracy: 90.2%:   1%|          | 1/94 [00:00<00:11,  8.28it/s]
6/20 epoch | loss: 0.3137 | accuracy: 89.8%:   1%|          | 1/94 [00:00<00:11,  8.28it/s]
6/20 epoch | loss: 0.3137 | accuracy: 89.8%:   2%|▏         | 2/94 [00:00<00:11,  8.29it/s]
6/20 epoch | loss: 0.3246 | accuracy: 88.8%:   2%|▏         | 2/94 [00:00<00:11,  8.29it/s]
6/20 epoch | loss: 0.3246 | accuracy: 88.8%:   3%|▎         | 3/94 [00:00<00:10,  8.30it/s]
6/20 epoch | loss: 0.3191 | accuracy: 89.9%:   3%|▎         | 3/94 [00:00<00:10,  8.30it/s]
6/20 epoch | loss: 0.3191 | accuracy: 89.9%:   4%|▍         | 4/94 [00:00<00:10,  8.31it/s]
6/20 epoch | loss: 0.3386 | accuracy: 89.3%:   4%|▍         | 4/94 [00:00<00:10,  8.31it/s]
6/20 epoch | loss: 0.3386 | accuracy: 89.3%:   5%|▌         | 5/94 [00:00<00:10,  8.23it/s]
6/20 epoch | loss: 0.2756 | accuracy: 91.1%:   5%|▌         | 5/94 [00:00<00:10,  8.23it/s]
6/20 epoch | loss: 0.2756 | accuracy: 91.1%:   6%|▋         | 6/94 [00:00<00:10,  8.28it/s]
6/20 epoch | loss: 0.3156 | accuracy: 89.2%:   6%|▋         | 6/94 [00:00<00:10,  8.28it/s]
6/20 epoch | loss: 0.3156 | accuracy: 89.2%:   7%|▋         | 7/94 [00:00<00:10,  8.25it/s]
6/20 epoch | loss: 0.3393 | accuracy: 88.8%:   7%|▋         | 7/94 [00:00<00:10,  8.25it/s]
6/20 epoch | loss: 0.3393 | accuracy: 88.8%:   9%|▊         | 8/94 [00:00<00:10,  8.26it/s]
6/20 epoch | loss: 0.3668 | accuracy: 89.1%:   9%|▊         | 8/94 [00:01<00:10,  8.26it/s]
6/20 epoch | loss: 0.3668 | accuracy: 89.1%:  10%|▉         | 9/94 [00:01<00:10,  8.28it/s]
6/20 epoch | loss: 0.3240 | accuracy: 89.0%:  10%|▉         | 9/94 [00:01<00:10,  8.28it/s]
6/20 epoch | loss: 0.3240 | accuracy: 89.0%:  11%|█         | 10/94 [00:01<00:10,  8.30it/s]
6/20 epoch | loss: 0.3500 | accuracy: 88.7%:  11%|█         | 10/94 [00:01<00:10,  8.30it/s]
6/20 epoch | loss: 0.3500 | accuracy: 88.7%:  12%|█▏        | 11/94 [00:01<00:09,  8.32it/s]
6/20 epoch | loss: 0.2812 | accuracy: 91.1%:  12%|█▏        | 11/94 [00:01<00:09,  8.32it/s]
6/20 epoch | loss: 0.2812 | accuracy: 91.1%:  13%|█▎        | 12/94 [00:01<00:10,  7.99it/s]
6/20 epoch | loss: 0.3702 | accuracy: 89.9%:  13%|█▎        | 12/94 [00:01<00:10,  7.99it/s]
6/20 epoch | loss: 0.3702 | accuracy: 89.9%:  14%|█▍        | 13/94 [00:01<00:10,  8.09it/s]
6/20 epoch | loss: 0.4475 | accuracy: 85.8%:  14%|█▍        | 13/94 [00:01<00:10,  8.09it/s]
6/20 epoch | loss: 0.4475 | accuracy: 85.8%:  15%|█▍        | 14/94 [00:01<00:09,  8.13it/s]
6/20 epoch | loss: 0.3278 | accuracy: 89.7%:  15%|█▍        | 14/94 [00:01<00:09,  8.13it/s]
6/20 epoch | loss: 0.3278 | accuracy: 89.7%:  16%|█▌        | 15/94 [00:01<00:09,  8.18it/s]
6/20 epoch | loss: 0.3826 | accuracy: 87.3%:  16%|█▌        | 15/94 [00:01<00:09,  8.18it/s]
6/20 epoch | loss: 0.3826 | accuracy: 87.3%:  17%|█▋        | 16/94 [00:01<00:09,  8.15it/s]
6/20 epoch | loss: 0.3126 | accuracy: 89.0%:  17%|█▋        | 16/94 [00:02<00:09,  8.15it/s]
6/20 epoch | loss: 0.3126 | accuracy: 89.0%:  18%|█▊        | 17/94 [00:02<00:09,  8.00it/s]
6/20 epoch | loss: 0.3017 | accuracy: 90.0%:  18%|█▊        | 17/94 [00:02<00:09,  8.00it/s]
6/20 epoch | loss: 0.3017 | accuracy: 90.0%:  19%|█▉        | 18/94 [00:02<00:09,  8.11it/s]
6/20 epoch | loss: 0.3373 | accuracy: 88.6%:  19%|█▉        | 18/94 [00:02<00:09,  8.11it/s]
6/20 epoch | loss: 0.3373 | accuracy: 88.6%:  20%|██        | 19/94 [00:02<00:09,  8.19it/s]
6/20 epoch | loss: 0.3342 | accuracy: 90.2%:  20%|██        | 19/94 [00:02<00:09,  8.19it/s]
6/20 epoch | loss: 0.3342 | accuracy: 90.2%:  21%|██▏       | 20/94 [00:02<00:08,  8.25it/s]
6/20 epoch | loss: 0.2598 | accuracy: 92.0%:  21%|██▏       | 20/94 [00:02<00:08,  8.25it/s]
6/20 epoch | loss: 0.2598 | accuracy: 92.0%:  22%|██▏       | 21/94 [00:02<00:08,  8.16it/s]
6/20 epoch | loss: 0.3347 | accuracy: 89.8%:  22%|██▏       | 21/94 [00:02<00:08,  8.16it/s]
6/20 epoch | loss: 0.3347 | accuracy: 89.8%:  23%|██▎       | 22/94 [00:02<00:08,  8.21it/s]
6/20 epoch | loss: 0.3271 | accuracy: 89.7%:  23%|██▎       | 22/94 [00:02<00:08,  8.21it/s]
6/20 epoch | loss: 0.3271 | accuracy: 89.7%:  24%|██▍       | 23/94 [00:02<00:08,  8.15it/s]
6/20 epoch | loss: 0.3439 | accuracy: 88.0%:  24%|██▍       | 23/94 [00:02<00:08,  8.15it/s]
6/20 epoch | loss: 0.3439 | accuracy: 88.0%:  26%|██▌       | 24/94 [00:02<00:08,  7.84it/s]
6/20 epoch | loss: 0.3106 | accuracy: 90.2%:  26%|██▌       | 24/94 [00:03<00:08,  7.84it/s]
6/20 epoch | loss: 0.3106 | accuracy: 90.2%:  27%|██▋       | 25/94 [00:03<00:08,  7.82it/s]
6/20 epoch | loss: 0.3196 | accuracy: 89.7%:  27%|██▋       | 25/94 [00:03<00:08,  7.82it/s]
6/20 epoch | loss: 0.3196 | accuracy: 89.7%:  28%|██▊       | 26/94 [00:03<00:08,  7.96it/s]
6/20 epoch | loss: 0.3628 | accuracy: 87.5%:  28%|██▊       | 26/94 [00:03<00:08,  7.96it/s]
6/20 epoch | loss: 0.3628 | accuracy: 87.5%:  29%|██▊       | 27/94 [00:03<00:08,  8.03it/s]
6/20 epoch | loss: 0.2705 | accuracy: 91.0%:  29%|██▊       | 27/94 [00:03<00:08,  8.03it/s]
6/20 epoch | loss: 0.2705 | accuracy: 91.0%:  30%|██▉       | 28/94 [00:03<00:08,  8.12it/s]
6/20 epoch | loss: 0.3643 | accuracy: 86.7%:  30%|██▉       | 28/94 [00:03<00:08,  8.12it/s]
6/20 epoch | loss: 0.3643 | accuracy: 86.7%:  31%|███       | 29/94 [00:03<00:08,  7.85it/s]
6/20 epoch | loss: 0.4162 | accuracy: 87.4%:  31%|███       | 29/94 [00:03<00:08,  7.85it/s]
6/20 epoch | loss: 0.4162 | accuracy: 87.4%:  32%|███▏      | 30/94 [00:03<00:08,  7.88it/s]
6/20 epoch | loss: 0.3387 | accuracy: 88.7%:  32%|███▏      | 30/94 [00:03<00:08,  7.88it/s]
6/20 epoch | loss: 0.3387 | accuracy: 88.7%:  33%|███▎      | 31/94 [00:03<00:08,  7.68it/s]
6/20 epoch | loss: 0.3071 | accuracy: 89.2%:  33%|███▎      | 31/94 [00:03<00:08,  7.68it/s]
6/20 epoch | loss: 0.3071 | accuracy: 89.2%:  34%|███▍      | 32/94 [00:03<00:08,  7.71it/s]
6/20 epoch | loss: 0.4191 | accuracy: 87.1%:  34%|███▍      | 32/94 [00:04<00:08,  7.71it/s]
6/20 epoch | loss: 0.4191 | accuracy: 87.1%:  35%|███▌      | 33/94 [00:04<00:07,  7.81it/s]
6/20 epoch | loss: 0.2999 | accuracy: 90.3%:  35%|███▌      | 33/94 [00:04<00:07,  7.81it/s]
6/20 epoch | loss: 0.2999 | accuracy: 90.3%:  36%|███▌      | 34/94 [00:04<00:07,  7.63it/s]
6/20 epoch | loss: 0.2978 | accuracy: 90.6%:  36%|███▌      | 34/94 [00:04<00:07,  7.63it/s]
6/20 epoch | loss: 0.2978 | accuracy: 90.6%:  37%|███▋      | 35/94 [00:04<00:07,  7.82it/s]
6/20 epoch | loss: 0.2921 | accuracy: 90.3%:  37%|███▋      | 35/94 [00:04<00:07,  7.82it/s]
6/20 epoch | loss: 0.2921 | accuracy: 90.3%:  38%|███▊      | 36/94 [00:04<00:07,  7.71it/s]
6/20 epoch | loss: 0.2837 | accuracy: 90.4%:  38%|███▊      | 36/94 [00:04<00:07,  7.71it/s]
6/20 epoch | loss: 0.2837 | accuracy: 90.4%:  39%|███▉      | 37/94 [00:04<00:07,  7.76it/s]
6/20 epoch | loss: 0.3990 | accuracy: 88.9%:  39%|███▉      | 37/94 [00:04<00:07,  7.76it/s]
6/20 epoch | loss: 0.3990 | accuracy: 88.9%:  40%|████      | 38/94 [00:04<00:07,  7.90it/s]
6/20 epoch | loss: 0.3359 | accuracy: 89.6%:  40%|████      | 38/94 [00:04<00:07,  7.90it/s]
6/20 epoch | loss: 0.3359 | accuracy: 89.6%:  41%|████▏     | 39/94 [00:04<00:06,  8.00it/s]
6/20 epoch | loss: 0.3044 | accuracy: 90.4%:  41%|████▏     | 39/94 [00:04<00:06,  8.00it/s]
6/20 epoch | loss: 0.3044 | accuracy: 90.4%:  43%|████▎     | 40/94 [00:04<00:06,  8.08it/s]
6/20 epoch | loss: 0.3054 | accuracy: 89.8%:  43%|████▎     | 40/94 [00:05<00:06,  8.08it/s]
6/20 epoch | loss: 0.3054 | accuracy: 89.8%:  44%|████▎     | 41/94 [00:05<00:06,  8.15it/s]
6/20 epoch | loss: 0.3401 | accuracy: 88.3%:  44%|████▎     | 41/94 [00:05<00:06,  8.15it/s]
6/20 epoch | loss: 0.3401 | accuracy: 88.3%:  45%|████▍     | 42/94 [00:05<00:06,  8.11it/s]
6/20 epoch | loss: 0.3112 | accuracy: 90.7%:  45%|████▍     | 42/94 [00:05<00:06,  8.11it/s]
6/20 epoch | loss: 0.3112 | accuracy: 90.7%:  46%|████▌     | 43/94 [00:05<00:06,  8.19it/s]
6/20 epoch | loss: 0.2940 | accuracy: 90.8%:  46%|████▌     | 43/94 [00:05<00:06,  8.19it/s]
6/20 epoch | loss: 0.2940 | accuracy: 90.8%:  47%|████▋     | 44/94 [00:05<00:06,  8.12it/s]
6/20 epoch | loss: 0.3447 | accuracy: 88.2%:  47%|████▋     | 44/94 [00:05<00:06,  8.12it/s]
6/20 epoch | loss: 0.3447 | accuracy: 88.2%:  48%|████▊     | 45/94 [00:05<00:05,  8.19it/s]
6/20 epoch | loss: 0.2885 | accuracy: 90.3%:  48%|████▊     | 45/94 [00:05<00:05,  8.19it/s]
6/20 epoch | loss: 0.2885 | accuracy: 90.3%:  49%|████▉     | 46/94 [00:05<00:05,  8.18it/s]
6/20 epoch | loss: 0.2752 | accuracy: 90.9%:  49%|████▉     | 46/94 [00:05<00:05,  8.18it/s]
6/20 epoch | loss: 0.2752 | accuracy: 90.9%:  50%|█████     | 47/94 [00:05<00:05,  8.07it/s]
6/20 epoch | loss: 0.2982 | accuracy: 90.5%:  50%|█████     | 47/94 [00:05<00:05,  8.07it/s]
6/20 epoch | loss: 0.2982 | accuracy: 90.5%:  51%|█████     | 48/94 [00:05<00:05,  8.16it/s]
6/20 epoch | loss: 0.2742 | accuracy: 91.3%:  51%|█████     | 48/94 [00:06<00:05,  8.16it/s]
6/20 epoch | loss: 0.2742 | accuracy: 91.3%:  52%|█████▏    | 49/94 [00:06<00:05,  7.94it/s]
6/20 epoch | loss: 0.3046 | accuracy: 89.9%:  52%|█████▏    | 49/94 [00:06<00:05,  7.94it/s]
6/20 epoch | loss: 0.3046 | accuracy: 89.9%:  53%|█████▎    | 50/94 [00:06<00:05,  8.05it/s]
6/20 epoch | loss: 0.3032 | accuracy: 89.9%:  53%|█████▎    | 50/94 [00:06<00:05,  8.05it/s]
6/20 epoch | loss: 0.3032 | accuracy: 89.9%:  54%|█████▍    | 51/94 [00:06<00:05,  7.90it/s]
6/20 epoch | loss: 0.2601 | accuracy: 90.9%:  54%|█████▍    | 51/94 [00:06<00:05,  7.90it/s]
6/20 epoch | loss: 0.2601 | accuracy: 90.9%:  55%|█████▌    | 52/94 [00:06<00:05,  8.02it/s]
6/20 epoch | loss: 0.3388 | accuracy: 89.7%:  55%|█████▌    | 52/94 [00:06<00:05,  8.02it/s]
6/20 epoch | loss: 0.3388 | accuracy: 89.7%:  56%|█████▋    | 53/94 [00:06<00:05,  8.11it/s]
6/20 epoch | loss: 0.3755 | accuracy: 86.6%:  56%|█████▋    | 53/94 [00:06<00:05,  8.11it/s]
6/20 epoch | loss: 0.3755 | accuracy: 86.6%:  57%|█████▋    | 54/94 [00:06<00:04,  8.17it/s]
6/20 epoch | loss: 0.4607 | accuracy: 87.8%:  57%|█████▋    | 54/94 [00:06<00:04,  8.17it/s]
6/20 epoch | loss: 0.4607 | accuracy: 87.8%:  59%|█████▊    | 55/94 [00:06<00:04,  8.23it/s]
6/20 epoch | loss: 0.2675 | accuracy: 91.7%:  59%|█████▊    | 55/94 [00:06<00:04,  8.23it/s]
6/20 epoch | loss: 0.2675 | accuracy: 91.7%:  60%|█████▉    | 56/94 [00:06<00:04,  8.24it/s]
6/20 epoch | loss: 0.2970 | accuracy: 89.8%:  60%|█████▉    | 56/94 [00:07<00:04,  8.24it/s]
6/20 epoch | loss: 0.2970 | accuracy: 89.8%:  61%|██████    | 57/94 [00:07<00:04,  8.26it/s]
6/20 epoch | loss: 0.4384 | accuracy: 88.0%:  61%|██████    | 57/94 [00:07<00:04,  8.26it/s]
6/20 epoch | loss: 0.4384 | accuracy: 88.0%:  62%|██████▏   | 58/94 [00:07<00:04,  8.21it/s]
6/20 epoch | loss: 0.3498 | accuracy: 89.6%:  62%|██████▏   | 58/94 [00:07<00:04,  8.21it/s]
6/20 epoch | loss: 0.3498 | accuracy: 89.6%:  63%|██████▎   | 59/94 [00:07<00:04,  7.99it/s]
6/20 epoch | loss: 0.2875 | accuracy: 90.2%:  63%|██████▎   | 59/94 [00:07<00:04,  7.99it/s]
6/20 epoch | loss: 0.2875 | accuracy: 90.2%:  64%|██████▍   | 60/94 [00:07<00:04,  8.07it/s]
6/20 epoch | loss: 0.3239 | accuracy: 89.3%:  64%|██████▍   | 60/94 [00:07<00:04,  8.07it/s]
6/20 epoch | loss: 0.3239 | accuracy: 89.3%:  65%|██████▍   | 61/94 [00:07<00:04,  8.07it/s]
6/20 epoch | loss: 0.3068 | accuracy: 90.2%:  65%|██████▍   | 61/94 [00:07<00:04,  8.07it/s]
6/20 epoch | loss: 0.3068 | accuracy: 90.2%:  66%|██████▌   | 62/94 [00:07<00:03,  8.08it/s]
6/20 epoch | loss: 0.2981 | accuracy: 90.6%:  66%|██████▌   | 62/94 [00:07<00:03,  8.08it/s]
6/20 epoch | loss: 0.2981 | accuracy: 90.6%:  67%|██████▋   | 63/94 [00:07<00:03,  7.92it/s]
6/20 epoch | loss: 0.4291 | accuracy: 87.2%:  67%|██████▋   | 63/94 [00:07<00:03,  7.92it/s]
6/20 epoch | loss: 0.4291 | accuracy: 87.2%:  68%|██████▊   | 64/94 [00:07<00:03,  7.88it/s]
6/20 epoch | loss: 0.4378 | accuracy: 87.8%:  68%|██████▊   | 64/94 [00:08<00:03,  7.88it/s]
6/20 epoch | loss: 0.4378 | accuracy: 87.8%:  69%|██████▉   | 65/94 [00:08<00:03,  8.01it/s]
6/20 epoch | loss: 0.2941 | accuracy: 89.6%:  69%|██████▉   | 65/94 [00:08<00:03,  8.01it/s]
6/20 epoch | loss: 0.2941 | accuracy: 89.6%:  70%|███████   | 66/94 [00:08<00:03,  8.00it/s]
6/20 epoch | loss: 0.3535 | accuracy: 88.3%:  70%|███████   | 66/94 [00:08<00:03,  8.00it/s]
6/20 epoch | loss: 0.3535 | accuracy: 88.3%:  71%|███████▏  | 67/94 [00:08<00:03,  7.58it/s]
6/20 epoch | loss: 0.3233 | accuracy: 89.6%:  71%|███████▏  | 67/94 [00:08<00:03,  7.58it/s]
6/20 epoch | loss: 0.3233 | accuracy: 89.6%:  72%|███████▏  | 68/94 [00:08<00:03,  7.80it/s]
6/20 epoch | loss: 0.3404 | accuracy: 89.5%:  72%|███████▏  | 68/94 [00:08<00:03,  7.80it/s]
6/20 epoch | loss: 0.3404 | accuracy: 89.5%:  73%|███████▎  | 69/94 [00:08<00:03,  7.96it/s]
6/20 epoch | loss: 0.3738 | accuracy: 88.2%:  73%|███████▎  | 69/94 [00:08<00:03,  7.96it/s]
6/20 epoch | loss: 0.3738 | accuracy: 88.2%:  74%|███████▍  | 70/94 [00:08<00:03,  7.99it/s]
6/20 epoch | loss: 0.3652 | accuracy: 89.6%:  74%|███████▍  | 70/94 [00:08<00:03,  7.99it/s]
6/20 epoch | loss: 0.3652 | accuracy: 89.6%:  76%|███████▌  | 71/94 [00:08<00:02,  7.78it/s]
6/20 epoch | loss: 0.3477 | accuracy: 88.8%:  76%|███████▌  | 71/94 [00:08<00:02,  7.78it/s]
6/20 epoch | loss: 0.3477 | accuracy: 88.8%:  77%|███████▋  | 72/94 [00:08<00:02,  7.81it/s]
6/20 epoch | loss: 0.3369 | accuracy: 89.2%:  77%|███████▋  | 72/94 [00:09<00:02,  7.81it/s]
6/20 epoch | loss: 0.3369 | accuracy: 89.2%:  78%|███████▊  | 73/94 [00:09<00:02,  7.92it/s]
6/20 epoch | loss: 0.4036 | accuracy: 87.3%:  78%|███████▊  | 73/94 [00:09<00:02,  7.92it/s]
6/20 epoch | loss: 0.4036 | accuracy: 87.3%:  79%|███████▊  | 74/94 [00:09<00:02,  8.04it/s]
6/20 epoch | loss: 0.4170 | accuracy: 87.8%:  79%|███████▊  | 74/94 [00:09<00:02,  8.04it/s]
6/20 epoch | loss: 0.4170 | accuracy: 87.8%:  80%|███████▉  | 75/94 [00:09<00:02,  8.12it/s]
6/20 epoch | loss: 0.3582 | accuracy: 88.5%:  80%|███████▉  | 75/94 [00:09<00:02,  8.12it/s]
6/20 epoch | loss: 0.3582 | accuracy: 88.5%:  81%|████████  | 76/94 [00:09<00:02,  8.12it/s]
6/20 epoch | loss: 0.3580 | accuracy: 88.1%:  81%|████████  | 76/94 [00:09<00:02,  8.12it/s]
6/20 epoch | loss: 0.3580 | accuracy: 88.1%:  82%|████████▏ | 77/94 [00:09<00:02,  7.88it/s]
6/20 epoch | loss: 0.2760 | accuracy: 90.8%:  82%|████████▏ | 77/94 [00:09<00:02,  7.88it/s]
6/20 epoch | loss: 0.2760 | accuracy: 90.8%:  83%|████████▎ | 78/94 [00:09<00:01,  8.01it/s]
6/20 epoch | loss: 0.3202 | accuracy: 89.5%:  83%|████████▎ | 78/94 [00:09<00:01,  8.01it/s]
6/20 epoch | loss: 0.3202 | accuracy: 89.5%:  84%|████████▍ | 79/94 [00:09<00:01,  8.11it/s]
6/20 epoch | loss: 0.4770 | accuracy: 86.1%:  84%|████████▍ | 79/94 [00:09<00:01,  8.11it/s]
6/20 epoch | loss: 0.4770 | accuracy: 86.1%:  85%|████████▌ | 80/94 [00:09<00:01,  8.15it/s]
6/20 epoch | loss: 0.2904 | accuracy: 91.2%:  85%|████████▌ | 80/94 [00:10<00:01,  8.15it/s]
6/20 epoch | loss: 0.2904 | accuracy: 91.2%:  86%|████████▌ | 81/94 [00:10<00:01,  8.20it/s]
6/20 epoch | loss: 0.3123 | accuracy: 89.7%:  86%|████████▌ | 81/94 [00:10<00:01,  8.20it/s]
6/20 epoch | loss: 0.3123 | accuracy: 89.7%:  87%|████████▋ | 82/94 [00:10<00:01,  8.25it/s]
6/20 epoch | loss: 0.3382 | accuracy: 89.1%:  87%|████████▋ | 82/94 [00:10<00:01,  8.25it/s]
6/20 epoch | loss: 0.3382 | accuracy: 89.1%:  88%|████████▊ | 83/94 [00:10<00:01,  8.28it/s]
6/20 epoch | loss: 0.3068 | accuracy: 89.9%:  88%|████████▊ | 83/94 [00:10<00:01,  8.28it/s]
6/20 epoch | loss: 0.3068 | accuracy: 89.9%:  89%|████████▉ | 84/94 [00:10<00:01,  8.21it/s]
6/20 epoch | loss: 0.3421 | accuracy: 89.8%:  89%|████████▉ | 84/94 [00:10<00:01,  8.21it/s]
6/20 epoch | loss: 0.3421 | accuracy: 89.8%:  90%|█████████ | 85/94 [00:10<00:01,  8.25it/s]
6/20 epoch | loss: 0.3806 | accuracy: 87.5%:  90%|█████████ | 85/94 [00:10<00:01,  8.25it/s]
6/20 epoch | loss: 0.3806 | accuracy: 87.5%:  91%|█████████▏| 86/94 [00:10<00:00,  8.02it/s]
6/20 epoch | loss: 0.3886 | accuracy: 88.6%:  91%|█████████▏| 86/94 [00:10<00:00,  8.02it/s]
6/20 epoch | loss: 0.3886 | accuracy: 88.6%:  93%|█████████▎| 87/94 [00:10<00:00,  8.10it/s]
6/20 epoch | loss: 0.3039 | accuracy: 90.8%:  93%|█████████▎| 87/94 [00:10<00:00,  8.10it/s]
6/20 epoch | loss: 0.3039 | accuracy: 90.8%:  94%|█████████▎| 88/94 [00:10<00:00,  8.09it/s]
6/20 epoch | loss: 0.3511 | accuracy: 88.3%:  94%|█████████▎| 88/94 [00:11<00:00,  8.09it/s]
6/20 epoch | loss: 0.3511 | accuracy: 88.3%:  95%|█████████▍| 89/94 [00:11<00:00,  7.94it/s]
6/20 epoch | loss: 0.4101 | accuracy: 87.8%:  95%|█████████▍| 89/94 [00:11<00:00,  7.94it/s]
6/20 epoch | loss: 0.4101 | accuracy: 87.8%:  96%|█████████▌| 90/94 [00:11<00:00,  7.92it/s]
6/20 epoch | loss: 0.3307 | accuracy: 89.1%:  96%|█████████▌| 90/94 [00:11<00:00,  7.92it/s]
6/20 epoch | loss: 0.3307 | accuracy: 89.1%:  97%|█████████▋| 91/94 [00:11<00:00,  8.03it/s]
6/20 epoch | loss: 0.3022 | accuracy: 90.2%:  97%|█████████▋| 91/94 [00:11<00:00,  8.03it/s]
6/20 epoch | loss: 0.3022 | accuracy: 90.2%:  98%|█████████▊| 92/94 [00:11<00:00,  8.13it/s]
6/20 epoch | loss: 0.3716 | accuracy: 88.5%:  98%|█████████▊| 92/94 [00:11<00:00,  8.13it/s]
6/20 epoch | loss: 0.3716 | accuracy: 88.5%:  99%|█████████▉| 93/94 [00:11<00:00,  7.93it/s]
6/20 epoch | loss: 0.2801 | accuracy: 90.8%:  99%|█████████▉| 93/94 [00:11<00:00,  7.93it/s]
6/20 epoch | loss: 0.2801 | accuracy: 90.8%: 100%|██████████| 94/94 [00:11<00:00,  7.98it/s]
6/20 epoch | loss: 0.2801 | accuracy: 90.8%: 100%|██████████| 94/94 [00:11<00:00,  8.04it/s]
train loss: 0.3351 | train acc: 89.3% | val loss: 0.3762 | val acc: 88.5% | val mIoU: 77.2%
saving checkpoint to checkpoints/segmentation/05-07_12-23-26/Segmentation_ckpt_epoch5_metric77.19.ckpt

  0%|          | 0/94 [00:00<?, ?it/s]
7/20 epoch | loss: 0.3185 | accuracy: 89.8%:   0%|          | 0/94 [00:00<?, ?it/s]
7/20 epoch | loss: 0.3185 | accuracy: 89.8%:   1%|          | 1/94 [00:00<00:11,  8.00it/s]
7/20 epoch | loss: 0.3301 | accuracy: 89.7%:   1%|          | 1/94 [00:00<00:11,  8.00it/s]
7/20 epoch | loss: 0.3301 | accuracy: 89.7%:   2%|▏         | 2/94 [00:00<00:13,  7.05it/s]
7/20 epoch | loss: 0.3845 | accuracy: 89.1%:   2%|▏         | 2/94 [00:00<00:13,  7.05it/s]
7/20 epoch | loss: 0.3845 | accuracy: 89.1%:   3%|▎         | 3/94 [00:00<00:12,  7.26it/s]
7/20 epoch | loss: 0.3340 | accuracy: 90.2%:   3%|▎         | 3/94 [00:00<00:12,  7.26it/s]
7/20 epoch | loss: 0.3340 | accuracy: 90.2%:   4%|▍         | 4/94 [00:00<00:11,  7.64it/s]
7/20 epoch | loss: 0.2757 | accuracy: 91.0%:   4%|▍         | 4/94 [00:00<00:11,  7.64it/s]
7/20 epoch | loss: 0.2757 | accuracy: 91.0%:   5%|▌         | 5/94 [00:00<00:11,  7.86it/s]
7/20 epoch | loss: 0.3111 | accuracy: 89.4%:   5%|▌         | 5/94 [00:00<00:11,  7.86it/s]
7/20 epoch | loss: 0.3111 | accuracy: 89.4%:   6%|▋         | 6/94 [00:00<00:11,  7.99it/s]
7/20 epoch | loss: 0.3308 | accuracy: 89.5%:   6%|▋         | 6/94 [00:00<00:11,  7.99it/s]
7/20 epoch | loss: 0.3308 | accuracy: 89.5%:   7%|▋         | 7/94 [00:00<00:10,  8.10it/s]
7/20 epoch | loss: 0.3320 | accuracy: 89.3%:   7%|▋         | 7/94 [00:01<00:10,  8.10it/s]
7/20 epoch | loss: 0.3320 | accuracy: 89.3%:   9%|▊         | 8/94 [00:01<00:10,  8.09it/s]
7/20 epoch | loss: 0.3365 | accuracy: 89.1%:   9%|▊         | 8/94 [00:01<00:10,  8.09it/s]
7/20 epoch | loss: 0.3365 | accuracy: 89.1%:  10%|▉         | 9/94 [00:01<00:10,  8.15it/s]
7/20 epoch | loss: 0.4569 | accuracy: 87.2%:  10%|▉         | 9/94 [00:01<00:10,  8.15it/s]
7/20 epoch | loss: 0.4569 | accuracy: 87.2%:  11%|█         | 10/94 [00:01<00:10,  8.20it/s]
7/20 epoch | loss: 0.2866 | accuracy: 90.7%:  11%|█         | 10/94 [00:01<00:10,  8.20it/s]
7/20 epoch | loss: 0.2866 | accuracy: 90.7%:  12%|█▏        | 11/94 [00:01<00:10,  7.88it/s]
7/20 epoch | loss: 0.2948 | accuracy: 90.4%:  12%|█▏        | 11/94 [00:01<00:10,  7.88it/s]
7/20 epoch | loss: 0.2948 | accuracy: 90.4%:  13%|█▎        | 12/94 [00:01<00:10,  7.91it/s]
7/20 epoch | loss: 0.3591 | accuracy: 87.9%:  13%|█▎        | 12/94 [00:01<00:10,  7.91it/s]
7/20 epoch | loss: 0.3591 | accuracy: 87.9%:  14%|█▍        | 13/94 [00:01<00:10,  7.85it/s]
7/20 epoch | loss: 0.4153 | accuracy: 87.1%:  14%|█▍        | 13/94 [00:01<00:10,  7.85it/s]
7/20 epoch | loss: 0.4153 | accuracy: 87.1%:  15%|█▍        | 14/94 [00:01<00:10,  7.92it/s]
7/20 epoch | loss: 0.2632 | accuracy: 91.1%:  15%|█▍        | 14/94 [00:01<00:10,  7.92it/s]
7/20 epoch | loss: 0.2632 | accuracy: 91.1%:  16%|█▌        | 15/94 [00:01<00:10,  7.85it/s]
7/20 epoch | loss: 0.2622 | accuracy: 91.9%:  16%|█▌        | 15/94 [00:02<00:10,  7.85it/s]
7/20 epoch | loss: 0.2622 | accuracy: 91.9%:  17%|█▋        | 16/94 [00:02<00:09,  7.92it/s]
7/20 epoch | loss: 0.3431 | accuracy: 88.6%:  17%|█▋        | 16/94 [00:02<00:09,  7.92it/s]
7/20 epoch | loss: 0.3431 | accuracy: 88.6%:  18%|█▊        | 17/94 [00:02<00:09,  8.02it/s]
7/20 epoch | loss: 0.4321 | accuracy: 87.0%:  18%|█▊        | 17/94 [00:02<00:09,  8.02it/s]
7/20 epoch | loss: 0.4321 | accuracy: 87.0%:  19%|█▉        | 18/94 [00:02<00:09,  7.87it/s]
7/20 epoch | loss: 0.2935 | accuracy: 89.7%:  19%|█▉        | 18/94 [00:02<00:09,  7.87it/s]
7/20 epoch | loss: 0.2935 | accuracy: 89.7%:  20%|██        | 19/94 [00:02<00:09,  7.93it/s]
7/20 epoch | loss: 0.4008 | accuracy: 87.8%:  20%|██        | 19/94 [00:02<00:09,  7.93it/s]
7/20 epoch | loss: 0.4008 | accuracy: 87.8%:  21%|██▏       | 20/94 [00:02<00:09,  7.99it/s]
7/20 epoch | loss: 0.3378 | accuracy: 88.7%:  21%|██▏       | 20/94 [00:02<00:09,  7.99it/s]
7/20 epoch | loss: 0.3378 | accuracy: 88.7%:  22%|██▏       | 21/94 [00:02<00:09,  7.94it/s]
7/20 epoch | loss: 0.4546 | accuracy: 87.5%:  22%|██▏       | 21/94 [00:02<00:09,  7.94it/s]
7/20 epoch | loss: 0.4546 | accuracy: 87.5%:  23%|██▎       | 22/94 [00:02<00:08,  8.06it/s]
7/20 epoch | loss: 0.3276 | accuracy: 89.9%:  23%|██▎       | 22/94 [00:02<00:08,  8.06it/s]
7/20 epoch | loss: 0.3276 | accuracy: 89.9%:  24%|██▍       | 23/94 [00:02<00:08,  8.11it/s]
7/20 epoch | loss: 0.4027 | accuracy: 87.9%:  24%|██▍       | 23/94 [00:03<00:08,  8.11it/s]
7/20 epoch | loss: 0.4027 | accuracy: 87.9%:  26%|██▌       | 24/94 [00:03<00:08,  8.17it/s]
7/20 epoch | loss: 0.2833 | accuracy: 90.4%:  26%|██▌       | 24/94 [00:03<00:08,  8.17it/s]
7/20 epoch | loss: 0.2833 | accuracy: 90.4%:  27%|██▋       | 25/94 [00:03<00:08,  8.23it/s]
7/20 epoch | loss: 0.4000 | accuracy: 88.7%:  27%|██▋       | 25/94 [00:03<00:08,  8.23it/s]
7/20 epoch | loss: 0.4000 | accuracy: 88.7%:  28%|██▊       | 26/94 [00:03<00:08,  8.18it/s]
7/20 epoch | loss: 0.2983 | accuracy: 90.2%:  28%|██▊       | 26/94 [00:03<00:08,  8.18it/s]
7/20 epoch | loss: 0.2983 | accuracy: 90.2%:  29%|██▊       | 27/94 [00:03<00:08,  8.08it/s]
7/20 epoch | loss: 0.3946 | accuracy: 87.7%:  29%|██▊       | 27/94 [00:03<00:08,  8.08it/s]
7/20 epoch | loss: 0.3946 | accuracy: 87.7%:  30%|██▉       | 28/94 [00:03<00:08,  8.05it/s]
7/20 epoch | loss: 0.2905 | accuracy: 90.2%:  30%|██▉       | 28/94 [00:03<00:08,  8.05it/s]
7/20 epoch | loss: 0.2905 | accuracy: 90.2%:  31%|███       | 29/94 [00:03<00:07,  8.14it/s]
7/20 epoch | loss: 0.3122 | accuracy: 89.4%:  31%|███       | 29/94 [00:03<00:07,  8.14it/s]
7/20 epoch | loss: 0.3122 | accuracy: 89.4%:  32%|███▏      | 30/94 [00:03<00:07,  8.18it/s]
7/20 epoch | loss: 0.3071 | accuracy: 90.2%:  32%|███▏      | 30/94 [00:03<00:07,  8.18it/s]
7/20 epoch | loss: 0.3071 | accuracy: 90.2%:  33%|███▎      | 31/94 [00:03<00:07,  8.20it/s]
7/20 epoch | loss: 0.3660 | accuracy: 88.9%:  33%|███▎      | 31/94 [00:04<00:07,  8.20it/s]
7/20 epoch | loss: 0.3660 | accuracy: 88.9%:  34%|███▍      | 32/94 [00:04<00:07,  8.15it/s]
7/20 epoch | loss: 0.3698 | accuracy: 88.4%:  34%|███▍      | 32/94 [00:04<00:07,  8.15it/s]
7/20 epoch | loss: 0.3698 | accuracy: 88.4%:  35%|███▌      | 33/94 [00:04<00:07,  8.19it/s]
7/20 epoch | loss: 0.3426 | accuracy: 90.6%:  35%|███▌      | 33/94 [00:04<00:07,  8.19it/s]
7/20 epoch | loss: 0.3426 | accuracy: 90.6%:  36%|███▌      | 34/94 [00:04<00:07,  8.24it/s]
7/20 epoch | loss: 0.2455 | accuracy: 92.4%:  36%|███▌      | 34/94 [00:04<00:07,  8.24it/s]
7/20 epoch | loss: 0.2455 | accuracy: 92.4%:  37%|███▋      | 35/94 [00:04<00:07,  8.11it/s]
7/20 epoch | loss: 0.3157 | accuracy: 89.9%:  37%|███▋      | 35/94 [00:04<00:07,  8.11it/s]
7/20 epoch | loss: 0.3157 | accuracy: 89.9%:  38%|███▊      | 36/94 [00:04<00:07,  8.06it/s]
7/20 epoch | loss: 0.3095 | accuracy: 90.0%:  38%|███▊      | 36/94 [00:04<00:07,  8.06it/s]
7/20 epoch | loss: 0.3095 | accuracy: 90.0%:  39%|███▉      | 37/94 [00:04<00:07,  8.06it/s]
7/20 epoch | loss: 0.2711 | accuracy: 91.0%:  39%|███▉      | 37/94 [00:04<00:07,  8.06it/s]
7/20 epoch | loss: 0.2711 | accuracy: 91.0%:  40%|████      | 38/94 [00:04<00:07,  7.85it/s]
7/20 epoch | loss: 0.3496 | accuracy: 89.3%:  40%|████      | 38/94 [00:04<00:07,  7.85it/s]
7/20 epoch | loss: 0.3496 | accuracy: 89.3%:  41%|████▏     | 39/94 [00:04<00:06,  7.97it/s]
7/20 epoch | loss: 0.4704 | accuracy: 87.6%:  41%|████▏     | 39/94 [00:04<00:06,  7.97it/s]
7/20 epoch | loss: 0.4704 | accuracy: 87.6%:  43%|████▎     | 40/94 [00:04<00:06,  8.06it/s]
7/20 epoch | loss: 0.3293 | accuracy: 89.6%:  43%|████▎     | 40/94 [00:05<00:06,  8.06it/s]
7/20 epoch | loss: 0.3293 | accuracy: 89.6%:  44%|████▎     | 41/94 [00:05<00:06,  8.07it/s]
7/20 epoch | loss: 0.2830 | accuracy: 90.8%:  44%|████▎     | 41/94 [00:05<00:06,  8.07it/s]
7/20 epoch | loss: 0.2830 | accuracy: 90.8%:  45%|████▍     | 42/94 [00:05<00:06,  7.83it/s]
7/20 epoch | loss: 0.3627 | accuracy: 90.1%:  45%|████▍     | 42/94 [00:05<00:06,  7.83it/s]
7/20 epoch | loss: 0.3627 | accuracy: 90.1%:  46%|████▌     | 43/94 [00:05<00:06,  7.97it/s]
7/20 epoch | loss: 0.3201 | accuracy: 89.8%:  46%|████▌     | 43/94 [00:05<00:06,  7.97it/s]
7/20 epoch | loss: 0.3201 | accuracy: 89.8%:  47%|████▋     | 44/94 [00:05<00:06,  8.01it/s]
7/20 epoch | loss: 0.3794 | accuracy: 88.9%:  47%|████▋     | 44/94 [00:05<00:06,  8.01it/s]
7/20 epoch | loss: 0.3794 | accuracy: 88.9%:  48%|████▊     | 45/94 [00:05<00:06,  8.10it/s]
7/20 epoch | loss: 0.2810 | accuracy: 91.3%:  48%|████▊     | 45/94 [00:05<00:06,  8.10it/s]
7/20 epoch | loss: 0.2810 | accuracy: 91.3%:  49%|████▉     | 46/94 [00:05<00:05,  8.15it/s]
7/20 epoch | loss: 0.2986 | accuracy: 89.9%:  49%|████▉     | 46/94 [00:05<00:05,  8.15it/s]
7/20 epoch | loss: 0.2986 | accuracy: 89.9%:  50%|█████     | 47/94 [00:05<00:05,  8.21it/s]
7/20 epoch | loss: 0.3029 | accuracy: 89.8%:  50%|█████     | 47/94 [00:05<00:05,  8.21it/s]
7/20 epoch | loss: 0.3029 | accuracy: 89.8%:  51%|█████     | 48/94 [00:05<00:05,  8.14it/s]
7/20 epoch | loss: 0.3485 | accuracy: 89.4%:  51%|█████     | 48/94 [00:06<00:05,  8.14it/s]
7/20 epoch | loss: 0.3485 | accuracy: 89.4%:  52%|█████▏    | 49/94 [00:06<00:05,  8.19it/s]
7/20 epoch | loss: 0.3576 | accuracy: 88.2%:  52%|█████▏    | 49/94 [00:06<00:05,  8.19it/s]
7/20 epoch | loss: 0.3576 | accuracy: 88.2%:  53%|█████▎    | 50/94 [00:06<00:05,  8.19it/s]
7/20 epoch | loss: 0.2744 | accuracy: 90.7%:  53%|█████▎    | 50/94 [00:06<00:05,  8.19it/s]
7/20 epoch | loss: 0.2744 | accuracy: 90.7%:  54%|█████▍    | 51/94 [00:06<00:05,  7.92it/s]
7/20 epoch | loss: 0.2997 | accuracy: 90.1%:  54%|█████▍    | 51/94 [00:06<00:05,  7.92it/s]
7/20 epoch | loss: 0.2997 | accuracy: 90.1%:  55%|█████▌    | 52/94 [00:06<00:05,  7.93it/s]
7/20 epoch | loss: 0.2636 | accuracy: 91.1%:  55%|█████▌    | 52/94 [00:06<00:05,  7.93it/s]
7/20 epoch | loss: 0.2636 | accuracy: 91.1%:  56%|█████▋    | 53/94 [00:06<00:05,  8.03it/s]
7/20 epoch | loss: 0.2509 | accuracy: 91.9%:  56%|█████▋    | 53/94 [00:06<00:05,  8.03it/s]
7/20 epoch | loss: 0.2509 | accuracy: 91.9%:  57%|█████▋    | 54/94 [00:06<00:04,  8.12it/s]
7/20 epoch | loss: 0.4177 | accuracy: 86.6%:  57%|█████▋    | 54/94 [00:06<00:04,  8.12it/s]
7/20 epoch | loss: 0.4177 | accuracy: 86.6%:  59%|█████▊    | 55/94 [00:06<00:04,  8.06it/s]
7/20 epoch | loss: 0.2699 | accuracy: 91.3%:  59%|█████▊    | 55/94 [00:06<00:04,  8.06it/s]
7/20 epoch | loss: 0.2699 | accuracy: 91.3%:  60%|█████▉    | 56/94 [00:06<00:04,  8.13it/s]
7/20 epoch | loss: 0.2960 | accuracy: 90.5%:  60%|█████▉    | 56/94 [00:07<00:04,  8.13it/s]
7/20 epoch | loss: 0.2960 | accuracy: 90.5%:  61%|██████    | 57/94 [00:07<00:04,  8.18it/s]
7/20 epoch | loss: 0.3656 | accuracy: 89.0%:  61%|██████    | 57/94 [00:07<00:04,  8.18it/s]
7/20 epoch | loss: 0.3656 | accuracy: 89.0%:  62%|██████▏   | 58/94 [00:07<00:04,  8.24it/s]
7/20 epoch | loss: 0.3244 | accuracy: 88.6%:  62%|██████▏   | 58/94 [00:07<00:04,  8.24it/s]
7/20 epoch | loss: 0.3244 | accuracy: 88.6%:  63%|██████▎   | 59/94 [00:07<00:04,  8.25it/s]
7/20 epoch | loss: 0.3057 | accuracy: 89.1%:  63%|██████▎   | 59/94 [00:07<00:04,  8.25it/s]
7/20 epoch | loss: 0.3057 | accuracy: 89.1%:  64%|██████▍   | 60/94 [00:07<00:04,  8.20it/s]
7/20 epoch | loss: 0.2686 | accuracy: 90.8%:  64%|██████▍   | 60/94 [00:07<00:04,  8.20it/s]
7/20 epoch | loss: 0.2686 | accuracy: 90.8%:  65%|██████▍   | 61/94 [00:07<00:04,  7.85it/s]
7/20 epoch | loss: 0.2924 | accuracy: 90.3%:  65%|██████▍   | 61/94 [00:07<00:04,  7.85it/s]
7/20 epoch | loss: 0.2924 | accuracy: 90.3%:  66%|██████▌   | 62/94 [00:07<00:04,  7.99it/s]
7/20 epoch | loss: 0.2719 | accuracy: 90.5%:  66%|██████▌   | 62/94 [00:07<00:04,  7.99it/s]
7/20 epoch | loss: 0.2719 | accuracy: 90.5%:  67%|██████▋   | 63/94 [00:07<00:03,  8.10it/s]
7/20 epoch | loss: 0.3445 | accuracy: 90.3%:  67%|██████▋   | 63/94 [00:07<00:03,  8.10it/s]
7/20 epoch | loss: 0.3445 | accuracy: 90.3%:  68%|██████▊   | 64/94 [00:07<00:03,  8.16it/s]
7/20 epoch | loss: 0.3079 | accuracy: 90.5%:  68%|██████▊   | 64/94 [00:08<00:03,  8.16it/s]
7/20 epoch | loss: 0.3079 | accuracy: 90.5%:  69%|██████▉   | 65/94 [00:08<00:03,  8.16it/s]
7/20 epoch | loss: 0.3102 | accuracy: 88.9%:  69%|██████▉   | 65/94 [00:08<00:03,  8.16it/s]
7/20 epoch | loss: 0.3102 | accuracy: 88.9%:  70%|███████   | 66/94 [00:08<00:03,  8.22it/s]
7/20 epoch | loss: 0.3365 | accuracy: 89.2%:  70%|███████   | 66/94 [00:08<00:03,  8.22it/s]
7/20 epoch | loss: 0.3365 | accuracy: 89.2%:  71%|███████▏  | 67/94 [00:08<00:03,  8.24it/s]
7/20 epoch | loss: 0.2998 | accuracy: 89.8%:  71%|███████▏  | 67/94 [00:08<00:03,  8.24it/s]
7/20 epoch | loss: 0.2998 | accuracy: 89.8%:  72%|███████▏  | 68/94 [00:08<00:03,  8.20it/s]
7/20 epoch | loss: 0.3188 | accuracy: 89.4%:  72%|███████▏  | 68/94 [00:08<00:03,  8.20it/s]
7/20 epoch | loss: 0.3188 | accuracy: 89.4%:  73%|███████▎  | 69/94 [00:08<00:03,  7.75it/s]
7/20 epoch | loss: 0.3773 | accuracy: 88.1%:  73%|███████▎  | 69/94 [00:08<00:03,  7.75it/s]
7/20 epoch | loss: 0.3773 | accuracy: 88.1%:  74%|███████▍  | 70/94 [00:08<00:03,  7.83it/s]
7/20 epoch | loss: 0.3827 | accuracy: 89.4%:  74%|███████▍  | 70/94 [00:08<00:03,  7.83it/s]
7/20 epoch | loss: 0.3827 | accuracy: 89.4%:  76%|███████▌  | 71/94 [00:08<00:02,  7.92it/s]
7/20 epoch | loss: 0.3038 | accuracy: 89.3%:  76%|███████▌  | 71/94 [00:08<00:02,  7.92it/s]
7/20 epoch | loss: 0.3038 | accuracy: 89.3%:  77%|███████▋  | 72/94 [00:08<00:02,  8.02it/s]
7/20 epoch | loss: 0.3131 | accuracy: 89.7%:  77%|███████▋  | 72/94 [00:09<00:02,  8.02it/s]
7/20 epoch | loss: 0.3131 | accuracy: 89.7%:  78%|███████▊  | 73/94 [00:09<00:02,  8.10it/s]
7/20 epoch | loss: 0.3333 | accuracy: 90.3%:  78%|███████▊  | 73/94 [00:09<00:02,  8.10it/s]
7/20 epoch | loss: 0.3333 | accuracy: 90.3%:  79%|███████▊  | 74/94 [00:09<00:02,  8.17it/s]
7/20 epoch | loss: 0.3346 | accuracy: 89.9%:  79%|███████▊  | 74/94 [00:09<00:02,  8.17it/s]
7/20 epoch | loss: 0.3346 | accuracy: 89.9%:  80%|███████▉  | 75/94 [00:09<00:02,  8.22it/s]
7/20 epoch | loss: 0.3648 | accuracy: 88.7%:  80%|███████▉  | 75/94 [00:09<00:02,  8.22it/s]
7/20 epoch | loss: 0.3648 | accuracy: 88.7%:  81%|████████  | 76/94 [00:09<00:02,  8.26it/s]
7/20 epoch | loss: 0.3277 | accuracy: 89.0%:  81%|████████  | 76/94 [00:09<00:02,  8.26it/s]
7/20 epoch | loss: 0.3277 | accuracy: 89.0%:  82%|████████▏ | 77/94 [00:09<00:02,  8.18it/s]
7/20 epoch | loss: 0.2772 | accuracy: 91.6%:  82%|████████▏ | 77/94 [00:09<00:02,  8.18it/s]
7/20 epoch | loss: 0.2772 | accuracy: 91.6%:  83%|████████▎ | 78/94 [00:09<00:01,  8.20it/s]
7/20 epoch | loss: 0.4016 | accuracy: 87.3%:  83%|████████▎ | 78/94 [00:09<00:01,  8.20it/s]
7/20 epoch | loss: 0.4016 | accuracy: 87.3%:  84%|████████▍ | 79/94 [00:09<00:01,  8.21it/s]
7/20 epoch | loss: 0.3882 | accuracy: 86.9%:  84%|████████▍ | 79/94 [00:09<00:01,  8.21it/s]
7/20 epoch | loss: 0.3882 | accuracy: 86.9%:  85%|████████▌ | 80/94 [00:09<00:01,  7.95it/s]
7/20 epoch | loss: 0.3644 | accuracy: 88.9%:  85%|████████▌ | 80/94 [00:10<00:01,  7.95it/s]
7/20 epoch | loss: 0.3644 | accuracy: 88.9%:  86%|████████▌ | 81/94 [00:10<00:01,  7.91it/s]
7/20 epoch | loss: 0.2977 | accuracy: 90.6%:  86%|████████▌ | 81/94 [00:10<00:01,  7.91it/s]
7/20 epoch | loss: 0.2977 | accuracy: 90.6%:  87%|████████▋ | 82/94 [00:10<00:01,  7.81it/s]
7/20 epoch | loss: 0.3237 | accuracy: 89.7%:  87%|████████▋ | 82/94 [00:10<00:01,  7.81it/s]
7/20 epoch | loss: 0.3237 | accuracy: 89.7%:  88%|████████▊ | 83/94 [00:10<00:01,  7.91it/s]
7/20 epoch | loss: 0.3172 | accuracy: 90.7%:  88%|████████▊ | 83/94 [00:10<00:01,  7.91it/s]
7/20 epoch | loss: 0.3172 | accuracy: 90.7%:  89%|████████▉ | 84/94 [00:10<00:01,  7.75it/s]
7/20 epoch | loss: 0.3553 | accuracy: 89.1%:  89%|████████▉ | 84/94 [00:10<00:01,  7.75it/s]
7/20 epoch | loss: 0.3553 | accuracy: 89.1%:  90%|█████████ | 85/94 [00:10<00:01,  7.77it/s]
7/20 epoch | loss: 0.2778 | accuracy: 92.1%:  90%|█████████ | 85/94 [00:10<00:01,  7.77it/s]
7/20 epoch | loss: 0.2778 | accuracy: 92.1%:  91%|█████████▏| 86/94 [00:10<00:01,  7.38it/s]
7/20 epoch | loss: 0.2993 | accuracy: 90.0%:  91%|█████████▏| 86/94 [00:10<00:01,  7.38it/s]
7/20 epoch | loss: 0.2993 | accuracy: 90.0%:  93%|█████████▎| 87/94 [00:10<00:00,  7.60it/s]
7/20 epoch | loss: 0.3797 | accuracy: 88.2%:  93%|█████████▎| 87/94 [00:10<00:00,  7.60it/s]
7/20 epoch | loss: 0.3797 | accuracy: 88.2%:  94%|█████████▎| 88/94 [00:10<00:00,  7.67it/s]
7/20 epoch | loss: 0.2612 | accuracy: 91.2%:  94%|█████████▎| 88/94 [00:11<00:00,  7.67it/s]
7/20 epoch | loss: 0.2612 | accuracy: 91.2%:  95%|█████████▍| 89/94 [00:11<00:00,  7.82it/s]
7/20 epoch | loss: 0.2989 | accuracy: 89.9%:  95%|█████████▍| 89/94 [00:11<00:00,  7.82it/s]
7/20 epoch | loss: 0.2989 | accuracy: 89.9%:  96%|█████████▌| 90/94 [00:11<00:00,  7.71it/s]
7/20 epoch | loss: 0.2685 | accuracy: 91.2%:  96%|█████████▌| 90/94 [00:11<00:00,  7.71it/s]
7/20 epoch | loss: 0.2685 | accuracy: 91.2%:  97%|█████████▋| 91/94 [00:11<00:00,  7.91it/s]
7/20 epoch | loss: 0.2817 | accuracy: 90.7%:  97%|█████████▋| 91/94 [00:11<00:00,  7.91it/s]
7/20 epoch | loss: 0.2817 | accuracy: 90.7%:  98%|█████████▊| 92/94 [00:11<00:00,  7.69it/s]
7/20 epoch | loss: 0.2931 | accuracy: 91.6%:  98%|█████████▊| 92/94 [00:11<00:00,  7.69it/s]
7/20 epoch | loss: 0.2931 | accuracy: 91.6%:  99%|█████████▉| 93/94 [00:11<00:00,  7.41it/s]
7/20 epoch | loss: 0.2705 | accuracy: 91.1%:  99%|█████████▉| 93/94 [00:11<00:00,  7.41it/s]
7/20 epoch | loss: 0.2705 | accuracy: 91.1%: 100%|██████████| 94/94 [00:11<00:00,  7.62it/s]
7/20 epoch | loss: 0.2705 | accuracy: 91.1%: 100%|██████████| 94/94 [00:11<00:00,  7.98it/s]
train loss: 0.3275 | train acc: 89.6% | val loss: 0.3350 | val acc: 89.2% | val mIoU: 78.3%
saving checkpoint to checkpoints/segmentation/05-07_12-23-26/Segmentation_ckpt_epoch6_metric78.3.ckpt

  0%|          | 0/94 [00:00<?, ?it/s]
8/20 epoch | loss: 0.3279 | accuracy: 91.0%:   0%|          | 0/94 [00:00<?, ?it/s]
8/20 epoch | loss: 0.3279 | accuracy: 91.0%:   1%|          | 1/94 [00:00<00:12,  7.31it/s]
8/20 epoch | loss: 0.3188 | accuracy: 89.2%:   1%|          | 1/94 [00:00<00:12,  7.31it/s]
8/20 epoch | loss: 0.3188 | accuracy: 89.2%:   2%|▏         | 2/94 [00:00<00:12,  7.65it/s]
8/20 epoch | loss: 0.2709 | accuracy: 91.5%:   2%|▏         | 2/94 [00:00<00:12,  7.65it/s]
8/20 epoch | loss: 0.2709 | accuracy: 91.5%:   3%|▎         | 3/94 [00:00<00:11,  7.96it/s]
8/20 epoch | loss: 0.3181 | accuracy: 89.4%:   3%|▎         | 3/94 [00:00<00:11,  7.96it/s]
8/20 epoch | loss: 0.3181 | accuracy: 89.4%:   4%|▍         | 4/94 [00:00<00:11,  8.10it/s]
8/20 epoch | loss: 0.3747 | accuracy: 89.1%:   4%|▍         | 4/94 [00:00<00:11,  8.10it/s]
8/20 epoch | loss: 0.3747 | accuracy: 89.1%:   5%|▌         | 5/94 [00:00<00:10,  8.09it/s]
8/20 epoch | loss: 0.2459 | accuracy: 92.2%:   5%|▌         | 5/94 [00:00<00:10,  8.09it/s]
8/20 epoch | loss: 0.2459 | accuracy: 92.2%:   6%|▋         | 6/94 [00:00<00:10,  8.19it/s]
8/20 epoch | loss: 0.3289 | accuracy: 89.3%:   6%|▋         | 6/94 [00:00<00:10,  8.19it/s]
8/20 epoch | loss: 0.3289 | accuracy: 89.3%:   7%|▋         | 7/94 [00:00<00:11,  7.51it/s]
8/20 epoch | loss: 0.3716 | accuracy: 88.4%:   7%|▋         | 7/94 [00:01<00:11,  7.51it/s]
8/20 epoch | loss: 0.3716 | accuracy: 88.4%:   9%|▊         | 8/94 [00:01<00:11,  7.68it/s]
8/20 epoch | loss: 0.3205 | accuracy: 89.7%:   9%|▊         | 8/94 [00:01<00:11,  7.68it/s]
8/20 epoch | loss: 0.3205 | accuracy: 89.7%:  10%|▉         | 9/94 [00:01<00:10,  7.77it/s]
8/20 epoch | loss: 0.3054 | accuracy: 89.7%:  10%|▉         | 9/94 [00:01<00:10,  7.77it/s]
8/20 epoch | loss: 0.3054 | accuracy: 89.7%:  11%|█         | 10/94 [00:01<00:10,  7.81it/s]
8/20 epoch | loss: 0.3043 | accuracy: 89.7%:  11%|█         | 10/94 [00:01<00:10,  7.81it/s]
8/20 epoch | loss: 0.3043 | accuracy: 89.7%:  12%|█▏        | 11/94 [00:01<00:10,  7.94it/s]
8/20 epoch | loss: 0.3119 | accuracy: 90.3%:  12%|█▏        | 11/94 [00:01<00:10,  7.94it/s]
8/20 epoch | loss: 0.3119 | accuracy: 90.3%:  13%|█▎        | 12/94 [00:01<00:10,  7.80it/s]
8/20 epoch | loss: 0.3988 | accuracy: 89.4%:  13%|█▎        | 12/94 [00:01<00:10,  7.80it/s]
8/20 epoch | loss: 0.3988 | accuracy: 89.4%:  14%|█▍        | 13/94 [00:01<00:10,  7.89it/s]
8/20 epoch | loss: 0.3101 | accuracy: 90.2%:  14%|█▍        | 13/94 [00:01<00:10,  7.89it/s]
8/20 epoch | loss: 0.3101 | accuracy: 90.2%:  15%|█▍        | 14/94 [00:01<00:10,  7.95it/s]
8/20 epoch | loss: 0.2874 | accuracy: 90.9%:  15%|█▍        | 14/94 [00:01<00:10,  7.95it/s]
8/20 epoch | loss: 0.2874 | accuracy: 90.9%:  16%|█▌        | 15/94 [00:01<00:10,  7.75it/s]
8/20 epoch | loss: 0.2405 | accuracy: 92.1%:  16%|█▌        | 15/94 [00:02<00:10,  7.75it/s]
8/20 epoch | loss: 0.2405 | accuracy: 92.1%:  17%|█▋        | 16/94 [00:02<00:10,  7.69it/s]
8/20 epoch | loss: 0.2764 | accuracy: 90.4%:  17%|█▋        | 16/94 [00:02<00:10,  7.69it/s]
8/20 epoch | loss: 0.2764 | accuracy: 90.4%:  18%|█▊        | 17/94 [00:02<00:10,  7.16it/s]
8/20 epoch | loss: 0.2881 | accuracy: 89.4%:  18%|█▊        | 17/94 [00:02<00:10,  7.16it/s]
8/20 epoch | loss: 0.2881 | accuracy: 89.4%:  19%|█▉        | 18/94 [00:02<00:11,  6.83it/s]
8/20 epoch | loss: 0.3097 | accuracy: 90.3%:  19%|█▉        | 18/94 [00:02<00:11,  6.83it/s]
8/20 epoch | loss: 0.3097 | accuracy: 90.3%:  20%|██        | 19/94 [00:02<00:10,  6.88it/s]
8/20 epoch | loss: 0.2948 | accuracy: 90.8%:  20%|██        | 19/94 [00:02<00:10,  6.88it/s]
8/20 epoch | loss: 0.2948 | accuracy: 90.8%:  21%|██▏       | 20/94 [00:02<00:10,  6.82it/s]
8/20 epoch | loss: 0.3476 | accuracy: 88.6%:  21%|██▏       | 20/94 [00:02<00:10,  6.82it/s]
8/20 epoch | loss: 0.3476 | accuracy: 88.6%:  22%|██▏       | 21/94 [00:02<00:10,  6.83it/s]
8/20 epoch | loss: 0.3565 | accuracy: 88.9%:  22%|██▏       | 21/94 [00:02<00:10,  6.83it/s]
8/20 epoch | loss: 0.3565 | accuracy: 88.9%:  23%|██▎       | 22/94 [00:02<00:10,  6.70it/s]
8/20 epoch | loss: 0.3794 | accuracy: 88.5%:  23%|██▎       | 22/94 [00:03<00:10,  6.70it/s]
8/20 epoch | loss: 0.3794 | accuracy: 88.5%:  24%|██▍       | 23/94 [00:03<00:10,  6.79it/s]
8/20 epoch | loss: 0.3456 | accuracy: 88.4%:  24%|██▍       | 23/94 [00:03<00:10,  6.79it/s]
8/20 epoch | loss: 0.3456 | accuracy: 88.4%:  26%|██▌       | 24/94 [00:03<00:10,  6.76it/s]
8/20 epoch | loss: 0.3440 | accuracy: 87.9%:  26%|██▌       | 24/94 [00:03<00:10,  6.76it/s]
8/20 epoch | loss: 0.3440 | accuracy: 87.9%:  27%|██▋       | 25/94 [00:03<00:10,  6.69it/s]
8/20 epoch | loss: 0.2747 | accuracy: 91.7%:  27%|██▋       | 25/94 [00:03<00:10,  6.69it/s]
8/20 epoch | loss: 0.2747 | accuracy: 91.7%:  28%|██▊       | 26/94 [00:03<00:10,  6.75it/s]
8/20 epoch | loss: 0.2975 | accuracy: 90.5%:  28%|██▊       | 26/94 [00:03<00:10,  6.75it/s]
8/20 epoch | loss: 0.2975 | accuracy: 90.5%:  29%|██▊       | 27/94 [00:03<00:09,  6.73it/s]
8/20 epoch | loss: 0.3476 | accuracy: 89.0%:  29%|██▊       | 27/94 [00:03<00:09,  6.73it/s]
8/20 epoch | loss: 0.3476 | accuracy: 89.0%:  30%|██▉       | 28/94 [00:03<00:09,  6.87it/s]
8/20 epoch | loss: 0.3067 | accuracy: 90.0%:  30%|██▉       | 28/94 [00:03<00:09,  6.87it/s]
8/20 epoch | loss: 0.3067 | accuracy: 90.0%:  31%|███       | 29/94 [00:03<00:09,  6.93it/s]
8/20 epoch | loss: 0.3016 | accuracy: 89.3%:  31%|███       | 29/94 [00:04<00:09,  6.93it/s]
8/20 epoch | loss: 0.3016 | accuracy: 89.3%:  32%|███▏      | 30/94 [00:04<00:09,  6.95it/s]
8/20 epoch | loss: 0.2895 | accuracy: 90.4%:  32%|███▏      | 30/94 [00:04<00:09,  6.95it/s]
8/20 epoch | loss: 0.2895 | accuracy: 90.4%:  33%|███▎      | 31/94 [00:04<00:09,  6.94it/s]
8/20 epoch | loss: 0.2885 | accuracy: 90.4%:  33%|███▎      | 31/94 [00:04<00:09,  6.94it/s]
8/20 epoch | loss: 0.2885 | accuracy: 90.4%:  34%|███▍      | 32/94 [00:04<00:09,  6.55it/s]
8/20 epoch | loss: 0.2702 | accuracy: 90.7%:  34%|███▍      | 32/94 [00:04<00:09,  6.55it/s]
8/20 epoch | loss: 0.2702 | accuracy: 90.7%:  35%|███▌      | 33/94 [00:04<00:09,  6.67it/s]
8/20 epoch | loss: 0.4891 | accuracy: 86.0%:  35%|███▌      | 33/94 [00:04<00:09,  6.67it/s]
8/20 epoch | loss: 0.4891 | accuracy: 86.0%:  36%|███▌      | 34/94 [00:04<00:08,  6.75it/s]
8/20 epoch | loss: 0.2554 | accuracy: 91.7%:  36%|███▌      | 34/94 [00:04<00:08,  6.75it/s]
8/20 epoch | loss: 0.2554 | accuracy: 91.7%:  37%|███▋      | 35/94 [00:04<00:08,  6.70it/s]
8/20 epoch | loss: 0.2870 | accuracy: 90.5%:  37%|███▋      | 35/94 [00:05<00:08,  6.70it/s]
8/20 epoch | loss: 0.2870 | accuracy: 90.5%:  38%|███▊      | 36/94 [00:05<00:08,  6.77it/s]
8/20 epoch | loss: 0.2625 | accuracy: 91.0%:  38%|███▊      | 36/94 [00:05<00:08,  6.77it/s]
8/20 epoch | loss: 0.2625 | accuracy: 91.0%:  39%|███▉      | 37/94 [00:05<00:08,  6.89it/s]
8/20 epoch | loss: 0.2572 | accuracy: 91.4%:  39%|███▉      | 37/94 [00:05<00:08,  6.89it/s]
8/20 epoch | loss: 0.2572 | accuracy: 91.4%:  40%|████      | 38/94 [00:05<00:08,  6.92it/s]
8/20 epoch | loss: 0.3072 | accuracy: 90.9%:  40%|████      | 38/94 [00:05<00:08,  6.92it/s]
8/20 epoch | loss: 0.3072 | accuracy: 90.9%:  41%|████▏     | 39/94 [00:05<00:08,  6.80it/s]
8/20 epoch | loss: 0.2771 | accuracy: 90.9%:  41%|████▏     | 39/94 [00:05<00:08,  6.80it/s]
8/20 epoch | loss: 0.2771 | accuracy: 90.9%:  43%|████▎     | 40/94 [00:05<00:07,  6.86it/s]
8/20 epoch | loss: 0.3728 | accuracy: 89.0%:  43%|████▎     | 40/94 [00:05<00:07,  6.86it/s]
8/20 epoch | loss: 0.3728 | accuracy: 89.0%:  44%|████▎     | 41/94 [00:05<00:07,  6.83it/s]
8/20 epoch | loss: 0.3437 | accuracy: 89.0%:  44%|████▎     | 41/94 [00:05<00:07,  6.83it/s]
8/20 epoch | loss: 0.3437 | accuracy: 89.0%:  45%|████▍     | 42/94 [00:05<00:07,  6.79it/s]
8/20 epoch | loss: 0.3500 | accuracy: 87.9%:  45%|████▍     | 42/94 [00:06<00:07,  6.79it/s]
8/20 epoch | loss: 0.3500 | accuracy: 87.9%:  46%|████▌     | 43/94 [00:06<00:07,  6.87it/s]
8/20 epoch | loss: 0.3046 | accuracy: 89.7%:  46%|████▌     | 43/94 [00:06<00:07,  6.87it/s]
8/20 epoch | loss: 0.3046 | accuracy: 89.7%:  47%|████▋     | 44/94 [00:06<00:07,  6.83it/s]
8/20 epoch | loss: 0.3293 | accuracy: 89.6%:  47%|████▋     | 44/94 [00:06<00:07,  6.83it/s]
8/20 epoch | loss: 0.3293 | accuracy: 89.6%:  48%|████▊     | 45/94 [00:06<00:07,  6.88it/s]
8/20 epoch | loss: 0.3165 | accuracy: 90.7%:  48%|████▊     | 45/94 [00:06<00:07,  6.88it/s]
8/20 epoch | loss: 0.3165 | accuracy: 90.7%:  49%|████▉     | 46/94 [00:06<00:06,  6.88it/s]
8/20 epoch | loss: 0.2924 | accuracy: 90.4%:  49%|████▉     | 46/94 [00:06<00:06,  6.88it/s]
8/20 epoch | loss: 0.2924 | accuracy: 90.4%:  50%|█████     | 47/94 [00:06<00:06,  6.77it/s]
8/20 epoch | loss: 0.2921 | accuracy: 90.0%:  50%|█████     | 47/94 [00:06<00:06,  6.77it/s]
8/20 epoch | loss: 0.2921 | accuracy: 90.0%:  51%|█████     | 48/94 [00:06<00:06,  6.90it/s]
8/20 epoch | loss: 0.2868 | accuracy: 91.3%:  51%|█████     | 48/94 [00:06<00:06,  6.90it/s]
8/20 epoch | loss: 0.2868 | accuracy: 91.3%:  52%|█████▏    | 49/94 [00:06<00:06,  6.93it/s]
8/20 epoch | loss: 0.3307 | accuracy: 88.8%:  52%|█████▏    | 49/94 [00:07<00:06,  6.93it/s]
8/20 epoch | loss: 0.3307 | accuracy: 88.8%:  53%|█████▎    | 50/94 [00:07<00:06,  6.93it/s]
8/20 epoch | loss: 0.2324 | accuracy: 91.8%:  53%|█████▎    | 50/94 [00:07<00:06,  6.93it/s]
8/20 epoch | loss: 0.2324 | accuracy: 91.8%:  54%|█████▍    | 51/94 [00:07<00:06,  7.02it/s]
8/20 epoch | loss: 0.3649 | accuracy: 89.9%:  54%|█████▍    | 51/94 [00:07<00:06,  7.02it/s]
8/20 epoch | loss: 0.3649 | accuracy: 89.9%:  55%|█████▌    | 52/94 [00:07<00:06,  6.89it/s]
8/20 epoch | loss: 0.2816 | accuracy: 91.7%:  55%|█████▌    | 52/94 [00:07<00:06,  6.89it/s]
8/20 epoch | loss: 0.2816 | accuracy: 91.7%:  56%|█████▋    | 53/94 [00:07<00:05,  7.00it/s]
8/20 epoch | loss: 0.3126 | accuracy: 89.1%:  56%|█████▋    | 53/94 [00:07<00:05,  7.00it/s]
8/20 epoch | loss: 0.3126 | accuracy: 89.1%:  57%|█████▋    | 54/94 [00:07<00:05,  7.05it/s]
8/20 epoch | loss: 0.3332 | accuracy: 90.1%:  57%|█████▋    | 54/94 [00:07<00:05,  7.05it/s]
8/20 epoch | loss: 0.3332 | accuracy: 90.1%:  59%|█████▊    | 55/94 [00:07<00:05,  7.05it/s]
8/20 epoch | loss: 0.2877 | accuracy: 91.4%:  59%|█████▊    | 55/94 [00:07<00:05,  7.05it/s]
8/20 epoch | loss: 0.2877 | accuracy: 91.4%:  60%|█████▉    | 56/94 [00:07<00:05,  7.04it/s]
8/20 epoch | loss: 0.2862 | accuracy: 91.8%:  60%|█████▉    | 56/94 [00:08<00:05,  7.04it/s]
8/20 epoch | loss: 0.2862 | accuracy: 91.8%:  61%|██████    | 57/94 [00:08<00:05,  6.99it/s]
8/20 epoch | loss: 0.3746 | accuracy: 87.7%:  61%|██████    | 57/94 [00:08<00:05,  6.99it/s]
8/20 epoch | loss: 0.3746 | accuracy: 87.7%:  62%|██████▏   | 58/94 [00:08<00:05,  6.92it/s]
8/20 epoch | loss: 0.2931 | accuracy: 90.2%:  62%|██████▏   | 58/94 [00:08<00:05,  6.92it/s]
8/20 epoch | loss: 0.2931 | accuracy: 90.2%:  63%|██████▎   | 59/94 [00:08<00:05,  6.95it/s]
8/20 epoch | loss: 0.3183 | accuracy: 89.8%:  63%|██████▎   | 59/94 [00:08<00:05,  6.95it/s]
8/20 epoch | loss: 0.3183 | accuracy: 89.8%:  64%|██████▍   | 60/94 [00:08<00:04,  6.98it/s]
8/20 epoch | loss: 0.2785 | accuracy: 91.8%:  64%|██████▍   | 60/94 [00:08<00:04,  6.98it/s]
8/20 epoch | loss: 0.2785 | accuracy: 91.8%:  65%|██████▍   | 61/94 [00:08<00:04,  6.71it/s]
8/20 epoch | loss: 0.2601 | accuracy: 91.4%:  65%|██████▍   | 61/94 [00:08<00:04,  6.71it/s]
8/20 epoch | loss: 0.2601 | accuracy: 91.4%:  66%|██████▌   | 62/94 [00:08<00:04,  6.65it/s]
8/20 epoch | loss: 0.2915 | accuracy: 89.7%:  66%|██████▌   | 62/94 [00:08<00:04,  6.65it/s]
8/20 epoch | loss: 0.2915 | accuracy: 89.7%:  67%|██████▋   | 63/94 [00:08<00:04,  6.77it/s]
8/20 epoch | loss: 0.3021 | accuracy: 90.4%:  67%|██████▋   | 63/94 [00:09<00:04,  6.77it/s]
8/20 epoch | loss: 0.3021 | accuracy: 90.4%:  68%|██████▊   | 64/94 [00:09<00:04,  6.75it/s]
8/20 epoch | loss: 0.3432 | accuracy: 90.1%:  68%|██████▊   | 64/94 [00:09<00:04,  6.75it/s]
8/20 epoch | loss: 0.3432 | accuracy: 90.1%:  69%|██████▉   | 65/94 [00:09<00:04,  6.70it/s]
8/20 epoch | loss: 0.2978 | accuracy: 89.8%:  69%|██████▉   | 65/94 [00:09<00:04,  6.70it/s]
8/20 epoch | loss: 0.2978 | accuracy: 89.8%:  70%|███████   | 66/94 [00:09<00:04,  6.69it/s]
8/20 epoch | loss: 0.2692 | accuracy: 90.9%:  70%|███████   | 66/94 [00:09<00:04,  6.69it/s]
8/20 epoch | loss: 0.2692 | accuracy: 90.9%:  71%|███████▏  | 67/94 [00:09<00:04,  6.68it/s]
8/20 epoch | loss: 0.2779 | accuracy: 89.5%:  71%|███████▏  | 67/94 [00:09<00:04,  6.68it/s]
8/20 epoch | loss: 0.2779 | accuracy: 89.5%:  72%|███████▏  | 68/94 [00:09<00:03,  6.68it/s]
8/20 epoch | loss: 0.3961 | accuracy: 87.1%:  72%|███████▏  | 68/94 [00:09<00:03,  6.68it/s]
8/20 epoch | loss: 0.3961 | accuracy: 87.1%:  73%|███████▎  | 69/94 [00:09<00:03,  6.58it/s]
8/20 epoch | loss: 0.3497 | accuracy: 88.8%:  73%|███████▎  | 69/94 [00:10<00:03,  6.58it/s]
8/20 epoch | loss: 0.3497 | accuracy: 88.8%:  74%|███████▍  | 70/94 [00:10<00:03,  6.66it/s]
8/20 epoch | loss: 0.3560 | accuracy: 88.8%:  74%|███████▍  | 70/94 [00:10<00:03,  6.66it/s]
8/20 epoch | loss: 0.3560 | accuracy: 88.8%:  76%|███████▌  | 71/94 [00:10<00:03,  6.67it/s]
8/20 epoch | loss: 0.3350 | accuracy: 89.2%:  76%|███████▌  | 71/94 [00:10<00:03,  6.67it/s]
8/20 epoch | loss: 0.3350 | accuracy: 89.2%:  77%|███████▋  | 72/94 [00:10<00:03,  6.75it/s]
8/20 epoch | loss: 0.2778 | accuracy: 91.6%:  77%|███████▋  | 72/94 [00:10<00:03,  6.75it/s]
8/20 epoch | loss: 0.2778 | accuracy: 91.6%:  78%|███████▊  | 73/94 [00:10<00:03,  6.85it/s]
8/20 epoch | loss: 0.3660 | accuracy: 88.4%:  78%|███████▊  | 73/94 [00:10<00:03,  6.85it/s]
8/20 epoch | loss: 0.3660 | accuracy: 88.4%:  79%|███████▊  | 74/94 [00:10<00:02,  6.81it/s]
8/20 epoch | loss: 0.3010 | accuracy: 90.8%:  79%|███████▊  | 74/94 [00:10<00:02,  6.81it/s]
8/20 epoch | loss: 0.3010 | accuracy: 90.8%:  80%|███████▉  | 75/94 [00:10<00:02,  6.60it/s]
8/20 epoch | loss: 0.3068 | accuracy: 90.0%:  80%|███████▉  | 75/94 [00:10<00:02,  6.60it/s]
8/20 epoch | loss: 0.3068 | accuracy: 90.0%:  81%|████████  | 76/94 [00:10<00:02,  6.60it/s]
8/20 epoch | loss: 0.3262 | accuracy: 89.9%:  81%|████████  | 76/94 [00:11<00:02,  6.60it/s]
8/20 epoch | loss: 0.3262 | accuracy: 89.9%:  82%|████████▏ | 77/94 [00:11<00:02,  6.62it/s]
8/20 epoch | loss: 0.2573 | accuracy: 91.2%:  82%|████████▏ | 77/94 [00:11<00:02,  6.62it/s]
8/20 epoch | loss: 0.2573 | accuracy: 91.2%:  83%|████████▎ | 78/94 [00:11<00:02,  6.75it/s]
8/20 epoch | loss: 0.2789 | accuracy: 90.7%:  83%|████████▎ | 78/94 [00:11<00:02,  6.75it/s]
8/20 epoch | loss: 0.2789 | accuracy: 90.7%:  84%|████████▍ | 79/94 [00:11<00:02,  6.84it/s]
8/20 epoch | loss: 0.2791 | accuracy: 90.8%:  84%|████████▍ | 79/94 [00:11<00:02,  6.84it/s]
8/20 epoch | loss: 0.2791 | accuracy: 90.8%:  85%|████████▌ | 80/94 [00:11<00:02,  6.89it/s]
8/20 epoch | loss: 0.2757 | accuracy: 90.7%:  85%|████████▌ | 80/94 [00:11<00:02,  6.89it/s]
8/20 epoch | loss: 0.2757 | accuracy: 90.7%:  86%|████████▌ | 81/94 [00:11<00:01,  6.97it/s]
8/20 epoch | loss: 0.3065 | accuracy: 90.8%:  86%|████████▌ | 81/94 [00:11<00:01,  6.97it/s]
8/20 epoch | loss: 0.3065 | accuracy: 90.8%:  87%|████████▋ | 82/94 [00:11<00:01,  7.00it/s]
8/20 epoch | loss: 0.2589 | accuracy: 91.6%:  87%|████████▋ | 82/94 [00:11<00:01,  7.00it/s]
8/20 epoch | loss: 0.2589 | accuracy: 91.6%:  88%|████████▊ | 83/94 [00:11<00:01,  6.97it/s]
8/20 epoch | loss: 0.3337 | accuracy: 89.9%:  88%|████████▊ | 83/94 [00:12<00:01,  6.97it/s]
8/20 epoch | loss: 0.3337 | accuracy: 89.9%:  89%|████████▉ | 84/94 [00:12<00:01,  6.99it/s]
8/20 epoch | loss: 0.3307 | accuracy: 90.6%:  89%|████████▉ | 84/94 [00:12<00:01,  6.99it/s]
8/20 epoch | loss: 0.3307 | accuracy: 90.6%:  90%|█████████ | 85/94 [00:12<00:01,  7.00it/s]
8/20 epoch | loss: 0.3208 | accuracy: 89.9%:  90%|█████████ | 85/94 [00:12<00:01,  7.00it/s]
8/20 epoch | loss: 0.3208 | accuracy: 89.9%:  91%|█████████▏| 86/94 [00:12<00:01,  6.99it/s]
8/20 epoch | loss: 0.2751 | accuracy: 90.7%:  91%|█████████▏| 86/94 [00:12<00:01,  6.99it/s]
8/20 epoch | loss: 0.2751 | accuracy: 90.7%:  93%|█████████▎| 87/94 [00:12<00:01,  6.93it/s]
8/20 epoch | loss: 0.2901 | accuracy: 91.0%:  93%|█████████▎| 87/94 [00:12<00:01,  6.93it/s]
8/20 epoch | loss: 0.2901 | accuracy: 91.0%:  94%|█████████▎| 88/94 [00:12<00:00,  6.99it/s]
8/20 epoch | loss: 0.2859 | accuracy: 90.9%:  94%|█████████▎| 88/94 [00:12<00:00,  6.99it/s]
8/20 epoch | loss: 0.2859 | accuracy: 90.9%:  95%|█████████▍| 89/94 [00:12<00:00,  6.84it/s]
8/20 epoch | loss: 0.2418 | accuracy: 91.7%:  95%|█████████▍| 89/94 [00:12<00:00,  6.84it/s]
8/20 epoch | loss: 0.2418 | accuracy: 91.7%:  96%|█████████▌| 90/94 [00:12<00:00,  6.49it/s]
8/20 epoch | loss: 0.2903 | accuracy: 90.8%:  96%|█████████▌| 90/94 [00:13<00:00,  6.49it/s]
8/20 epoch | loss: 0.2903 | accuracy: 90.8%:  97%|█████████▋| 91/94 [00:13<00:00,  6.62it/s]
8/20 epoch | loss: 0.2901 | accuracy: 90.5%:  97%|█████████▋| 91/94 [00:13<00:00,  6.62it/s]
8/20 epoch | loss: 0.2901 | accuracy: 90.5%:  98%|█████████▊| 92/94 [00:13<00:00,  6.80it/s]
8/20 epoch | loss: 0.3073 | accuracy: 90.6%:  98%|█████████▊| 92/94 [00:13<00:00,  6.80it/s]
8/20 epoch | loss: 0.3073 | accuracy: 90.6%:  99%|█████████▉| 93/94 [00:13<00:00,  6.85it/s]
8/20 epoch | loss: 0.3497 | accuracy: 88.3%:  99%|█████████▉| 93/94 [00:13<00:00,  6.85it/s]
8/20 epoch | loss: 0.3497 | accuracy: 88.3%: 100%|██████████| 94/94 [00:13<00:00,  6.86it/s]
8/20 epoch | loss: 0.3497 | accuracy: 88.3%: 100%|██████████| 94/94 [00:13<00:00,  6.96it/s]
train loss: 0.3096 | train acc: 90.1% | val loss: 0.3089 | val acc: 90.1% | val mIoU: 79.4%
saving checkpoint to checkpoints/segmentation/05-07_12-23-26/Segmentation_ckpt_epoch7_metric79.41.ckpt

  0%|          | 0/94 [00:00<?, ?it/s]
9/20 epoch | loss: 0.2740 | accuracy: 90.6%:   0%|          | 0/94 [00:00<?, ?it/s]
9/20 epoch | loss: 0.2740 | accuracy: 90.6%:   1%|          | 1/94 [00:00<00:13,  7.05it/s]
9/20 epoch | loss: 0.2906 | accuracy: 90.5%:   1%|          | 1/94 [00:00<00:13,  7.05it/s]
9/20 epoch | loss: 0.2906 | accuracy: 90.5%:   2%|▏         | 2/94 [00:00<00:13,  6.66it/s]
9/20 epoch | loss: 0.2776 | accuracy: 90.4%:   2%|▏         | 2/94 [00:00<00:13,  6.66it/s]
9/20 epoch | loss: 0.2776 | accuracy: 90.4%:   3%|▎         | 3/94 [00:00<00:13,  6.79it/s]
9/20 epoch | loss: 0.2610 | accuracy: 91.5%:   3%|▎         | 3/94 [00:00<00:13,  6.79it/s]
9/20 epoch | loss: 0.2610 | accuracy: 91.5%:   4%|▍         | 4/94 [00:00<00:12,  6.95it/s]
9/20 epoch | loss: 0.2836 | accuracy: 90.6%:   4%|▍         | 4/94 [00:00<00:12,  6.95it/s]
9/20 epoch | loss: 0.2836 | accuracy: 90.6%:   5%|▌         | 5/94 [00:00<00:12,  6.95it/s]
9/20 epoch | loss: 0.3094 | accuracy: 89.3%:   5%|▌         | 5/94 [00:00<00:12,  6.95it/s]
9/20 epoch | loss: 0.3094 | accuracy: 89.3%:   6%|▋         | 6/94 [00:00<00:12,  6.91it/s]
9/20 epoch | loss: 0.2359 | accuracy: 92.0%:   6%|▋         | 6/94 [00:01<00:12,  6.91it/s]
9/20 epoch | loss: 0.2359 | accuracy: 92.0%:   7%|▋         | 7/94 [00:01<00:12,  7.01it/s]
9/20 epoch | loss: 0.2931 | accuracy: 90.8%:   7%|▋         | 7/94 [00:01<00:12,  7.01it/s]
9/20 epoch | loss: 0.2931 | accuracy: 90.8%:   9%|▊         | 8/94 [00:01<00:12,  6.82it/s]
9/20 epoch | loss: 0.2946 | accuracy: 90.2%:   9%|▊         | 8/94 [00:01<00:12,  6.82it/s]
9/20 epoch | loss: 0.2946 | accuracy: 90.2%:  10%|▉         | 9/94 [00:01<00:12,  6.79it/s]
9/20 epoch | loss: 0.2798 | accuracy: 90.9%:  10%|▉         | 9/94 [00:01<00:12,  6.79it/s]
9/20 epoch | loss: 0.2798 | accuracy: 90.9%:  11%|█         | 10/94 [00:01<00:12,  6.87it/s]
9/20 epoch | loss: 0.2786 | accuracy: 90.4%:  11%|█         | 10/94 [00:01<00:12,  6.87it/s]
9/20 epoch | loss: 0.2786 | accuracy: 90.4%:  12%|█▏        | 11/94 [00:01<00:12,  6.82it/s]
9/20 epoch | loss: 0.3890 | accuracy: 86.8%:  12%|█▏        | 11/94 [00:01<00:12,  6.82it/s]
9/20 epoch | loss: 0.3890 | accuracy: 86.8%:  13%|█▎        | 12/94 [00:01<00:12,  6.62it/s]
9/20 epoch | loss: 0.2662 | accuracy: 90.5%:  13%|█▎        | 12/94 [00:01<00:12,  6.62it/s]
9/20 epoch | loss: 0.2662 | accuracy: 90.5%:  14%|█▍        | 13/94 [00:01<00:12,  6.68it/s]
9/20 epoch | loss: 0.2836 | accuracy: 90.8%:  14%|█▍        | 13/94 [00:02<00:12,  6.68it/s]
9/20 epoch | loss: 0.2836 | accuracy: 90.8%:  15%|█▍        | 14/94 [00:02<00:11,  6.85it/s]
9/20 epoch | loss: 0.2988 | accuracy: 91.1%:  15%|█▍        | 14/94 [00:02<00:11,  6.85it/s]
9/20 epoch | loss: 0.2988 | accuracy: 91.1%:  16%|█▌        | 15/94 [00:02<00:11,  6.78it/s]
9/20 epoch | loss: 0.2669 | accuracy: 90.8%:  16%|█▌        | 15/94 [00:02<00:11,  6.78it/s]
9/20 epoch | loss: 0.2669 | accuracy: 90.8%:  17%|█▋        | 16/94 [00:02<00:11,  6.85it/s]
9/20 epoch | loss: 0.2911 | accuracy: 90.6%:  17%|█▋        | 16/94 [00:02<00:11,  6.85it/s]
9/20 epoch | loss: 0.2911 | accuracy: 90.6%:  18%|█▊        | 17/94 [00:02<00:11,  6.91it/s]
9/20 epoch | loss: 0.3831 | accuracy: 87.8%:  18%|█▊        | 17/94 [00:02<00:11,  6.91it/s]
9/20 epoch | loss: 0.3831 | accuracy: 87.8%:  19%|█▉        | 18/94 [00:02<00:10,  6.91it/s]
9/20 epoch | loss: 0.3880 | accuracy: 88.9%:  19%|█▉        | 18/94 [00:02<00:10,  6.91it/s]
9/20 epoch | loss: 0.3880 | accuracy: 88.9%:  20%|██        | 19/94 [00:02<00:10,  6.96it/s]
9/20 epoch | loss: 0.3433 | accuracy: 89.3%:  20%|██        | 19/94 [00:02<00:10,  6.96it/s]
9/20 epoch | loss: 0.3433 | accuracy: 89.3%:  21%|██▏       | 20/94 [00:02<00:10,  6.96it/s]
9/20 epoch | loss: 0.3240 | accuracy: 89.9%:  21%|██▏       | 20/94 [00:03<00:10,  6.96it/s]
9/20 epoch | loss: 0.3240 | accuracy: 89.9%:  22%|██▏       | 21/94 [00:03<00:10,  6.89it/s]
9/20 epoch | loss: 0.2561 | accuracy: 91.8%:  22%|██▏       | 21/94 [00:03<00:10,  6.89it/s]
9/20 epoch | loss: 0.2561 | accuracy: 91.8%:  23%|██▎       | 22/94 [00:03<00:10,  6.90it/s]
9/20 epoch | loss: 0.3208 | accuracy: 89.9%:  23%|██▎       | 22/94 [00:03<00:10,  6.90it/s]
9/20 epoch | loss: 0.3208 | accuracy: 89.9%:  24%|██▍       | 23/94 [00:03<00:10,  6.90it/s]
9/20 epoch | loss: 0.3431 | accuracy: 88.7%:  24%|██▍       | 23/94 [00:03<00:10,  6.90it/s]
9/20 epoch | loss: 0.3431 | accuracy: 88.7%:  26%|██▌       | 24/94 [00:03<00:10,  6.95it/s]
9/20 epoch | loss: 0.3257 | accuracy: 90.1%:  26%|██▌       | 24/94 [00:03<00:10,  6.95it/s]
9/20 epoch | loss: 0.3257 | accuracy: 90.1%:  27%|██▋       | 25/94 [00:03<00:09,  6.94it/s]
9/20 epoch | loss: 0.3400 | accuracy: 89.4%:  27%|██▋       | 25/94 [00:03<00:09,  6.94it/s]
9/20 epoch | loss: 0.3400 | accuracy: 89.4%:  28%|██▊       | 26/94 [00:03<00:09,  6.97it/s]
9/20 epoch | loss: 0.3746 | accuracy: 87.7%:  28%|██▊       | 26/94 [00:03<00:09,  6.97it/s]
9/20 epoch | loss: 0.3746 | accuracy: 87.7%:  29%|██▊       | 27/94 [00:03<00:09,  6.84it/s]
9/20 epoch | loss: 0.3238 | accuracy: 88.3%:  29%|██▊       | 27/94 [00:04<00:09,  6.84it/s]
9/20 epoch | loss: 0.3238 | accuracy: 88.3%:  30%|██▉       | 28/94 [00:04<00:09,  6.72it/s]
9/20 epoch | loss: 0.2986 | accuracy: 89.6%:  30%|██▉       | 28/94 [00:04<00:09,  6.72it/s]
9/20 epoch | loss: 0.2986 | accuracy: 89.6%:  31%|███       | 29/94 [00:04<00:09,  6.81it/s]
9/20 epoch | loss: 0.2919 | accuracy: 90.3%:  31%|███       | 29/94 [00:04<00:09,  6.81it/s]
9/20 epoch | loss: 0.2919 | accuracy: 90.3%:  32%|███▏      | 30/94 [00:04<00:09,  6.83it/s]
9/20 epoch | loss: 0.2855 | accuracy: 90.7%:  32%|███▏      | 30/94 [00:04<00:09,  6.83it/s]
9/20 epoch | loss: 0.2855 | accuracy: 90.7%:  33%|███▎      | 31/94 [00:04<00:09,  6.81it/s]
9/20 epoch | loss: 0.2880 | accuracy: 90.3%:  33%|███▎      | 31/94 [00:04<00:09,  6.81it/s]
9/20 epoch | loss: 0.2880 | accuracy: 90.3%:  34%|███▍      | 32/94 [00:04<00:08,  6.92it/s]
9/20 epoch | loss: 0.3241 | accuracy: 89.6%:  34%|███▍      | 32/94 [00:04<00:08,  6.92it/s]
9/20 epoch | loss: 0.3241 | accuracy: 89.6%:  35%|███▌      | 33/94 [00:04<00:08,  6.88it/s]
9/20 epoch | loss: 0.2592 | accuracy: 91.5%:  35%|███▌      | 33/94 [00:04<00:08,  6.88it/s]
9/20 epoch | loss: 0.2592 | accuracy: 91.5%:  36%|███▌      | 34/94 [00:04<00:08,  6.93it/s]
9/20 epoch | loss: 0.2960 | accuracy: 90.3%:  36%|███▌      | 34/94 [00:05<00:08,  6.93it/s]
9/20 epoch | loss: 0.2960 | accuracy: 90.3%:  37%|███▋      | 35/94 [00:05<00:08,  6.88it/s]
9/20 epoch | loss: 0.2856 | accuracy: 90.5%:  37%|███▋      | 35/94 [00:05<00:08,  6.88it/s]
9/20 epoch | loss: 0.2856 | accuracy: 90.5%:  38%|███▊      | 36/94 [00:05<00:08,  6.84it/s]
9/20 epoch | loss: 0.2724 | accuracy: 91.1%:  38%|███▊      | 36/94 [00:05<00:08,  6.84it/s]
9/20 epoch | loss: 0.2724 | accuracy: 91.1%:  39%|███▉      | 37/94 [00:05<00:08,  6.76it/s]
9/20 epoch | loss: 0.2331 | accuracy: 92.9%:  39%|███▉      | 37/94 [00:05<00:08,  6.76it/s]
9/20 epoch | loss: 0.2331 | accuracy: 92.9%:  40%|████      | 38/94 [00:05<00:08,  6.90it/s]
9/20 epoch | loss: 0.3134 | accuracy: 90.8%:  40%|████      | 38/94 [00:05<00:08,  6.90it/s]
9/20 epoch | loss: 0.3134 | accuracy: 90.8%:  41%|████▏     | 39/94 [00:05<00:07,  6.93it/s]
9/20 epoch | loss: 0.2895 | accuracy: 90.0%:  41%|████▏     | 39/94 [00:05<00:07,  6.93it/s]
9/20 epoch | loss: 0.2895 | accuracy: 90.0%:  43%|████▎     | 40/94 [00:05<00:07,  6.96it/s]
9/20 epoch | loss: 0.2525 | accuracy: 91.5%:  43%|████▎     | 40/94 [00:05<00:07,  6.96it/s]
9/20 epoch | loss: 0.2525 | accuracy: 91.5%:  44%|████▎     | 41/94 [00:05<00:07,  6.77it/s]
9/20 epoch | loss: 0.2383 | accuracy: 91.8%:  44%|████▎     | 41/94 [00:06<00:07,  6.77it/s]
9/20 epoch | loss: 0.2383 | accuracy: 91.8%:  45%|████▍     | 42/94 [00:06<00:07,  6.88it/s]
9/20 epoch | loss: 0.2711 | accuracy: 91.0%:  45%|████▍     | 42/94 [00:06<00:07,  6.88it/s]
9/20 epoch | loss: 0.2711 | accuracy: 91.0%:  46%|████▌     | 43/94 [00:06<00:07,  6.87it/s]
9/20 epoch | loss: 0.2840 | accuracy: 90.1%:  46%|████▌     | 43/94 [00:06<00:07,  6.87it/s]
9/20 epoch | loss: 0.2840 | accuracy: 90.1%:  47%|████▋     | 44/94 [00:06<00:07,  6.95it/s]
9/20 epoch | loss: 0.3190 | accuracy: 90.2%:  47%|████▋     | 44/94 [00:06<00:07,  6.95it/s]
9/20 epoch | loss: 0.3190 | accuracy: 90.2%:  48%|████▊     | 45/94 [00:06<00:07,  6.91it/s]
9/20 epoch | loss: 0.3212 | accuracy: 89.8%:  48%|████▊     | 45/94 [00:06<00:07,  6.91it/s]
9/20 epoch | loss: 0.3212 | accuracy: 89.8%:  49%|████▉     | 46/94 [00:06<00:06,  6.92it/s]
9/20 epoch | loss: 0.3480 | accuracy: 88.2%:  49%|████▉     | 46/94 [00:06<00:06,  6.92it/s]
9/20 epoch | loss: 0.3480 | accuracy: 88.2%:  50%|█████     | 47/94 [00:06<00:06,  6.86it/s]
9/20 epoch | loss: 0.3221 | accuracy: 89.0%:  50%|█████     | 47/94 [00:06<00:06,  6.86it/s]
9/20 epoch | loss: 0.3221 | accuracy: 89.0%:  51%|█████     | 48/94 [00:06<00:06,  6.92it/s]
9/20 epoch | loss: 0.3342 | accuracy: 90.8%:  51%|█████     | 48/94 [00:07<00:06,  6.92it/s]
9/20 epoch | loss: 0.3342 | accuracy: 90.8%:  52%|█████▏    | 49/94 [00:07<00:06,  6.90it/s]
9/20 epoch | loss: 0.2859 | accuracy: 90.3%:  52%|█████▏    | 49/94 [00:07<00:06,  6.90it/s]
9/20 epoch | loss: 0.2859 | accuracy: 90.3%:  53%|█████▎    | 50/94 [00:07<00:06,  6.83it/s]
9/20 epoch | loss: 0.3409 | accuracy: 89.2%:  53%|█████▎    | 50/94 [00:07<00:06,  6.83it/s]
9/20 epoch | loss: 0.3409 | accuracy: 89.2%:  54%|█████▍    | 51/94 [00:07<00:06,  6.95it/s]
9/20 epoch | loss: 0.2812 | accuracy: 90.9%:  54%|█████▍    | 51/94 [00:07<00:06,  6.95it/s]
9/20 epoch | loss: 0.2812 | accuracy: 90.9%:  55%|█████▌    | 52/94 [00:07<00:06,  6.96it/s]
9/20 epoch | loss: 0.2927 | accuracy: 90.2%:  55%|█████▌    | 52/94 [00:07<00:06,  6.96it/s]
9/20 epoch | loss: 0.2927 | accuracy: 90.2%:  56%|█████▋    | 53/94 [00:07<00:06,  6.79it/s]
9/20 epoch | loss: 0.3223 | accuracy: 90.4%:  56%|█████▋    | 53/94 [00:07<00:06,  6.79it/s]
9/20 epoch | loss: 0.3223 | accuracy: 90.4%:  57%|█████▋    | 54/94 [00:07<00:05,  6.85it/s]
9/20 epoch | loss: 0.2326 | accuracy: 92.0%:  57%|█████▋    | 54/94 [00:08<00:05,  6.85it/s]
9/20 epoch | loss: 0.2326 | accuracy: 92.0%:  59%|█████▊    | 55/94 [00:08<00:05,  6.90it/s]
9/20 epoch | loss: 0.2576 | accuracy: 92.0%:  59%|█████▊    | 55/94 [00:08<00:05,  6.90it/s]
9/20 epoch | loss: 0.2576 | accuracy: 92.0%:  60%|█████▉    | 56/94 [00:08<00:05,  6.68it/s]
9/20 epoch | loss: 0.3940 | accuracy: 87.0%:  60%|█████▉    | 56/94 [00:08<00:05,  6.68it/s]
9/20 epoch | loss: 0.3940 | accuracy: 87.0%:  61%|██████    | 57/94 [00:08<00:05,  6.81it/s]
9/20 epoch | loss: 0.2888 | accuracy: 90.9%:  61%|██████    | 57/94 [00:08<00:05,  6.81it/s]
9/20 epoch | loss: 0.2888 | accuracy: 90.9%:  62%|██████▏   | 58/94 [00:08<00:05,  6.82it/s]
9/20 epoch | loss: 0.2667 | accuracy: 91.2%:  62%|██████▏   | 58/94 [00:08<00:05,  6.82it/s]
9/20 epoch | loss: 0.2667 | accuracy: 91.2%:  63%|██████▎   | 59/94 [00:08<00:05,  6.83it/s]
9/20 epoch | loss: 0.3017 | accuracy: 89.9%:  63%|██████▎   | 59/94 [00:08<00:05,  6.83it/s]
9/20 epoch | loss: 0.3017 | accuracy: 89.9%:  64%|██████▍   | 60/94 [00:08<00:04,  6.90it/s]
9/20 epoch | loss: 0.2243 | accuracy: 92.8%:  64%|██████▍   | 60/94 [00:08<00:04,  6.90it/s]
9/20 epoch | loss: 0.2243 | accuracy: 92.8%:  65%|██████▍   | 61/94 [00:08<00:04,  6.88it/s]
9/20 epoch | loss: 0.3065 | accuracy: 89.4%:  65%|██████▍   | 61/94 [00:09<00:04,  6.88it/s]
9/20 epoch | loss: 0.3065 | accuracy: 89.4%:  66%|██████▌   | 62/94 [00:09<00:04,  6.93it/s]
9/20 epoch | loss: 0.2726 | accuracy: 90.8%:  66%|██████▌   | 62/94 [00:09<00:04,  6.93it/s]
9/20 epoch | loss: 0.2726 | accuracy: 90.8%:  67%|██████▋   | 63/94 [00:09<00:04,  6.95it/s]
9/20 epoch | loss: 0.2962 | accuracy: 89.9%:  67%|██████▋   | 63/94 [00:09<00:04,  6.95it/s]
9/20 epoch | loss: 0.2962 | accuracy: 89.9%:  68%|██████▊   | 64/94 [00:09<00:04,  7.05it/s]
9/20 epoch | loss: 0.2600 | accuracy: 91.4%:  68%|██████▊   | 64/94 [00:09<00:04,  7.05it/s]
9/20 epoch | loss: 0.2600 | accuracy: 91.4%:  69%|██████▉   | 65/94 [00:09<00:04,  7.08it/s]
9/20 epoch | loss: 0.3079 | accuracy: 90.4%:  69%|██████▉   | 65/94 [00:09<00:04,  7.08it/s]
9/20 epoch | loss: 0.3079 | accuracy: 90.4%:  70%|███████   | 66/94 [00:09<00:03,  7.11it/s]
9/20 epoch | loss: 0.2451 | accuracy: 91.9%:  70%|███████   | 66/94 [00:09<00:03,  7.11it/s]
9/20 epoch | loss: 0.2451 | accuracy: 91.9%:  71%|███████▏  | 67/94 [00:09<00:03,  7.12it/s]
9/20 epoch | loss: 0.3034 | accuracy: 90.2%:  71%|███████▏  | 67/94 [00:09<00:03,  7.12it/s]
9/20 epoch | loss: 0.3034 | accuracy: 90.2%:  72%|███████▏  | 68/94 [00:09<00:03,  7.00it/s]
9/20 epoch | loss: 0.2699 | accuracy: 90.5%:  72%|███████▏  | 68/94 [00:10<00:03,  7.00it/s]
9/20 epoch | loss: 0.2699 | accuracy: 90.5%:  73%|███████▎  | 69/94 [00:10<00:03,  6.90it/s]
9/20 epoch | loss: 0.3068 | accuracy: 90.5%:  73%|███████▎  | 69/94 [00:10<00:03,  6.90it/s]
9/20 epoch | loss: 0.3068 | accuracy: 90.5%:  74%|███████▍  | 70/94 [00:10<00:03,  6.83it/s]
9/20 epoch | loss: 0.3211 | accuracy: 89.4%:  74%|███████▍  | 70/94 [00:10<00:03,  6.83it/s]
9/20 epoch | loss: 0.3211 | accuracy: 89.4%:  76%|███████▌  | 71/94 [00:10<00:03,  6.47it/s]
9/20 epoch | loss: 0.3329 | accuracy: 89.4%:  76%|███████▌  | 71/94 [00:10<00:03,  6.47it/s]
9/20 epoch | loss: 0.3329 | accuracy: 89.4%:  77%|███████▋  | 72/94 [00:10<00:03,  6.60it/s]
9/20 epoch | loss: 0.3840 | accuracy: 87.9%:  77%|███████▋  | 72/94 [00:10<00:03,  6.60it/s]
9/20 epoch | loss: 0.3840 | accuracy: 87.9%:  78%|███████▊  | 73/94 [00:10<00:03,  6.66it/s]
9/20 epoch | loss: 0.2221 | accuracy: 92.5%:  78%|███████▊  | 73/94 [00:10<00:03,  6.66it/s]
9/20 epoch | loss: 0.2221 | accuracy: 92.5%:  79%|███████▊  | 74/94 [00:10<00:02,  6.72it/s]
9/20 epoch | loss: 0.3617 | accuracy: 88.7%:  79%|███████▊  | 74/94 [00:10<00:02,  6.72it/s]
9/20 epoch | loss: 0.3617 | accuracy: 88.7%:  80%|███████▉  | 75/94 [00:10<00:02,  6.84it/s]
9/20 epoch | loss: 0.2798 | accuracy: 91.1%:  80%|███████▉  | 75/94 [00:11<00:02,  6.84it/s]
9/20 epoch | loss: 0.2798 | accuracy: 91.1%:  81%|████████  | 76/94 [00:11<00:02,  6.89it/s]
9/20 epoch | loss: 0.3084 | accuracy: 91.0%:  81%|████████  | 76/94 [00:11<00:02,  6.89it/s]
9/20 epoch | loss: 0.3084 | accuracy: 91.0%:  82%|████████▏ | 77/94 [00:11<00:02,  6.62it/s]
9/20 epoch | loss: 0.2857 | accuracy: 91.2%:  82%|████████▏ | 77/94 [00:11<00:02,  6.62it/s]
9/20 epoch | loss: 0.2857 | accuracy: 91.2%:  83%|████████▎ | 78/94 [00:11<00:02,  6.75it/s]
9/20 epoch | loss: 0.3551 | accuracy: 89.8%:  83%|████████▎ | 78/94 [00:11<00:02,  6.75it/s]
9/20 epoch | loss: 0.3551 | accuracy: 89.8%:  84%|████████▍ | 79/94 [00:11<00:02,  6.81it/s]
9/20 epoch | loss: 0.3652 | accuracy: 88.8%:  84%|████████▍ | 79/94 [00:11<00:02,  6.81it/s]
9/20 epoch | loss: 0.3652 | accuracy: 88.8%:  85%|████████▌ | 80/94 [00:11<00:02,  6.69it/s]
9/20 epoch | loss: 0.3378 | accuracy: 89.8%:  85%|████████▌ | 80/94 [00:11<00:02,  6.69it/s]
9/20 epoch | loss: 0.3378 | accuracy: 89.8%:  86%|████████▌ | 81/94 [00:11<00:01,  6.80it/s]
9/20 epoch | loss: 0.3457 | accuracy: 88.7%:  86%|████████▌ | 81/94 [00:11<00:01,  6.80it/s]
9/20 epoch | loss: 0.3457 | accuracy: 88.7%:  87%|████████▋ | 82/94 [00:11<00:01,  6.85it/s]
9/20 epoch | loss: 0.2948 | accuracy: 90.0%:  87%|████████▋ | 82/94 [00:12<00:01,  6.85it/s]
9/20 epoch | loss: 0.2948 | accuracy: 90.0%:  88%|████████▊ | 83/94 [00:12<00:01,  6.94it/s]
9/20 epoch | loss: 0.3105 | accuracy: 90.3%:  88%|████████▊ | 83/94 [00:12<00:01,  6.94it/s]
9/20 epoch | loss: 0.3105 | accuracy: 90.3%:  89%|████████▉ | 84/94 [00:12<00:01,  6.89it/s]
9/20 epoch | loss: 0.2622 | accuracy: 91.3%:  89%|████████▉ | 84/94 [00:12<00:01,  6.89it/s]
9/20 epoch | loss: 0.2622 | accuracy: 91.3%:  90%|█████████ | 85/94 [00:12<00:01,  6.66it/s]
9/20 epoch | loss: 0.3019 | accuracy: 89.7%:  90%|█████████ | 85/94 [00:12<00:01,  6.66it/s]
9/20 epoch | loss: 0.3019 | accuracy: 89.7%:  91%|█████████▏| 86/94 [00:12<00:01,  6.75it/s]
9/20 epoch | loss: 0.3299 | accuracy: 89.7%:  91%|█████████▏| 86/94 [00:12<00:01,  6.75it/s]
9/20 epoch | loss: 0.3299 | accuracy: 89.7%:  93%|█████████▎| 87/94 [00:12<00:01,  6.78it/s]
9/20 epoch | loss: 0.2975 | accuracy: 90.7%:  93%|█████████▎| 87/94 [00:12<00:01,  6.78it/s]
9/20 epoch | loss: 0.2975 | accuracy: 90.7%:  94%|█████████▎| 88/94 [00:12<00:00,  6.52it/s]
9/20 epoch | loss: 0.3884 | accuracy: 89.1%:  94%|█████████▎| 88/94 [00:13<00:00,  6.52it/s]
9/20 epoch | loss: 0.3884 | accuracy: 89.1%:  95%|█████████▍| 89/94 [00:13<00:00,  6.57it/s]
9/20 epoch | loss: 0.3808 | accuracy: 88.4%:  95%|█████████▍| 89/94 [00:13<00:00,  6.57it/s]
9/20 epoch | loss: 0.3808 | accuracy: 88.4%:  96%|█████████▌| 90/94 [00:13<00:00,  6.72it/s]
9/20 epoch | loss: 0.2621 | accuracy: 90.2%:  96%|█████████▌| 90/94 [00:13<00:00,  6.72it/s]
9/20 epoch | loss: 0.2621 | accuracy: 90.2%:  97%|█████████▋| 91/94 [00:13<00:00,  6.87it/s]
9/20 epoch | loss: 0.3018 | accuracy: 90.4%:  97%|█████████▋| 91/94 [00:13<00:00,  6.87it/s]
9/20 epoch | loss: 0.3018 | accuracy: 90.4%:  98%|█████████▊| 92/94 [00:13<00:00,  6.89it/s]
9/20 epoch | loss: 0.3265 | accuracy: 90.2%:  98%|█████████▊| 92/94 [00:13<00:00,  6.89it/s]
9/20 epoch | loss: 0.3265 | accuracy: 90.2%:  99%|█████████▉| 93/94 [00:13<00:00,  6.85it/s]
9/20 epoch | loss: 0.3042 | accuracy: 90.2%:  99%|█████████▉| 93/94 [00:13<00:00,  6.85it/s]
9/20 epoch | loss: 0.3042 | accuracy: 90.2%: 100%|██████████| 94/94 [00:13<00:00,  6.95it/s]
9/20 epoch | loss: 0.3042 | accuracy: 90.2%: 100%|██████████| 94/94 [00:13<00:00,  6.85it/s]
train loss: 0.3026 | train acc: 90.2% | val loss: 0.3256 | val acc: 89.7% | val mIoU: 78.9%
saving checkpoint to checkpoints/segmentation/05-07_12-23-26/Segmentation_ckpt_epoch8_metric78.93.ckpt

  0%|          | 0/94 [00:00<?, ?it/s]
10/20 epoch | loss: 0.2521 | accuracy: 91.9%:   0%|          | 0/94 [00:00<?, ?it/s]
10/20 epoch | loss: 0.2521 | accuracy: 91.9%:   1%|          | 1/94 [00:00<00:13,  6.89it/s]
10/20 epoch | loss: 0.2963 | accuracy: 90.7%:   1%|          | 1/94 [00:00<00:13,  6.89it/s]
10/20 epoch | loss: 0.2963 | accuracy: 90.7%:   2%|▏         | 2/94 [00:00<00:13,  7.04it/s]
10/20 epoch | loss: 0.2870 | accuracy: 90.0%:   2%|▏         | 2/94 [00:00<00:13,  7.04it/s]
10/20 epoch | loss: 0.2870 | accuracy: 90.0%:   3%|▎         | 3/94 [00:00<00:13,  6.96it/s]
10/20 epoch | loss: 0.2918 | accuracy: 90.9%:   3%|▎         | 3/94 [00:00<00:13,  6.96it/s]
10/20 epoch | loss: 0.2918 | accuracy: 90.9%:   4%|▍         | 4/94 [00:00<00:12,  6.96it/s]
10/20 epoch | loss: 0.2492 | accuracy: 91.9%:   4%|▍         | 4/94 [00:00<00:12,  6.96it/s]
10/20 epoch | loss: 0.2492 | accuracy: 91.9%:   5%|▌         | 5/94 [00:00<00:12,  6.96it/s]
10/20 epoch | loss: 0.2680 | accuracy: 90.9%:   5%|▌         | 5/94 [00:00<00:12,  6.96it/s]
10/20 epoch | loss: 0.2680 | accuracy: 90.9%:   6%|▋         | 6/94 [00:00<00:12,  6.99it/s]
10/20 epoch | loss: 0.3068 | accuracy: 90.7%:   6%|▋         | 6/94 [00:01<00:12,  6.99it/s]
10/20 epoch | loss: 0.3068 | accuracy: 90.7%:   7%|▋         | 7/94 [00:01<00:12,  6.91it/s]
10/20 epoch | loss: 0.3134 | accuracy: 89.9%:   7%|▋         | 7/94 [00:01<00:12,  6.91it/s]
10/20 epoch | loss: 0.3134 | accuracy: 89.9%:   9%|▊         | 8/94 [00:01<00:12,  6.75it/s]
10/20 epoch | loss: 0.3066 | accuracy: 90.2%:   9%|▊         | 8/94 [00:01<00:12,  6.75it/s]
10/20 epoch | loss: 0.3066 | accuracy: 90.2%:  10%|▉         | 9/94 [00:01<00:12,  6.85it/s]
10/20 epoch | loss: 0.2630 | accuracy: 91.5%:  10%|▉         | 9/94 [00:01<00:12,  6.85it/s]
10/20 epoch | loss: 0.2630 | accuracy: 91.5%:  11%|█         | 10/94 [00:01<00:12,  6.89it/s]
10/20 epoch | loss: 0.2480 | accuracy: 91.8%:  11%|█         | 10/94 [00:01<00:12,  6.89it/s]
10/20 epoch | loss: 0.2480 | accuracy: 91.8%:  12%|█▏        | 11/94 [00:01<00:11,  6.93it/s]
10/20 epoch | loss: 0.2504 | accuracy: 91.3%:  12%|█▏        | 11/94 [00:01<00:11,  6.93it/s]
10/20 epoch | loss: 0.2504 | accuracy: 91.3%:  13%|█▎        | 12/94 [00:01<00:11,  6.95it/s]
10/20 epoch | loss: 0.2648 | accuracy: 91.3%:  13%|█▎        | 12/94 [00:01<00:11,  6.95it/s]
10/20 epoch | loss: 0.2648 | accuracy: 91.3%:  14%|█▍        | 13/94 [00:01<00:11,  7.06it/s]
10/20 epoch | loss: 0.2899 | accuracy: 90.2%:  14%|█▍        | 13/94 [00:02<00:11,  7.06it/s]
10/20 epoch | loss: 0.2899 | accuracy: 90.2%:  15%|█▍        | 14/94 [00:02<00:11,  7.08it/s]
10/20 epoch | loss: 0.3057 | accuracy: 89.2%:  15%|█▍        | 14/94 [00:02<00:11,  7.08it/s]
10/20 epoch | loss: 0.3057 | accuracy: 89.2%:  16%|█▌        | 15/94 [00:02<00:11,  7.10it/s]
10/20 epoch | loss: 0.2368 | accuracy: 91.9%:  16%|█▌        | 15/94 [00:02<00:11,  7.10it/s]
10/20 epoch | loss: 0.2368 | accuracy: 91.9%:  17%|█▋        | 16/94 [00:02<00:11,  7.05it/s]
10/20 epoch | loss: 0.3428 | accuracy: 88.6%:  17%|█▋        | 16/94 [00:02<00:11,  7.05it/s]
10/20 epoch | loss: 0.3428 | accuracy: 88.6%:  18%|█▊        | 17/94 [00:02<00:10,  7.06it/s]
10/20 epoch | loss: 0.2876 | accuracy: 90.7%:  18%|█▊        | 17/94 [00:02<00:10,  7.06it/s]
10/20 epoch | loss: 0.2876 | accuracy: 90.7%:  19%|█▉        | 18/94 [00:02<00:10,  7.10it/s]
10/20 epoch | loss: 0.2950 | accuracy: 91.0%:  19%|█▉        | 18/94 [00:02<00:10,  7.10it/s]
10/20 epoch | loss: 0.2950 | accuracy: 91.0%:  20%|██        | 19/94 [00:02<00:10,  7.14it/s]
10/20 epoch | loss: 0.3721 | accuracy: 89.3%:  20%|██        | 19/94 [00:02<00:10,  7.14it/s]
10/20 epoch | loss: 0.3721 | accuracy: 89.3%:  21%|██▏       | 20/94 [00:02<00:10,  7.10it/s]
10/20 epoch | loss: 0.2157 | accuracy: 93.2%:  21%|██▏       | 20/94 [00:02<00:10,  7.10it/s]
10/20 epoch | loss: 0.2157 | accuracy: 93.2%:  22%|██▏       | 21/94 [00:02<00:10,  7.15it/s]
10/20 epoch | loss: 0.2426 | accuracy: 91.7%:  22%|██▏       | 21/94 [00:03<00:10,  7.15it/s]
10/20 epoch | loss: 0.2426 | accuracy: 91.7%:  23%|██▎       | 22/94 [00:03<00:10,  7.13it/s]
10/20 epoch | loss: 0.3216 | accuracy: 89.4%:  23%|██▎       | 22/94 [00:03<00:10,  7.13it/s]
10/20 epoch | loss: 0.3216 | accuracy: 89.4%:  24%|██▍       | 23/94 [00:03<00:10,  6.91it/s]
10/20 epoch | loss: 0.2192 | accuracy: 93.1%:  24%|██▍       | 23/94 [00:03<00:10,  6.91it/s]
10/20 epoch | loss: 0.2192 | accuracy: 93.1%:  26%|██▌       | 24/94 [00:03<00:10,  6.94it/s]
10/20 epoch | loss: 0.3885 | accuracy: 88.1%:  26%|██▌       | 24/94 [00:03<00:10,  6.94it/s]
10/20 epoch | loss: 0.3885 | accuracy: 88.1%:  27%|██▋       | 25/94 [00:03<00:09,  6.99it/s]
10/20 epoch | loss: 0.2504 | accuracy: 92.2%:  27%|██▋       | 25/94 [00:03<00:09,  6.99it/s]
10/20 epoch | loss: 0.2504 | accuracy: 92.2%:  28%|██▊       | 26/94 [00:03<00:09,  7.06it/s]
10/20 epoch | loss: 0.2652 | accuracy: 91.3%:  28%|██▊       | 26/94 [00:03<00:09,  7.06it/s]
10/20 epoch | loss: 0.2652 | accuracy: 91.3%:  29%|██▊       | 27/94 [00:03<00:09,  7.02it/s]
10/20 epoch | loss: 0.2552 | accuracy: 91.4%:  29%|██▊       | 27/94 [00:03<00:09,  7.02it/s]
10/20 epoch | loss: 0.2552 | accuracy: 91.4%:  30%|██▉       | 28/94 [00:03<00:09,  6.99it/s]
10/20 epoch | loss: 0.2597 | accuracy: 91.3%:  30%|██▉       | 28/94 [00:04<00:09,  6.99it/s]
10/20 epoch | loss: 0.2597 | accuracy: 91.3%:  31%|███       | 29/94 [00:04<00:09,  7.09it/s]
10/20 epoch | loss: 0.2874 | accuracy: 90.9%:  31%|███       | 29/94 [00:04<00:09,  7.09it/s]
10/20 epoch | loss: 0.2874 | accuracy: 90.9%:  32%|███▏      | 30/94 [00:04<00:09,  7.03it/s]
10/20 epoch | loss: 0.2453 | accuracy: 91.4%:  32%|███▏      | 30/94 [00:04<00:09,  7.03it/s]
10/20 epoch | loss: 0.2453 | accuracy: 91.4%:  33%|███▎      | 31/94 [00:04<00:08,  7.09it/s]
10/20 epoch | loss: 0.3493 | accuracy: 89.3%:  33%|███▎      | 31/94 [00:04<00:08,  7.09it/s]
10/20 epoch | loss: 0.3493 | accuracy: 89.3%:  34%|███▍      | 32/94 [00:04<00:08,  7.03it/s]
10/20 epoch | loss: 0.2085 | accuracy: 93.1%:  34%|███▍      | 32/94 [00:04<00:08,  7.03it/s]
10/20 epoch | loss: 0.2085 | accuracy: 93.1%:  35%|███▌      | 33/94 [00:04<00:08,  7.00it/s]
10/20 epoch | loss: 0.2461 | accuracy: 91.7%:  35%|███▌      | 33/94 [00:04<00:08,  7.00it/s]
10/20 epoch | loss: 0.2461 | accuracy: 91.7%:  36%|███▌      | 34/94 [00:04<00:08,  7.01it/s]
10/20 epoch | loss: 0.3385 | accuracy: 89.5%:  36%|███▌      | 34/94 [00:04<00:08,  7.01it/s]
10/20 epoch | loss: 0.3385 | accuracy: 89.5%:  37%|███▋      | 35/94 [00:04<00:08,  7.02it/s]
10/20 epoch | loss: 0.3393 | accuracy: 88.7%:  37%|███▋      | 35/94 [00:05<00:08,  7.02it/s]
10/20 epoch | loss: 0.3393 | accuracy: 88.7%:  38%|███▊      | 36/94 [00:05<00:08,  7.02it/s]
10/20 epoch | loss: 0.2778 | accuracy: 90.9%:  38%|███▊      | 36/94 [00:05<00:08,  7.02it/s]
10/20 epoch | loss: 0.2778 | accuracy: 90.9%:  39%|███▉      | 37/94 [00:05<00:08,  6.94it/s]
10/20 epoch | loss: 0.2282 | accuracy: 92.2%:  39%|███▉      | 37/94 [00:05<00:08,  6.94it/s]
10/20 epoch | loss: 0.2282 | accuracy: 92.2%:  40%|████      | 38/94 [00:05<00:08,  6.80it/s]
10/20 epoch | loss: 0.2725 | accuracy: 91.3%:  40%|████      | 38/94 [00:05<00:08,  6.80it/s]
10/20 epoch | loss: 0.2725 | accuracy: 91.3%:  41%|████▏     | 39/94 [00:05<00:08,  6.87it/s]
10/20 epoch | loss: 0.2466 | accuracy: 92.1%:  41%|████▏     | 39/94 [00:05<00:08,  6.87it/s]
10/20 epoch | loss: 0.2466 | accuracy: 92.1%:  43%|████▎     | 40/94 [00:05<00:07,  6.96it/s]
10/20 epoch | loss: 0.2453 | accuracy: 91.5%:  43%|████▎     | 40/94 [00:05<00:07,  6.96it/s]
10/20 epoch | loss: 0.2453 | accuracy: 91.5%:  44%|████▎     | 41/94 [00:05<00:07,  6.94it/s]
10/20 epoch | loss: 0.2518 | accuracy: 91.6%:  44%|████▎     | 41/94 [00:06<00:07,  6.94it/s]
10/20 epoch | loss: 0.2518 | accuracy: 91.6%:  45%|████▍     | 42/94 [00:06<00:07,  6.95it/s]
10/20 epoch | loss: 0.2566 | accuracy: 90.5%:  45%|████▍     | 42/94 [00:06<00:07,  6.95it/s]
10/20 epoch | loss: 0.2566 | accuracy: 90.5%:  46%|████▌     | 43/94 [00:06<00:07,  6.99it/s]
10/20 epoch | loss: 0.3000 | accuracy: 90.2%:  46%|████▌     | 43/94 [00:06<00:07,  6.99it/s]
10/20 epoch | loss: 0.3000 | accuracy: 90.2%:  47%|████▋     | 44/94 [00:06<00:07,  7.02it/s]
10/20 epoch | loss: 0.2690 | accuracy: 92.4%:  47%|████▋     | 44/94 [00:06<00:07,  7.02it/s]
10/20 epoch | loss: 0.2690 | accuracy: 92.4%:  48%|████▊     | 45/94 [00:06<00:07,  7.00it/s]
10/20 epoch | loss: 0.2657 | accuracy: 90.7%:  48%|████▊     | 45/94 [00:06<00:07,  7.00it/s]
10/20 epoch | loss: 0.2657 | accuracy: 90.7%:  49%|████▉     | 46/94 [00:06<00:06,  6.89it/s]
10/20 epoch | loss: 0.3179 | accuracy: 90.0%:  49%|████▉     | 46/94 [00:06<00:06,  6.89it/s]
10/20 epoch | loss: 0.3179 | accuracy: 90.0%:  50%|█████     | 47/94 [00:06<00:06,  7.01it/s]
10/20 epoch | loss: 0.2404 | accuracy: 92.1%:  50%|█████     | 47/94 [00:06<00:06,  7.01it/s]
10/20 epoch | loss: 0.2404 | accuracy: 92.1%:  51%|█████     | 48/94 [00:06<00:06,  7.05it/s]
10/20 epoch | loss: 0.2147 | accuracy: 92.4%:  51%|█████     | 48/94 [00:07<00:06,  7.05it/s]
10/20 epoch | loss: 0.2147 | accuracy: 92.4%:  52%|█████▏    | 49/94 [00:07<00:06,  7.04it/s]
10/20 epoch | loss: 0.2439 | accuracy: 92.1%:  52%|█████▏    | 49/94 [00:07<00:06,  7.04it/s]
10/20 epoch | loss: 0.2439 | accuracy: 92.1%:  53%|█████▎    | 50/94 [00:07<00:06,  7.11it/s]
10/20 epoch | loss: 0.2797 | accuracy: 91.2%:  53%|█████▎    | 50/94 [00:07<00:06,  7.11it/s]
10/20 epoch | loss: 0.2797 | accuracy: 91.2%:  54%|█████▍    | 51/94 [00:07<00:06,  7.09it/s]
10/20 epoch | loss: 0.2653 | accuracy: 91.7%:  54%|█████▍    | 51/94 [00:07<00:06,  7.09it/s]
10/20 epoch | loss: 0.2653 | accuracy: 91.7%:  55%|█████▌    | 52/94 [00:07<00:06,  6.99it/s]
10/20 epoch | loss: 0.2546 | accuracy: 91.5%:  55%|█████▌    | 52/94 [00:07<00:06,  6.99it/s]
10/20 epoch | loss: 0.2546 | accuracy: 91.5%:  56%|█████▋    | 53/94 [00:07<00:05,  6.99it/s]
10/20 epoch | loss: 0.2191 | accuracy: 92.5%:  56%|█████▋    | 53/94 [00:07<00:05,  6.99it/s]
10/20 epoch | loss: 0.2191 | accuracy: 92.5%:  57%|█████▋    | 54/94 [00:07<00:05,  7.01it/s]
10/20 epoch | loss: 0.2478 | accuracy: 91.9%:  57%|█████▋    | 54/94 [00:07<00:05,  7.01it/s]
10/20 epoch | loss: 0.2478 | accuracy: 91.9%:  59%|█████▊    | 55/94 [00:07<00:05,  7.03it/s]
10/20 epoch | loss: 0.2417 | accuracy: 91.4%:  59%|█████▊    | 55/94 [00:07<00:05,  7.03it/s]
10/20 epoch | loss: 0.2417 | accuracy: 91.4%:  60%|█████▉    | 56/94 [00:07<00:05,  7.07it/s]
10/20 epoch | loss: 0.2527 | accuracy: 91.3%:  60%|█████▉    | 56/94 [00:08<00:05,  7.07it/s]
10/20 epoch | loss: 0.2527 | accuracy: 91.3%:  61%|██████    | 57/94 [00:08<00:05,  6.98it/s]
10/20 epoch | loss: 0.2382 | accuracy: 92.0%:  61%|██████    | 57/94 [00:08<00:05,  6.98it/s]
10/20 epoch | loss: 0.2382 | accuracy: 92.0%:  62%|██████▏   | 58/94 [00:08<00:05,  7.06it/s]
10/20 epoch | loss: 0.3054 | accuracy: 90.3%:  62%|██████▏   | 58/94 [00:08<00:05,  7.06it/s]
10/20 epoch | loss: 0.3054 | accuracy: 90.3%:  63%|██████▎   | 59/94 [00:08<00:04,  7.09it/s]
10/20 epoch | loss: 0.2531 | accuracy: 91.5%:  63%|██████▎   | 59/94 [00:08<00:04,  7.09it/s]
10/20 epoch | loss: 0.2531 | accuracy: 91.5%:  64%|██████▍   | 60/94 [00:08<00:04,  7.03it/s]
10/20 epoch | loss: 0.2987 | accuracy: 90.1%:  64%|██████▍   | 60/94 [00:08<00:04,  7.03it/s]
10/20 epoch | loss: 0.2987 | accuracy: 90.1%:  65%|██████▍   | 61/94 [00:08<00:04,  7.00it/s]
10/20 epoch | loss: 0.3161 | accuracy: 88.8%:  65%|██████▍   | 61/94 [00:08<00:04,  7.00it/s]
10/20 epoch | loss: 0.3161 | accuracy: 88.8%:  66%|██████▌   | 62/94 [00:08<00:04,  6.91it/s]
10/20 epoch | loss: 0.3213 | accuracy: 90.1%:  66%|██████▌   | 62/94 [00:09<00:04,  6.91it/s]
10/20 epoch | loss: 0.3213 | accuracy: 90.1%:  67%|██████▋   | 63/94 [00:09<00:04,  6.89it/s]
10/20 epoch | loss: 0.2641 | accuracy: 91.4%:  67%|██████▋   | 63/94 [00:09<00:04,  6.89it/s]
10/20 epoch | loss: 0.2641 | accuracy: 91.4%:  68%|██████▊   | 64/94 [00:09<00:04,  6.95it/s]
10/20 epoch | loss: 0.3389 | accuracy: 88.3%:  68%|██████▊   | 64/94 [00:09<00:04,  6.95it/s]
10/20 epoch | loss: 0.3389 | accuracy: 88.3%:  69%|██████▉   | 65/94 [00:09<00:04,  6.92it/s]
10/20 epoch | loss: 0.2952 | accuracy: 90.3%:  69%|██████▉   | 65/94 [00:09<00:04,  6.92it/s]
10/20 epoch | loss: 0.2952 | accuracy: 90.3%:  70%|███████   | 66/94 [00:09<00:04,  6.89it/s]
10/20 epoch | loss: 0.2247 | accuracy: 91.9%:  70%|███████   | 66/94 [00:09<00:04,  6.89it/s]
10/20 epoch | loss: 0.2247 | accuracy: 91.9%:  71%|███████▏  | 67/94 [00:09<00:04,  6.61it/s]
10/20 epoch | loss: 0.2552 | accuracy: 91.3%:  71%|███████▏  | 67/94 [00:09<00:04,  6.61it/s]
10/20 epoch | loss: 0.2552 | accuracy: 91.3%:  72%|███████▏  | 68/94 [00:09<00:03,  6.51it/s]
10/20 epoch | loss: 0.2886 | accuracy: 89.1%:  72%|███████▏  | 68/94 [00:09<00:03,  6.51it/s]
10/20 epoch | loss: 0.2886 | accuracy: 89.1%:  73%|███████▎  | 69/94 [00:09<00:03,  6.35it/s]
10/20 epoch | loss: 0.3020 | accuracy: 91.1%:  73%|███████▎  | 69/94 [00:10<00:03,  6.35it/s]
10/20 epoch | loss: 0.3020 | accuracy: 91.1%:  74%|███████▍  | 70/94 [00:10<00:03,  6.57it/s]
10/20 epoch | loss: 0.2170 | accuracy: 92.8%:  74%|███████▍  | 70/94 [00:10<00:03,  6.57it/s]
10/20 epoch | loss: 0.2170 | accuracy: 92.8%:  76%|███████▌  | 71/94 [00:10<00:03,  6.64it/s]
10/20 epoch | loss: 0.2567 | accuracy: 92.6%:  76%|███████▌  | 71/94 [00:10<00:03,  6.64it/s]
10/20 epoch | loss: 0.2567 | accuracy: 92.6%:  77%|███████▋  | 72/94 [00:10<00:03,  6.80it/s]
10/20 epoch | loss: 0.2113 | accuracy: 92.9%:  77%|███████▋  | 72/94 [00:10<00:03,  6.80it/s]
10/20 epoch | loss: 0.2113 | accuracy: 92.9%:  78%|███████▊  | 73/94 [00:10<00:03,  6.89it/s]
10/20 epoch | loss: 0.3051 | accuracy: 90.3%:  78%|███████▊  | 73/94 [00:10<00:03,  6.89it/s]
10/20 epoch | loss: 0.3051 | accuracy: 90.3%:  79%|███████▊  | 74/94 [00:10<00:02,  6.93it/s]
10/20 epoch | loss: 0.2690 | accuracy: 90.6%:  79%|███████▊  | 74/94 [00:10<00:02,  6.93it/s]
10/20 epoch | loss: 0.2690 | accuracy: 90.6%:  80%|███████▉  | 75/94 [00:10<00:02,  7.02it/s]
10/20 epoch | loss: 0.3189 | accuracy: 90.2%:  80%|███████▉  | 75/94 [00:10<00:02,  7.02it/s]
10/20 epoch | loss: 0.3189 | accuracy: 90.2%:  81%|████████  | 76/94 [00:10<00:02,  7.03it/s]
10/20 epoch | loss: 0.3403 | accuracy: 90.6%:  81%|████████  | 76/94 [00:11<00:02,  7.03it/s]
10/20 epoch | loss: 0.3403 | accuracy: 90.6%:  82%|████████▏ | 77/94 [00:11<00:02,  7.06it/s]
10/20 epoch | loss: 0.3066 | accuracy: 90.0%:  82%|████████▏ | 77/94 [00:11<00:02,  7.06it/s]
10/20 epoch | loss: 0.3066 | accuracy: 90.0%:  83%|████████▎ | 78/94 [00:11<00:02,  7.07it/s]
10/20 epoch | loss: 0.3152 | accuracy: 91.0%:  83%|████████▎ | 78/94 [00:11<00:02,  7.07it/s]
10/20 epoch | loss: 0.3152 | accuracy: 91.0%:  84%|████████▍ | 79/94 [00:11<00:02,  7.07it/s]
10/20 epoch | loss: 0.3774 | accuracy: 88.2%:  84%|████████▍ | 79/94 [00:11<00:02,  7.07it/s]
10/20 epoch | loss: 0.3774 | accuracy: 88.2%:  85%|████████▌ | 80/94 [00:11<00:01,  7.06it/s]
10/20 epoch | loss: 0.4088 | accuracy: 87.2%:  85%|████████▌ | 80/94 [00:11<00:01,  7.06it/s]
10/20 epoch | loss: 0.4088 | accuracy: 87.2%:  86%|████████▌ | 81/94 [00:11<00:01,  6.86it/s]
10/20 epoch | loss: 0.2437 | accuracy: 91.9%:  86%|████████▌ | 81/94 [00:11<00:01,  6.86it/s]
10/20 epoch | loss: 0.2437 | accuracy: 91.9%:  87%|████████▋ | 82/94 [00:11<00:01,  6.84it/s]
10/20 epoch | loss: 0.3202 | accuracy: 90.0%:  87%|████████▋ | 82/94 [00:11<00:01,  6.84it/s]
10/20 epoch | loss: 0.3202 | accuracy: 90.0%:  88%|████████▊ | 83/94 [00:11<00:01,  6.88it/s]
10/20 epoch | loss: 0.3212 | accuracy: 90.8%:  88%|████████▊ | 83/94 [00:12<00:01,  6.88it/s]
10/20 epoch | loss: 0.3212 | accuracy: 90.8%:  89%|████████▉ | 84/94 [00:12<00:01,  6.88it/s]
10/20 epoch | loss: 0.2680 | accuracy: 90.5%:  89%|████████▉ | 84/94 [00:12<00:01,  6.88it/s]
10/20 epoch | loss: 0.2680 | accuracy: 90.5%:  90%|█████████ | 85/94 [00:12<00:01,  6.84it/s]
10/20 epoch | loss: 0.2838 | accuracy: 90.7%:  90%|█████████ | 85/94 [00:12<00:01,  6.84it/s]
10/20 epoch | loss: 0.2838 | accuracy: 90.7%:  91%|█████████▏| 86/94 [00:12<00:01,  6.87it/s]
10/20 epoch | loss: 0.2518 | accuracy: 91.3%:  91%|█████████▏| 86/94 [00:12<00:01,  6.87it/s]
10/20 epoch | loss: 0.2518 | accuracy: 91.3%:  93%|█████████▎| 87/94 [00:12<00:01,  6.96it/s]
10/20 epoch | loss: 0.2947 | accuracy: 91.2%:  93%|█████████▎| 87/94 [00:12<00:01,  6.96it/s]
10/20 epoch | loss: 0.2947 | accuracy: 91.2%:  94%|█████████▎| 88/94 [00:12<00:00,  6.96it/s]
10/20 epoch | loss: 0.2755 | accuracy: 90.2%:  94%|█████████▎| 88/94 [00:12<00:00,  6.96it/s]
10/20 epoch | loss: 0.2755 | accuracy: 90.2%:  95%|█████████▍| 89/94 [00:12<00:00,  6.93it/s]
10/20 epoch | loss: 0.3106 | accuracy: 90.4%:  95%|█████████▍| 89/94 [00:12<00:00,  6.93it/s]
10/20 epoch | loss: 0.3106 | accuracy: 90.4%:  96%|█████████▌| 90/94 [00:12<00:00,  7.01it/s]
10/20 epoch | loss: 0.2570 | accuracy: 91.3%:  96%|█████████▌| 90/94 [00:13<00:00,  7.01it/s]
10/20 epoch | loss: 0.2570 | accuracy: 91.3%:  97%|█████████▋| 91/94 [00:13<00:00,  6.97it/s]
10/20 epoch | loss: 0.2364 | accuracy: 91.9%:  97%|█████████▋| 91/94 [00:13<00:00,  6.97it/s]
10/20 epoch | loss: 0.2364 | accuracy: 91.9%:  98%|█████████▊| 92/94 [00:13<00:00,  6.99it/s]
10/20 epoch | loss: 0.2622 | accuracy: 90.7%:  98%|█████████▊| 92/94 [00:13<00:00,  6.99it/s]
10/20 epoch | loss: 0.2622 | accuracy: 90.7%:  99%|█████████▉| 93/94 [00:13<00:00,  7.05it/s]
10/20 epoch | loss: 0.3546 | accuracy: 88.6%:  99%|█████████▉| 93/94 [00:13<00:00,  7.05it/s]
10/20 epoch | loss: 0.3546 | accuracy: 88.6%: 100%|██████████| 94/94 [00:13<00:00,  7.03it/s]
10/20 epoch | loss: 0.3546 | accuracy: 88.6%: 100%|██████████| 94/94 [00:13<00:00,  6.96it/s]
train loss: 0.2794 | train acc: 90.9% | val loss: 0.2974 | val acc: 90.2% | val mIoU: 79.5%
saving checkpoint to checkpoints/segmentation/05-07_12-23-26/Segmentation_ckpt_epoch9_metric79.45.ckpt

  0%|          | 0/94 [00:00<?, ?it/s]
11/20 epoch | loss: 0.2576 | accuracy: 91.5%:   0%|          | 0/94 [00:00<?, ?it/s]
11/20 epoch | loss: 0.2576 | accuracy: 91.5%:   1%|          | 1/94 [00:00<00:13,  6.86it/s]
11/20 epoch | loss: 0.2491 | accuracy: 91.7%:   1%|          | 1/94 [00:00<00:13,  6.86it/s]
11/20 epoch | loss: 0.2491 | accuracy: 91.7%:   2%|▏         | 2/94 [00:00<00:13,  6.87it/s]
11/20 epoch | loss: 0.2693 | accuracy: 91.5%:   2%|▏         | 2/94 [00:00<00:13,  6.87it/s]
11/20 epoch | loss: 0.2693 | accuracy: 91.5%:   3%|▎         | 3/94 [00:00<00:12,  7.13it/s]
11/20 epoch | loss: 0.2927 | accuracy: 89.9%:   3%|▎         | 3/94 [00:00<00:12,  7.13it/s]
11/20 epoch | loss: 0.2927 | accuracy: 89.9%:   4%|▍         | 4/94 [00:00<00:12,  7.05it/s]
11/20 epoch | loss: 0.3056 | accuracy: 89.5%:   4%|▍         | 4/94 [00:00<00:12,  7.05it/s]
11/20 epoch | loss: 0.3056 | accuracy: 89.5%:   5%|▌         | 5/94 [00:00<00:12,  6.98it/s]
11/20 epoch | loss: 0.2389 | accuracy: 91.8%:   5%|▌         | 5/94 [00:00<00:12,  6.98it/s]
11/20 epoch | loss: 0.2389 | accuracy: 91.8%:   6%|▋         | 6/94 [00:00<00:12,  6.93it/s]
11/20 epoch | loss: 0.2320 | accuracy: 91.8%:   6%|▋         | 6/94 [00:01<00:12,  6.93it/s]
11/20 epoch | loss: 0.2320 | accuracy: 91.8%:   7%|▋         | 7/94 [00:01<00:12,  7.01it/s]
11/20 epoch | loss: 0.2311 | accuracy: 92.5%:   7%|▋         | 7/94 [00:01<00:12,  7.01it/s]
11/20 epoch | loss: 0.2311 | accuracy: 92.5%:   9%|▊         | 8/94 [00:01<00:12,  6.99it/s]
11/20 epoch | loss: 0.3113 | accuracy: 90.2%:   9%|▊         | 8/94 [00:01<00:12,  6.99it/s]
11/20 epoch | loss: 0.3113 | accuracy: 90.2%:  10%|▉         | 9/94 [00:01<00:12,  6.93it/s]
11/20 epoch | loss: 0.2770 | accuracy: 89.9%:  10%|▉         | 9/94 [00:01<00:12,  6.93it/s]
11/20 epoch | loss: 0.2770 | accuracy: 89.9%:  11%|█         | 10/94 [00:01<00:12,  6.97it/s]
11/20 epoch | loss: 0.3482 | accuracy: 89.1%:  11%|█         | 10/94 [00:01<00:12,  6.97it/s]
11/20 epoch | loss: 0.3482 | accuracy: 89.1%:  12%|█▏        | 11/94 [00:01<00:11,  7.02it/s]
11/20 epoch | loss: 0.2515 | accuracy: 92.4%:  12%|█▏        | 11/94 [00:01<00:11,  7.02it/s]
11/20 epoch | loss: 0.2515 | accuracy: 92.4%:  13%|█▎        | 12/94 [00:01<00:11,  6.84it/s]
11/20 epoch | loss: 0.2338 | accuracy: 92.0%:  13%|█▎        | 12/94 [00:01<00:11,  6.84it/s]
11/20 epoch | loss: 0.2338 | accuracy: 92.0%:  14%|█▍        | 13/94 [00:01<00:12,  6.71it/s]
11/20 epoch | loss: 0.2369 | accuracy: 91.9%:  14%|█▍        | 13/94 [00:02<00:12,  6.71it/s]
11/20 epoch | loss: 0.2369 | accuracy: 91.9%:  15%|█▍        | 14/94 [00:02<00:12,  6.55it/s]
11/20 epoch | loss: 0.2457 | accuracy: 91.2%:  15%|█▍        | 14/94 [00:02<00:12,  6.55it/s]
11/20 epoch | loss: 0.2457 | accuracy: 91.2%:  16%|█▌        | 15/94 [00:02<00:12,  6.43it/s]
11/20 epoch | loss: 0.3457 | accuracy: 88.8%:  16%|█▌        | 15/94 [00:02<00:12,  6.43it/s]
11/20 epoch | loss: 0.3457 | accuracy: 88.8%:  17%|█▋        | 16/94 [00:02<00:11,  6.55it/s]
11/20 epoch | loss: 0.4306 | accuracy: 89.2%:  17%|█▋        | 16/94 [00:02<00:11,  6.55it/s]
11/20 epoch | loss: 0.4306 | accuracy: 89.2%:  18%|█▊        | 17/94 [00:02<00:11,  6.69it/s]
11/20 epoch | loss: 0.2786 | accuracy: 91.1%:  18%|█▊        | 17/94 [00:02<00:11,  6.69it/s]
11/20 epoch | loss: 0.2786 | accuracy: 91.1%:  19%|█▉        | 18/94 [00:02<00:11,  6.72it/s]
11/20 epoch | loss: 0.3321 | accuracy: 89.3%:  19%|█▉        | 18/94 [00:02<00:11,  6.72it/s]
11/20 epoch | loss: 0.3321 | accuracy: 89.3%:  20%|██        | 19/94 [00:02<00:10,  6.85it/s]
11/20 epoch | loss: 0.2833 | accuracy: 90.1%:  20%|██        | 19/94 [00:02<00:10,  6.85it/s]
11/20 epoch | loss: 0.2833 | accuracy: 90.1%:  21%|██▏       | 20/94 [00:02<00:11,  6.60it/s]
11/20 epoch | loss: 0.2652 | accuracy: 91.6%:  21%|██▏       | 20/94 [00:03<00:11,  6.60it/s]
11/20 epoch | loss: 0.2652 | accuracy: 91.6%:  22%|██▏       | 21/94 [00:03<00:10,  6.74it/s]
11/20 epoch | loss: 0.3015 | accuracy: 90.6%:  22%|██▏       | 21/94 [00:03<00:10,  6.74it/s]
11/20 epoch | loss: 0.3015 | accuracy: 90.6%:  23%|██▎       | 22/94 [00:03<00:10,  6.86it/s]
11/20 epoch | loss: 0.2283 | accuracy: 92.2%:  23%|██▎       | 22/94 [00:03<00:10,  6.86it/s]
11/20 epoch | loss: 0.2283 | accuracy: 92.2%:  24%|██▍       | 23/94 [00:03<00:10,  6.85it/s]
11/20 epoch | loss: 0.3541 | accuracy: 88.3%:  24%|██▍       | 23/94 [00:03<00:10,  6.85it/s]
11/20 epoch | loss: 0.3541 | accuracy: 88.3%:  26%|██▌       | 24/94 [00:03<00:10,  6.85it/s]
11/20 epoch | loss: 0.2814 | accuracy: 90.0%:  26%|██▌       | 24/94 [00:03<00:10,  6.85it/s]
11/20 epoch | loss: 0.2814 | accuracy: 90.0%:  27%|██▋       | 25/94 [00:03<00:09,  7.00it/s]
11/20 epoch | loss: 0.2786 | accuracy: 91.7%:  27%|██▋       | 25/94 [00:03<00:09,  7.00it/s]
11/20 epoch | loss: 0.2786 | accuracy: 91.7%:  28%|██▊       | 26/94 [00:03<00:09,  7.01it/s]
11/20 epoch | loss: 0.3426 | accuracy: 89.3%:  28%|██▊       | 26/94 [00:03<00:09,  7.01it/s]
11/20 epoch | loss: 0.3426 | accuracy: 89.3%:  29%|██▊       | 27/94 [00:03<00:09,  6.99it/s]
11/20 epoch | loss: 0.3487 | accuracy: 90.5%:  29%|██▊       | 27/94 [00:04<00:09,  6.99it/s]
11/20 epoch | loss: 0.3487 | accuracy: 90.5%:  30%|██▉       | 28/94 [00:04<00:09,  7.11it/s]
11/20 epoch | loss: 0.3182 | accuracy: 89.8%:  30%|██▉       | 28/94 [00:04<00:09,  7.11it/s]
11/20 epoch | loss: 0.3182 | accuracy: 89.8%:  31%|███       | 29/94 [00:04<00:09,  7.16it/s]
11/20 epoch | loss: 0.3289 | accuracy: 88.9%:  31%|███       | 29/94 [00:04<00:09,  7.16it/s]
11/20 epoch | loss: 0.3289 | accuracy: 88.9%:  32%|███▏      | 30/94 [00:04<00:08,  7.12it/s]
11/20 epoch | loss: 0.2709 | accuracy: 90.9%:  32%|███▏      | 30/94 [00:04<00:08,  7.12it/s]
11/20 epoch | loss: 0.2709 | accuracy: 90.9%:  33%|███▎      | 31/94 [00:04<00:08,  7.17it/s]
11/20 epoch | loss: 0.3083 | accuracy: 90.3%:  33%|███▎      | 31/94 [00:04<00:08,  7.17it/s]
11/20 epoch | loss: 0.3083 | accuracy: 90.3%:  34%|███▍      | 32/94 [00:04<00:08,  7.19it/s]
11/20 epoch | loss: 0.2842 | accuracy: 90.1%:  34%|███▍      | 32/94 [00:04<00:08,  7.19it/s]
11/20 epoch | loss: 0.2842 | accuracy: 90.1%:  35%|███▌      | 33/94 [00:04<00:08,  7.12it/s]
11/20 epoch | loss: 0.3578 | accuracy: 89.5%:  35%|███▌      | 33/94 [00:04<00:08,  7.12it/s]
11/20 epoch | loss: 0.3578 | accuracy: 89.5%:  36%|███▌      | 34/94 [00:04<00:08,  6.97it/s]
11/20 epoch | loss: 0.3164 | accuracy: 89.8%:  36%|███▌      | 34/94 [00:05<00:08,  6.97it/s]
11/20 epoch | loss: 0.3164 | accuracy: 89.8%:  37%|███▋      | 35/94 [00:05<00:08,  6.84it/s]
11/20 epoch | loss: 0.2665 | accuracy: 90.7%:  37%|███▋      | 35/94 [00:05<00:08,  6.84it/s]
11/20 epoch | loss: 0.2665 | accuracy: 90.7%:  38%|███▊      | 36/94 [00:05<00:08,  6.83it/s]
11/20 epoch | loss: 0.4882 | accuracy: 88.3%:  38%|███▊      | 36/94 [00:05<00:08,  6.83it/s]
11/20 epoch | loss: 0.4882 | accuracy: 88.3%:  39%|███▉      | 37/94 [00:05<00:08,  6.86it/s]
11/20 epoch | loss: 0.2599 | accuracy: 91.2%:  39%|███▉      | 37/94 [00:05<00:08,  6.86it/s]
11/20 epoch | loss: 0.2599 | accuracy: 91.2%:  40%|████      | 38/94 [00:05<00:08,  6.99it/s]
11/20 epoch | loss: 0.3038 | accuracy: 90.4%:  40%|████      | 38/94 [00:05<00:08,  6.99it/s]
11/20 epoch | loss: 0.3038 | accuracy: 90.4%:  41%|████▏     | 39/94 [00:05<00:07,  6.98it/s]
11/20 epoch | loss: 0.2623 | accuracy: 90.7%:  41%|████▏     | 39/94 [00:05<00:07,  6.98it/s]
11/20 epoch | loss: 0.2623 | accuracy: 90.7%:  43%|████▎     | 40/94 [00:05<00:07,  6.90it/s]
11/20 epoch | loss: 0.3852 | accuracy: 88.4%:  43%|████▎     | 40/94 [00:05<00:07,  6.90it/s]
11/20 epoch | loss: 0.3852 | accuracy: 88.4%:  44%|████▎     | 41/94 [00:05<00:07,  6.94it/s]
11/20 epoch | loss: 0.2433 | accuracy: 91.2%:  44%|████▎     | 41/94 [00:06<00:07,  6.94it/s]
11/20 epoch | loss: 0.2433 | accuracy: 91.2%:  45%|████▍     | 42/94 [00:06<00:07,  6.95it/s]
11/20 epoch | loss: 0.2467 | accuracy: 91.9%:  45%|████▍     | 42/94 [00:06<00:07,  6.95it/s]
11/20 epoch | loss: 0.2467 | accuracy: 91.9%:  46%|████▌     | 43/94 [00:06<00:07,  7.00it/s]
11/20 epoch | loss: 0.3678 | accuracy: 89.1%:  46%|████▌     | 43/94 [00:06<00:07,  7.00it/s]
11/20 epoch | loss: 0.3678 | accuracy: 89.1%:  47%|████▋     | 44/94 [00:06<00:07,  7.00it/s]
11/20 epoch | loss: 0.2395 | accuracy: 91.8%:  47%|████▋     | 44/94 [00:06<00:07,  7.00it/s]
11/20 epoch | loss: 0.2395 | accuracy: 91.8%:  48%|████▊     | 45/94 [00:06<00:07,  6.93it/s]
11/20 epoch | loss: 0.2775 | accuracy: 90.7%:  48%|████▊     | 45/94 [00:06<00:07,  6.93it/s]
11/20 epoch | loss: 0.2775 | accuracy: 90.7%:  49%|████▉     | 46/94 [00:06<00:07,  6.80it/s]
11/20 epoch | loss: 0.3611 | accuracy: 87.9%:  49%|████▉     | 46/94 [00:06<00:07,  6.80it/s]
11/20 epoch | loss: 0.3611 | accuracy: 87.9%:  50%|█████     | 47/94 [00:06<00:06,  6.75it/s]
11/20 epoch | loss: 0.3022 | accuracy: 91.0%:  50%|█████     | 47/94 [00:06<00:06,  6.75it/s]
11/20 epoch | loss: 0.3022 | accuracy: 91.0%:  51%|█████     | 48/94 [00:06<00:06,  6.85it/s]
11/20 epoch | loss: 0.2625 | accuracy: 91.1%:  51%|█████     | 48/94 [00:07<00:06,  6.85it/s]
11/20 epoch | loss: 0.2625 | accuracy: 91.1%:  52%|█████▏    | 49/94 [00:07<00:06,  6.63it/s]
11/20 epoch | loss: 0.2641 | accuracy: 91.1%:  52%|█████▏    | 49/94 [00:07<00:06,  6.63it/s]
11/20 epoch | loss: 0.2641 | accuracy: 91.1%:  53%|█████▎    | 50/94 [00:07<00:06,  6.81it/s]
11/20 epoch | loss: 0.2999 | accuracy: 90.3%:  53%|█████▎    | 50/94 [00:07<00:06,  6.81it/s]
11/20 epoch | loss: 0.2999 | accuracy: 90.3%:  54%|█████▍    | 51/94 [00:07<00:06,  6.83it/s]
11/20 epoch | loss: 0.2553 | accuracy: 91.8%:  54%|█████▍    | 51/94 [00:07<00:06,  6.83it/s]
11/20 epoch | loss: 0.2553 | accuracy: 91.8%:  55%|█████▌    | 52/94 [00:07<00:06,  6.91it/s]
11/20 epoch | loss: 0.2748 | accuracy: 90.5%:  55%|█████▌    | 52/94 [00:07<00:06,  6.91it/s]
11/20 epoch | loss: 0.2748 | accuracy: 90.5%:  56%|█████▋    | 53/94 [00:07<00:05,  6.96it/s]
11/20 epoch | loss: 0.3019 | accuracy: 89.8%:  56%|█████▋    | 53/94 [00:07<00:05,  6.96it/s]
11/20 epoch | loss: 0.3019 | accuracy: 89.8%:  57%|█████▋    | 54/94 [00:07<00:05,  7.01it/s]
11/20 epoch | loss: 0.2596 | accuracy: 91.3%:  57%|█████▋    | 54/94 [00:07<00:05,  7.01it/s]
11/20 epoch | loss: 0.2596 | accuracy: 91.3%:  59%|█████▊    | 55/94 [00:07<00:05,  7.12it/s]
11/20 epoch | loss: 0.2282 | accuracy: 92.0%:  59%|█████▊    | 55/94 [00:08<00:05,  7.12it/s]
11/20 epoch | loss: 0.2282 | accuracy: 92.0%:  60%|█████▉    | 56/94 [00:08<00:05,  7.08it/s]
11/20 epoch | loss: 0.2490 | accuracy: 91.5%:  60%|█████▉    | 56/94 [00:08<00:05,  7.08it/s]
11/20 epoch | loss: 0.2490 | accuracy: 91.5%:  61%|██████    | 57/94 [00:08<00:05,  7.13it/s]
11/20 epoch | loss: 0.2768 | accuracy: 91.0%:  61%|██████    | 57/94 [00:08<00:05,  7.13it/s]
11/20 epoch | loss: 0.2768 | accuracy: 91.0%:  62%|██████▏   | 58/94 [00:08<00:05,  7.16it/s]
11/20 epoch | loss: 0.2067 | accuracy: 92.9%:  62%|██████▏   | 58/94 [00:08<00:05,  7.16it/s]
11/20 epoch | loss: 0.2067 | accuracy: 92.9%:  63%|██████▎   | 59/94 [00:08<00:04,  7.15it/s]
11/20 epoch | loss: 0.2887 | accuracy: 90.7%:  63%|██████▎   | 59/94 [00:08<00:04,  7.15it/s]
11/20 epoch | loss: 0.2887 | accuracy: 90.7%:  64%|██████▍   | 60/94 [00:08<00:04,  7.15it/s]
11/20 epoch | loss: 0.2282 | accuracy: 92.8%:  64%|██████▍   | 60/94 [00:08<00:04,  7.15it/s]
11/20 epoch | loss: 0.2282 | accuracy: 92.8%:  65%|██████▍   | 61/94 [00:08<00:04,  7.19it/s]
11/20 epoch | loss: 0.2439 | accuracy: 91.9%:  65%|██████▍   | 61/94 [00:08<00:04,  7.19it/s]
11/20 epoch | loss: 0.2439 | accuracy: 91.9%:  66%|██████▌   | 62/94 [00:08<00:04,  7.10it/s]
11/20 epoch | loss: 0.3330 | accuracy: 89.1%:  66%|██████▌   | 62/94 [00:09<00:04,  7.10it/s]
11/20 epoch | loss: 0.3330 | accuracy: 89.1%:  67%|██████▋   | 63/94 [00:09<00:04,  7.07it/s]
11/20 epoch | loss: 0.2520 | accuracy: 91.3%:  67%|██████▋   | 63/94 [00:09<00:04,  7.07it/s]
11/20 epoch | loss: 0.2520 | accuracy: 91.3%:  68%|██████▊   | 64/94 [00:09<00:04,  6.84it/s]
11/20 epoch | loss: 0.2451 | accuracy: 92.0%:  68%|██████▊   | 64/94 [00:09<00:04,  6.84it/s]
11/20 epoch | loss: 0.2451 | accuracy: 92.0%:  69%|██████▉   | 65/94 [00:09<00:04,  6.82it/s]
11/20 epoch | loss: 0.3170 | accuracy: 89.4%:  69%|██████▉   | 65/94 [00:09<00:04,  6.82it/s]
11/20 epoch | loss: 0.3170 | accuracy: 89.4%:  70%|███████   | 66/94 [00:09<00:04,  6.97it/s]
11/20 epoch | loss: 0.2637 | accuracy: 92.3%:  70%|███████   | 66/94 [00:09<00:04,  6.97it/s]
11/20 epoch | loss: 0.2637 | accuracy: 92.3%:  71%|███████▏  | 67/94 [00:09<00:03,  6.97it/s]
11/20 epoch | loss: 0.2427 | accuracy: 91.2%:  71%|███████▏  | 67/94 [00:09<00:03,  6.97it/s]
11/20 epoch | loss: 0.2427 | accuracy: 91.2%:  72%|███████▏  | 68/94 [00:09<00:03,  7.04it/s]
11/20 epoch | loss: 0.2473 | accuracy: 92.1%:  72%|███████▏  | 68/94 [00:09<00:03,  7.04it/s]
11/20 epoch | loss: 0.2473 | accuracy: 92.1%:  73%|███████▎  | 69/94 [00:09<00:03,  7.05it/s]
11/20 epoch | loss: 0.2975 | accuracy: 90.6%:  73%|███████▎  | 69/94 [00:10<00:03,  7.05it/s]
11/20 epoch | loss: 0.2975 | accuracy: 90.6%:  74%|███████▍  | 70/94 [00:10<00:03,  7.04it/s]
11/20 epoch | loss: 0.2768 | accuracy: 91.6%:  74%|███████▍  | 70/94 [00:10<00:03,  7.04it/s]
11/20 epoch | loss: 0.2768 | accuracy: 91.6%:  76%|███████▌  | 71/94 [00:10<00:03,  7.01it/s]
11/20 epoch | loss: 0.2545 | accuracy: 92.5%:  76%|███████▌  | 71/94 [00:10<00:03,  7.01it/s]
11/20 epoch | loss: 0.2545 | accuracy: 92.5%:  77%|███████▋  | 72/94 [00:10<00:03,  7.03it/s]
11/20 epoch | loss: 0.2297 | accuracy: 91.7%:  77%|███████▋  | 72/94 [00:10<00:03,  7.03it/s]
11/20 epoch | loss: 0.2297 | accuracy: 91.7%:  78%|███████▊  | 73/94 [00:10<00:02,  7.06it/s]
11/20 epoch | loss: 0.3088 | accuracy: 90.4%:  78%|███████▊  | 73/94 [00:10<00:02,  7.06it/s]
11/20 epoch | loss: 0.3088 | accuracy: 90.4%:  79%|███████▊  | 74/94 [00:10<00:02,  6.84it/s]
11/20 epoch | loss: 0.2562 | accuracy: 91.3%:  79%|███████▊  | 74/94 [00:10<00:02,  6.84it/s]
11/20 epoch | loss: 0.2562 | accuracy: 91.3%:  80%|███████▉  | 75/94 [00:10<00:02,  6.66it/s]
11/20 epoch | loss: 0.2316 | accuracy: 92.0%:  80%|███████▉  | 75/94 [00:10<00:02,  6.66it/s]
11/20 epoch | loss: 0.2316 | accuracy: 92.0%:  81%|████████  | 76/94 [00:10<00:02,  6.82it/s]
11/20 epoch | loss: 0.3185 | accuracy: 89.8%:  81%|████████  | 76/94 [00:11<00:02,  6.82it/s]
11/20 epoch | loss: 0.3185 | accuracy: 89.8%:  82%|████████▏ | 77/94 [00:11<00:02,  6.53it/s]
11/20 epoch | loss: 0.2316 | accuracy: 92.5%:  82%|████████▏ | 77/94 [00:11<00:02,  6.53it/s]
11/20 epoch | loss: 0.2316 | accuracy: 92.5%:  83%|████████▎ | 78/94 [00:11<00:02,  6.28it/s]
11/20 epoch | loss: 0.3321 | accuracy: 90.3%:  83%|████████▎ | 78/94 [00:11<00:02,  6.28it/s]
11/20 epoch | loss: 0.3321 | accuracy: 90.3%:  84%|████████▍ | 79/94 [00:11<00:02,  6.18it/s]
11/20 epoch | loss: 0.2611 | accuracy: 91.0%:  84%|████████▍ | 79/94 [00:11<00:02,  6.18it/s]
11/20 epoch | loss: 0.2611 | accuracy: 91.0%:  85%|████████▌ | 80/94 [00:11<00:02,  6.44it/s]
11/20 epoch | loss: 0.2845 | accuracy: 90.5%:  85%|████████▌ | 80/94 [00:11<00:02,  6.44it/s]
11/20 epoch | loss: 0.2845 | accuracy: 90.5%:  86%|████████▌ | 81/94 [00:11<00:01,  6.58it/s]
11/20 epoch | loss: 0.2312 | accuracy: 92.1%:  86%|████████▌ | 81/94 [00:11<00:01,  6.58it/s]
11/20 epoch | loss: 0.2312 | accuracy: 92.1%:  87%|████████▋ | 82/94 [00:11<00:01,  6.73it/s]
11/20 epoch | loss: 0.3270 | accuracy: 89.9%:  87%|████████▋ | 82/94 [00:12<00:01,  6.73it/s]
11/20 epoch | loss: 0.3270 | accuracy: 89.9%:  88%|████████▊ | 83/94 [00:12<00:01,  6.80it/s]
11/20 epoch | loss: 0.2492 | accuracy: 91.0%:  88%|████████▊ | 83/94 [00:12<00:01,  6.80it/s]
11/20 epoch | loss: 0.2492 | accuracy: 91.0%:  89%|████████▉ | 84/94 [00:12<00:01,  6.79it/s]
11/20 epoch | loss: 0.3082 | accuracy: 90.9%:  89%|████████▉ | 84/94 [00:12<00:01,  6.79it/s]
11/20 epoch | loss: 0.3082 | accuracy: 90.9%:  90%|█████████ | 85/94 [00:12<00:01,  6.86it/s]
11/20 epoch | loss: 0.2153 | accuracy: 92.7%:  90%|█████████ | 85/94 [00:12<00:01,  6.86it/s]
11/20 epoch | loss: 0.2153 | accuracy: 92.7%:  91%|█████████▏| 86/94 [00:12<00:01,  6.89it/s]
11/20 epoch | loss: 0.3143 | accuracy: 90.2%:  91%|█████████▏| 86/94 [00:12<00:01,  6.89it/s]
11/20 epoch | loss: 0.3143 | accuracy: 90.2%:  93%|█████████▎| 87/94 [00:12<00:00,  7.04it/s]
11/20 epoch | loss: 0.2365 | accuracy: 91.8%:  93%|█████████▎| 87/94 [00:12<00:00,  7.04it/s]
11/20 epoch | loss: 0.2365 | accuracy: 91.8%:  94%|█████████▎| 88/94 [00:12<00:00,  6.92it/s]
11/20 epoch | loss: 0.3827 | accuracy: 87.7%:  94%|█████████▎| 88/94 [00:12<00:00,  6.92it/s]
11/20 epoch | loss: 0.3827 | accuracy: 87.7%:  95%|█████████▍| 89/94 [00:12<00:00,  6.68it/s]
11/20 epoch | loss: 0.2627 | accuracy: 90.6%:  95%|█████████▍| 89/94 [00:13<00:00,  6.68it/s]
11/20 epoch | loss: 0.2627 | accuracy: 90.6%:  96%|█████████▌| 90/94 [00:13<00:00,  6.61it/s]
11/20 epoch | loss: 0.2412 | accuracy: 91.7%:  96%|█████████▌| 90/94 [00:13<00:00,  6.61it/s]
11/20 epoch | loss: 0.2412 | accuracy: 91.7%:  97%|█████████▋| 91/94 [00:13<00:00,  6.71it/s]
11/20 epoch | loss: 0.2529 | accuracy: 90.9%:  97%|█████████▋| 91/94 [00:13<00:00,  6.71it/s]
11/20 epoch | loss: 0.2529 | accuracy: 90.9%:  98%|█████████▊| 92/94 [00:13<00:00,  6.81it/s]
11/20 epoch | loss: 0.2207 | accuracy: 92.2%:  98%|█████████▊| 92/94 [00:13<00:00,  6.81it/s]
11/20 epoch | loss: 0.2207 | accuracy: 92.2%:  99%|█████████▉| 93/94 [00:13<00:00,  6.55it/s]
11/20 epoch | loss: 0.2961 | accuracy: 90.8%:  99%|█████████▉| 93/94 [00:13<00:00,  6.55it/s]
11/20 epoch | loss: 0.2961 | accuracy: 90.8%: 100%|██████████| 94/94 [00:13<00:00,  6.58it/s]
11/20 epoch | loss: 0.2961 | accuracy: 90.8%: 100%|██████████| 94/94 [00:13<00:00,  6.87it/s]
train loss: 0.2830 | train acc: 90.8% | val loss: 0.2900 | val acc: 90.6% | val mIoU: 80.4%
saving checkpoint to checkpoints/segmentation/05-07_12-23-26/Segmentation_ckpt_epoch10_metric80.44.ckpt

  0%|          | 0/94 [00:00<?, ?it/s]
12/20 epoch | loss: 0.3232 | accuracy: 89.0%:   0%|          | 0/94 [00:00<?, ?it/s]
12/20 epoch | loss: 0.3232 | accuracy: 89.0%:   1%|          | 1/94 [00:00<00:13,  6.84it/s]
12/20 epoch | loss: 0.2179 | accuracy: 92.8%:   1%|          | 1/94 [00:00<00:13,  6.84it/s]
12/20 epoch | loss: 0.2179 | accuracy: 92.8%:   2%|▏         | 2/94 [00:00<00:14,  6.40it/s]
12/20 epoch | loss: 0.2795 | accuracy: 91.1%:   2%|▏         | 2/94 [00:00<00:14,  6.40it/s]
12/20 epoch | loss: 0.2795 | accuracy: 91.1%:   3%|▎         | 3/94 [00:00<00:14,  6.19it/s]
12/20 epoch | loss: 0.2409 | accuracy: 91.6%:   3%|▎         | 3/94 [00:00<00:14,  6.19it/s]
12/20 epoch | loss: 0.2409 | accuracy: 91.6%:   4%|▍         | 4/94 [00:00<00:14,  6.29it/s]
12/20 epoch | loss: 0.3276 | accuracy: 90.4%:   4%|▍         | 4/94 [00:00<00:14,  6.29it/s]
12/20 epoch | loss: 0.3276 | accuracy: 90.4%:   5%|▌         | 5/94 [00:00<00:14,  6.12it/s]
12/20 epoch | loss: 0.2063 | accuracy: 92.7%:   5%|▌         | 5/94 [00:00<00:14,  6.12it/s]
12/20 epoch | loss: 0.2063 | accuracy: 92.7%:   6%|▋         | 6/94 [00:00<00:13,  6.44it/s]
12/20 epoch | loss: 0.2618 | accuracy: 90.7%:   6%|▋         | 6/94 [00:01<00:13,  6.44it/s]
12/20 epoch | loss: 0.2618 | accuracy: 90.7%:   7%|▋         | 7/94 [00:01<00:13,  6.59it/s]
12/20 epoch | loss: 0.3731 | accuracy: 88.5%:   7%|▋         | 7/94 [00:01<00:13,  6.59it/s]
12/20 epoch | loss: 0.3731 | accuracy: 88.5%:   9%|▊         | 8/94 [00:01<00:12,  6.70it/s]
12/20 epoch | loss: 0.2501 | accuracy: 91.0%:   9%|▊         | 8/94 [00:01<00:12,  6.70it/s]
12/20 epoch | loss: 0.2501 | accuracy: 91.0%:  10%|▉         | 9/94 [00:01<00:12,  6.85it/s]
12/20 epoch | loss: 0.2316 | accuracy: 92.6%:  10%|▉         | 9/94 [00:01<00:12,  6.85it/s]
12/20 epoch | loss: 0.2316 | accuracy: 92.6%:  11%|█         | 10/94 [00:01<00:12,  7.00it/s]
12/20 epoch | loss: 0.2458 | accuracy: 92.0%:  11%|█         | 10/94 [00:01<00:12,  7.00it/s]
12/20 epoch | loss: 0.2458 | accuracy: 92.0%:  12%|█▏        | 11/94 [00:01<00:11,  7.07it/s]
12/20 epoch | loss: 0.2444 | accuracy: 91.7%:  12%|█▏        | 11/94 [00:01<00:11,  7.07it/s]
12/20 epoch | loss: 0.2444 | accuracy: 91.7%:  13%|█▎        | 12/94 [00:01<00:11,  7.09it/s]
12/20 epoch | loss: 0.2178 | accuracy: 93.1%:  13%|█▎        | 12/94 [00:01<00:11,  7.09it/s]
12/20 epoch | loss: 0.2178 | accuracy: 93.1%:  14%|█▍        | 13/94 [00:01<00:11,  7.09it/s]
12/20 epoch | loss: 0.2816 | accuracy: 89.5%:  14%|█▍        | 13/94 [00:02<00:11,  7.09it/s]
12/20 epoch | loss: 0.2816 | accuracy: 89.5%:  15%|█▍        | 14/94 [00:02<00:11,  7.02it/s]
12/20 epoch | loss: 0.2243 | accuracy: 92.0%:  15%|█▍        | 14/94 [00:02<00:11,  7.02it/s]
12/20 epoch | loss: 0.2243 | accuracy: 92.0%:  16%|█▌        | 15/94 [00:02<00:11,  6.99it/s]
12/20 epoch | loss: 0.2362 | accuracy: 92.1%:  16%|█▌        | 15/94 [00:02<00:11,  6.99it/s]
12/20 epoch | loss: 0.2362 | accuracy: 92.1%:  17%|█▋        | 16/94 [00:02<00:11,  6.96it/s]
12/20 epoch | loss: 0.2681 | accuracy: 91.4%:  17%|█▋        | 16/94 [00:02<00:11,  6.96it/s]
12/20 epoch | loss: 0.2681 | accuracy: 91.4%:  18%|█▊        | 17/94 [00:02<00:11,  6.87it/s]
12/20 epoch | loss: 0.2580 | accuracy: 91.1%:  18%|█▊        | 17/94 [00:02<00:11,  6.87it/s]
12/20 epoch | loss: 0.2580 | accuracy: 91.1%:  19%|█▉        | 18/94 [00:02<00:11,  6.90it/s]
12/20 epoch | loss: 0.2767 | accuracy: 91.5%:  19%|█▉        | 18/94 [00:02<00:11,  6.90it/s]
12/20 epoch | loss: 0.2767 | accuracy: 91.5%:  20%|██        | 19/94 [00:02<00:10,  6.92it/s]
12/20 epoch | loss: 0.2792 | accuracy: 91.2%:  20%|██        | 19/94 [00:02<00:10,  6.92it/s]
12/20 epoch | loss: 0.2792 | accuracy: 91.2%:  21%|██▏       | 20/94 [00:02<00:10,  7.01it/s]
12/20 epoch | loss: 0.2789 | accuracy: 90.8%:  21%|██▏       | 20/94 [00:03<00:10,  7.01it/s]
12/20 epoch | loss: 0.2789 | accuracy: 90.8%:  22%|██▏       | 21/94 [00:03<00:10,  7.06it/s]
12/20 epoch | loss: 0.3213 | accuracy: 90.3%:  22%|██▏       | 21/94 [00:03<00:10,  7.06it/s]
12/20 epoch | loss: 0.3213 | accuracy: 90.3%:  23%|██▎       | 22/94 [00:03<00:10,  6.82it/s]
12/20 epoch | loss: 0.2980 | accuracy: 90.0%:  23%|██▎       | 22/94 [00:03<00:10,  6.82it/s]
12/20 epoch | loss: 0.2980 | accuracy: 90.0%:  24%|██▍       | 23/94 [00:03<00:10,  6.96it/s]
12/20 epoch | loss: 0.2491 | accuracy: 91.5%:  24%|██▍       | 23/94 [00:03<00:10,  6.96it/s]
12/20 epoch | loss: 0.2491 | accuracy: 91.5%:  26%|██▌       | 24/94 [00:03<00:10,  6.95it/s]
12/20 epoch | loss: 0.2229 | accuracy: 92.8%:  26%|██▌       | 24/94 [00:03<00:10,  6.95it/s]
12/20 epoch | loss: 0.2229 | accuracy: 92.8%:  27%|██▋       | 25/94 [00:03<00:09,  6.95it/s]
12/20 epoch | loss: 0.2389 | accuracy: 91.4%:  27%|██▋       | 25/94 [00:03<00:09,  6.95it/s]
12/20 epoch | loss: 0.2389 | accuracy: 91.4%:  28%|██▊       | 26/94 [00:03<00:09,  7.01it/s]
12/20 epoch | loss: 0.2686 | accuracy: 90.4%:  28%|██▊       | 26/94 [00:03<00:09,  7.01it/s]
12/20 epoch | loss: 0.2686 | accuracy: 90.4%:  29%|██▊       | 27/94 [00:03<00:09,  7.08it/s]
12/20 epoch | loss: 0.2323 | accuracy: 91.7%:  29%|██▊       | 27/94 [00:04<00:09,  7.08it/s]
12/20 epoch | loss: 0.2323 | accuracy: 91.7%:  30%|██▉       | 28/94 [00:04<00:09,  6.93it/s]
12/20 epoch | loss: 0.2920 | accuracy: 90.8%:  30%|██▉       | 28/94 [00:04<00:09,  6.93it/s]
12/20 epoch | loss: 0.2920 | accuracy: 90.8%:  31%|███       | 29/94 [00:04<00:09,  6.63it/s]
12/20 epoch | loss: 0.2923 | accuracy: 89.7%:  31%|███       | 29/94 [00:04<00:09,  6.63it/s]
12/20 epoch | loss: 0.2923 | accuracy: 89.7%:  32%|███▏      | 30/94 [00:04<00:09,  6.62it/s]
12/20 epoch | loss: 0.3639 | accuracy: 89.5%:  32%|███▏      | 30/94 [00:04<00:09,  6.62it/s]
12/20 epoch | loss: 0.3639 | accuracy: 89.5%:  33%|███▎      | 31/94 [00:04<00:09,  6.35it/s]
12/20 epoch | loss: 0.2350 | accuracy: 91.7%:  33%|███▎      | 31/94 [00:04<00:09,  6.35it/s]
12/20 epoch | loss: 0.2350 | accuracy: 91.7%:  34%|███▍      | 32/94 [00:04<00:09,  6.59it/s]
12/20 epoch | loss: 0.2869 | accuracy: 90.1%:  34%|███▍      | 32/94 [00:04<00:09,  6.59it/s]
12/20 epoch | loss: 0.2869 | accuracy: 90.1%:  35%|███▌      | 33/94 [00:04<00:09,  6.64it/s]
12/20 epoch | loss: 0.3335 | accuracy: 89.7%:  35%|███▌      | 33/94 [00:05<00:09,  6.64it/s]
12/20 epoch | loss: 0.3335 | accuracy: 89.7%:  36%|███▌      | 34/94 [00:05<00:08,  6.71it/s]
12/20 epoch | loss: 0.3615 | accuracy: 89.5%:  36%|███▌      | 34/94 [00:05<00:08,  6.71it/s]
12/20 epoch | loss: 0.3615 | accuracy: 89.5%:  37%|███▋      | 35/94 [00:05<00:08,  6.70it/s]
12/20 epoch | loss: 0.2657 | accuracy: 91.6%:  37%|███▋      | 35/94 [00:05<00:08,  6.70it/s]
12/20 epoch | loss: 0.2657 | accuracy: 91.6%:  38%|███▊      | 36/94 [00:05<00:08,  6.77it/s]
12/20 epoch | loss: 0.3250 | accuracy: 89.5%:  38%|███▊      | 36/94 [00:05<00:08,  6.77it/s]
12/20 epoch | loss: 0.3250 | accuracy: 89.5%:  39%|███▉      | 37/94 [00:05<00:08,  6.77it/s]
12/20 epoch | loss: 0.3355 | accuracy: 89.6%:  39%|███▉      | 37/94 [00:05<00:08,  6.77it/s]
12/20 epoch | loss: 0.3355 | accuracy: 89.6%:  40%|████      | 38/94 [00:05<00:08,  6.77it/s]
12/20 epoch | loss: 0.2415 | accuracy: 91.9%:  40%|████      | 38/94 [00:05<00:08,  6.77it/s]
12/20 epoch | loss: 0.2415 | accuracy: 91.9%:  41%|████▏     | 39/94 [00:05<00:08,  6.75it/s]
12/20 epoch | loss: 0.2953 | accuracy: 90.5%:  41%|████▏     | 39/94 [00:05<00:08,  6.75it/s]
12/20 epoch | loss: 0.2953 | accuracy: 90.5%:  43%|████▎     | 40/94 [00:05<00:07,  6.81it/s]
12/20 epoch | loss: 0.3091 | accuracy: 89.2%:  43%|████▎     | 40/94 [00:06<00:07,  6.81it/s]
12/20 epoch | loss: 0.3091 | accuracy: 89.2%:  44%|████▎     | 41/94 [00:06<00:07,  6.87it/s]
12/20 epoch | loss: 0.2486 | accuracy: 91.3%:  44%|████▎     | 41/94 [00:06<00:07,  6.87it/s]
12/20 epoch | loss: 0.2486 | accuracy: 91.3%:  45%|████▍     | 42/94 [00:06<00:07,  6.91it/s]
12/20 epoch | loss: 0.3125 | accuracy: 90.4%:  45%|████▍     | 42/94 [00:06<00:07,  6.91it/s]
12/20 epoch | loss: 0.3125 | accuracy: 90.4%:  46%|████▌     | 43/94 [00:06<00:07,  6.88it/s]
12/20 epoch | loss: 0.2401 | accuracy: 91.3%:  46%|████▌     | 43/94 [00:06<00:07,  6.88it/s]
12/20 epoch | loss: 0.2401 | accuracy: 91.3%:  47%|████▋     | 44/94 [00:06<00:07,  6.92it/s]
12/20 epoch | loss: 0.2165 | accuracy: 92.6%:  47%|████▋     | 44/94 [00:06<00:07,  6.92it/s]
12/20 epoch | loss: 0.2165 | accuracy: 92.6%:  48%|████▊     | 45/94 [00:06<00:06,  7.01it/s]
12/20 epoch | loss: 0.3261 | accuracy: 88.8%:  48%|████▊     | 45/94 [00:06<00:06,  7.01it/s]
12/20 epoch | loss: 0.3261 | accuracy: 88.8%:  49%|████▉     | 46/94 [00:06<00:07,  6.82it/s]
12/20 epoch | loss: 0.2856 | accuracy: 90.6%:  49%|████▉     | 46/94 [00:06<00:07,  6.82it/s]
12/20 epoch | loss: 0.2856 | accuracy: 90.6%:  50%|█████     | 47/94 [00:06<00:06,  6.90it/s]
12/20 epoch | loss: 0.2908 | accuracy: 90.8%:  50%|█████     | 47/94 [00:07<00:06,  6.90it/s]
12/20 epoch | loss: 0.2908 | accuracy: 90.8%:  51%|█████     | 48/94 [00:07<00:06,  6.92it/s]
12/20 epoch | loss: 0.2724 | accuracy: 91.5%:  51%|█████     | 48/94 [00:07<00:06,  6.92it/s]
12/20 epoch | loss: 0.2724 | accuracy: 91.5%:  52%|█████▏    | 49/94 [00:07<00:06,  6.91it/s]
12/20 epoch | loss: 0.3030 | accuracy: 89.9%:  52%|█████▏    | 49/94 [00:07<00:06,  6.91it/s]
12/20 epoch | loss: 0.3030 | accuracy: 89.9%:  53%|█████▎    | 50/94 [00:07<00:06,  6.94it/s]
12/20 epoch | loss: 0.2638 | accuracy: 91.1%:  53%|█████▎    | 50/94 [00:07<00:06,  6.94it/s]
12/20 epoch | loss: 0.2638 | accuracy: 91.1%:  54%|█████▍    | 51/94 [00:07<00:06,  6.92it/s]
12/20 epoch | loss: 0.3042 | accuracy: 91.0%:  54%|█████▍    | 51/94 [00:07<00:06,  6.92it/s]
12/20 epoch | loss: 0.3042 | accuracy: 91.0%:  55%|█████▌    | 52/94 [00:07<00:06,  6.92it/s]
12/20 epoch | loss: 0.2293 | accuracy: 92.6%:  55%|█████▌    | 52/94 [00:07<00:06,  6.92it/s]
12/20 epoch | loss: 0.2293 | accuracy: 92.6%:  56%|█████▋    | 53/94 [00:07<00:05,  6.93it/s]
12/20 epoch | loss: 0.2962 | accuracy: 89.1%:  56%|█████▋    | 53/94 [00:07<00:05,  6.93it/s]
12/20 epoch | loss: 0.2962 | accuracy: 89.1%:  57%|█████▋    | 54/94 [00:07<00:05,  7.04it/s]
12/20 epoch | loss: 0.2626 | accuracy: 91.3%:  57%|█████▋    | 54/94 [00:08<00:05,  7.04it/s]
12/20 epoch | loss: 0.2626 | accuracy: 91.3%:  59%|█████▊    | 55/94 [00:08<00:05,  7.01it/s]
12/20 epoch | loss: 0.2811 | accuracy: 90.7%:  59%|█████▊    | 55/94 [00:08<00:05,  7.01it/s]
12/20 epoch | loss: 0.2811 | accuracy: 90.7%:  60%|█████▉    | 56/94 [00:08<00:05,  7.04it/s]
12/20 epoch | loss: 0.3132 | accuracy: 90.8%:  60%|█████▉    | 56/94 [00:08<00:05,  7.04it/s]
12/20 epoch | loss: 0.3132 | accuracy: 90.8%:  61%|██████    | 57/94 [00:08<00:05,  7.05it/s]
12/20 epoch | loss: 0.2792 | accuracy: 90.5%:  61%|██████    | 57/94 [00:08<00:05,  7.05it/s]
12/20 epoch | loss: 0.2792 | accuracy: 90.5%:  62%|██████▏   | 58/94 [00:08<00:05,  7.08it/s]
12/20 epoch | loss: 0.3004 | accuracy: 89.9%:  62%|██████▏   | 58/94 [00:08<00:05,  7.08it/s]
12/20 epoch | loss: 0.3004 | accuracy: 89.9%:  63%|██████▎   | 59/94 [00:08<00:04,  7.04it/s]
12/20 epoch | loss: 0.2458 | accuracy: 91.8%:  63%|██████▎   | 59/94 [00:08<00:04,  7.04it/s]
12/20 epoch | loss: 0.2458 | accuracy: 91.8%:  64%|██████▍   | 60/94 [00:08<00:04,  6.98it/s]
12/20 epoch | loss: 0.2370 | accuracy: 92.0%:  64%|██████▍   | 60/94 [00:08<00:04,  6.98it/s]
12/20 epoch | loss: 0.2370 | accuracy: 92.0%:  65%|██████▍   | 61/94 [00:08<00:04,  6.99it/s]
12/20 epoch | loss: 0.2658 | accuracy: 91.4%:  65%|██████▍   | 61/94 [00:09<00:04,  6.99it/s]
12/20 epoch | loss: 0.2658 | accuracy: 91.4%:  66%|██████▌   | 62/94 [00:09<00:04,  6.95it/s]
12/20 epoch | loss: 0.2663 | accuracy: 90.6%:  66%|██████▌   | 62/94 [00:09<00:04,  6.95it/s]
12/20 epoch | loss: 0.2663 | accuracy: 90.6%:  67%|██████▋   | 63/94 [00:09<00:05,  6.05it/s]
12/20 epoch | loss: 0.2938 | accuracy: 91.7%:  67%|██████▋   | 63/94 [00:09<00:05,  6.05it/s]
12/20 epoch | loss: 0.2938 | accuracy: 91.7%:  68%|██████▊   | 64/94 [00:09<00:04,  6.36it/s]
12/20 epoch | loss: 0.2676 | accuracy: 91.9%:  68%|██████▊   | 64/94 [00:09<00:04,  6.36it/s]
12/20 epoch | loss: 0.2676 | accuracy: 91.9%:  69%|██████▉   | 65/94 [00:09<00:04,  6.47it/s]
12/20 epoch | loss: 0.3262 | accuracy: 89.8%:  69%|██████▉   | 65/94 [00:09<00:04,  6.47it/s]
12/20 epoch | loss: 0.3262 | accuracy: 89.8%:  70%|███████   | 66/94 [00:09<00:04,  6.68it/s]
12/20 epoch | loss: 0.3030 | accuracy: 90.1%:  70%|███████   | 66/94 [00:09<00:04,  6.68it/s]
12/20 epoch | loss: 0.3030 | accuracy: 90.1%:  71%|███████▏  | 67/94 [00:09<00:03,  6.79it/s]
12/20 epoch | loss: 0.2808 | accuracy: 89.9%:  71%|███████▏  | 67/94 [00:09<00:03,  6.79it/s]
12/20 epoch | loss: 0.2808 | accuracy: 89.9%:  72%|███████▏  | 68/94 [00:09<00:03,  6.90it/s]
12/20 epoch | loss: 0.2301 | accuracy: 92.4%:  72%|███████▏  | 68/94 [00:10<00:03,  6.90it/s]
12/20 epoch | loss: 0.2301 | accuracy: 92.4%:  73%|███████▎  | 69/94 [00:10<00:03,  6.98it/s]
12/20 epoch | loss: 0.3331 | accuracy: 88.6%:  73%|███████▎  | 69/94 [00:10<00:03,  6.98it/s]
12/20 epoch | loss: 0.3331 | accuracy: 88.6%:  74%|███████▍  | 70/94 [00:10<00:03,  6.85it/s]
12/20 epoch | loss: 0.2517 | accuracy: 91.4%:  74%|███████▍  | 70/94 [00:10<00:03,  6.85it/s]
12/20 epoch | loss: 0.2517 | accuracy: 91.4%:  76%|███████▌  | 71/94 [00:10<00:03,  6.88it/s]
12/20 epoch | loss: 0.2850 | accuracy: 91.0%:  76%|███████▌  | 71/94 [00:10<00:03,  6.88it/s]
12/20 epoch | loss: 0.2850 | accuracy: 91.0%:  77%|███████▋  | 72/94 [00:10<00:03,  6.89it/s]
12/20 epoch | loss: 0.2615 | accuracy: 91.1%:  77%|███████▋  | 72/94 [00:10<00:03,  6.89it/s]
12/20 epoch | loss: 0.2615 | accuracy: 91.1%:  78%|███████▊  | 73/94 [00:10<00:03,  7.00it/s]
12/20 epoch | loss: 0.2509 | accuracy: 91.6%:  78%|███████▊  | 73/94 [00:10<00:03,  7.00it/s]
12/20 epoch | loss: 0.2509 | accuracy: 91.6%:  79%|███████▊  | 74/94 [00:10<00:02,  6.93it/s]
12/20 epoch | loss: 0.2371 | accuracy: 91.9%:  79%|███████▊  | 74/94 [00:10<00:02,  6.93it/s]
12/20 epoch | loss: 0.2371 | accuracy: 91.9%:  80%|███████▉  | 75/94 [00:10<00:02,  6.80it/s]
12/20 epoch | loss: 0.2653 | accuracy: 91.3%:  80%|███████▉  | 75/94 [00:11<00:02,  6.80it/s]
12/20 epoch | loss: 0.2653 | accuracy: 91.3%:  81%|████████  | 76/94 [00:11<00:02,  6.95it/s]
12/20 epoch | loss: 0.2759 | accuracy: 90.3%:  81%|████████  | 76/94 [00:11<00:02,  6.95it/s]
12/20 epoch | loss: 0.2759 | accuracy: 90.3%:  82%|████████▏ | 77/94 [00:11<00:02,  6.91it/s]
12/20 epoch | loss: 0.2061 | accuracy: 93.5%:  82%|████████▏ | 77/94 [00:11<00:02,  6.91it/s]
12/20 epoch | loss: 0.2061 | accuracy: 93.5%:  83%|████████▎ | 78/94 [00:11<00:02,  7.01it/s]
12/20 epoch | loss: 0.2198 | accuracy: 93.0%:  83%|████████▎ | 78/94 [00:11<00:02,  7.01it/s]
12/20 epoch | loss: 0.2198 | accuracy: 93.0%:  84%|████████▍ | 79/94 [00:11<00:02,  6.95it/s]
12/20 epoch | loss: 0.2695 | accuracy: 90.7%:  84%|████████▍ | 79/94 [00:11<00:02,  6.95it/s]
12/20 epoch | loss: 0.2695 | accuracy: 90.7%:  85%|████████▌ | 80/94 [00:11<00:02,  6.99it/s]
12/20 epoch | loss: 0.2547 | accuracy: 92.6%:  85%|████████▌ | 80/94 [00:11<00:02,  6.99it/s]
12/20 epoch | loss: 0.2547 | accuracy: 92.6%:  86%|████████▌ | 81/94 [00:11<00:01,  7.02it/s]
12/20 epoch | loss: 0.2479 | accuracy: 92.0%:  86%|████████▌ | 81/94 [00:11<00:01,  7.02it/s]
12/20 epoch | loss: 0.2479 | accuracy: 92.0%:  87%|████████▋ | 82/94 [00:11<00:01,  7.01it/s]
12/20 epoch | loss: 0.2969 | accuracy: 89.6%:  87%|████████▋ | 82/94 [00:12<00:01,  7.01it/s]
12/20 epoch | loss: 0.2969 | accuracy: 89.6%:  88%|████████▊ | 83/94 [00:12<00:01,  6.96it/s]
12/20 epoch | loss: 0.2418 | accuracy: 92.1%:  88%|████████▊ | 83/94 [00:12<00:01,  6.96it/s]
12/20 epoch | loss: 0.2418 | accuracy: 92.1%:  89%|████████▉ | 84/94 [00:12<00:01,  6.99it/s]
12/20 epoch | loss: 0.3208 | accuracy: 90.1%:  89%|████████▉ | 84/94 [00:12<00:01,  6.99it/s]
12/20 epoch | loss: 0.3208 | accuracy: 90.1%:  90%|█████████ | 85/94 [00:12<00:01,  6.98it/s]
12/20 epoch | loss: 0.2267 | accuracy: 92.5%:  90%|█████████ | 85/94 [00:12<00:01,  6.98it/s]
12/20 epoch | loss: 0.2267 | accuracy: 92.5%:  91%|█████████▏| 86/94 [00:12<00:01,  6.95it/s]
12/20 epoch | loss: 0.2381 | accuracy: 91.4%:  91%|█████████▏| 86/94 [00:12<00:01,  6.95it/s]
12/20 epoch | loss: 0.2381 | accuracy: 91.4%:  93%|█████████▎| 87/94 [00:12<00:01,  6.98it/s]
12/20 epoch | loss: 0.2125 | accuracy: 93.3%:  93%|█████████▎| 87/94 [00:12<00:01,  6.98it/s]
12/20 epoch | loss: 0.2125 | accuracy: 93.3%:  94%|█████████▎| 88/94 [00:12<00:00,  7.01it/s]
12/20 epoch | loss: 0.2786 | accuracy: 92.0%:  94%|█████████▎| 88/94 [00:12<00:00,  7.01it/s]
12/20 epoch | loss: 0.2786 | accuracy: 92.0%:  95%|█████████▍| 89/94 [00:13<00:00,  6.75it/s]
12/20 epoch | loss: 0.3131 | accuracy: 89.8%:  95%|█████████▍| 89/94 [00:13<00:00,  6.75it/s]
12/20 epoch | loss: 0.3131 | accuracy: 89.8%:  96%|█████████▌| 90/94 [00:13<00:00,  6.89it/s]
12/20 epoch | loss: 0.3380 | accuracy: 90.1%:  96%|█████████▌| 90/94 [00:13<00:00,  6.89it/s]
12/20 epoch | loss: 0.3380 | accuracy: 90.1%:  97%|█████████▋| 91/94 [00:13<00:00,  6.86it/s]
12/20 epoch | loss: 0.2698 | accuracy: 91.2%:  97%|█████████▋| 91/94 [00:13<00:00,  6.86it/s]
12/20 epoch | loss: 0.2698 | accuracy: 91.2%:  98%|█████████▊| 92/94 [00:13<00:00,  6.95it/s]
12/20 epoch | loss: 0.2291 | accuracy: 92.6%:  98%|█████████▊| 92/94 [00:13<00:00,  6.95it/s]
12/20 epoch | loss: 0.2291 | accuracy: 92.6%:  99%|█████████▉| 93/94 [00:13<00:00,  6.96it/s]
12/20 epoch | loss: 0.2641 | accuracy: 90.5%:  99%|█████████▉| 93/94 [00:13<00:00,  6.96it/s]
12/20 epoch | loss: 0.2641 | accuracy: 90.5%: 100%|██████████| 94/94 [00:13<00:00,  6.97it/s]
12/20 epoch | loss: 0.2641 | accuracy: 90.5%: 100%|██████████| 94/94 [00:13<00:00,  6.85it/s]
train loss: 0.2726 | train acc: 91.0% | val loss: 0.2743 | val acc: 91.1% | val mIoU: 80.4%
saving checkpoint to checkpoints/segmentation/05-07_12-23-26/Segmentation_ckpt_epoch11_metric80.41.ckpt

  0%|          | 0/94 [00:00<?, ?it/s]
13/20 epoch | loss: 0.1856 | accuracy: 93.8%:   0%|          | 0/94 [00:00<?, ?it/s]
13/20 epoch | loss: 0.1856 | accuracy: 93.8%:   1%|          | 1/94 [00:00<00:13,  7.04it/s]
13/20 epoch | loss: 0.2272 | accuracy: 92.2%:   1%|          | 1/94 [00:00<00:13,  7.04it/s]
13/20 epoch | loss: 0.2272 | accuracy: 92.2%:   2%|▏         | 2/94 [00:00<00:12,  7.14it/s]
13/20 epoch | loss: 0.2219 | accuracy: 92.8%:   2%|▏         | 2/94 [00:00<00:12,  7.14it/s]
13/20 epoch | loss: 0.2219 | accuracy: 92.8%:   3%|▎         | 3/94 [00:00<00:12,  7.16it/s]
13/20 epoch | loss: 0.3127 | accuracy: 89.8%:   3%|▎         | 3/94 [00:00<00:12,  7.16it/s]
13/20 epoch | loss: 0.3127 | accuracy: 89.8%:   4%|▍         | 4/94 [00:00<00:12,  7.09it/s]
13/20 epoch | loss: 0.2661 | accuracy: 90.9%:   4%|▍         | 4/94 [00:00<00:12,  7.09it/s]
13/20 epoch | loss: 0.2661 | accuracy: 90.9%:   5%|▌         | 5/94 [00:00<00:12,  7.09it/s]
13/20 epoch | loss: 0.3274 | accuracy: 90.0%:   5%|▌         | 5/94 [00:00<00:12,  7.09it/s]
13/20 epoch | loss: 0.3274 | accuracy: 90.0%:   6%|▋         | 6/94 [00:00<00:12,  7.11it/s]
13/20 epoch | loss: 0.2994 | accuracy: 91.1%:   6%|▋         | 6/94 [00:00<00:12,  7.11it/s]
13/20 epoch | loss: 0.2994 | accuracy: 91.1%:   7%|▋         | 7/94 [00:00<00:12,  7.01it/s]
13/20 epoch | loss: 0.2164 | accuracy: 92.0%:   7%|▋         | 7/94 [00:01<00:12,  7.01it/s]
13/20 epoch | loss: 0.2164 | accuracy: 92.0%:   9%|▊         | 8/94 [00:01<00:12,  6.96it/s]
13/20 epoch | loss: 0.2418 | accuracy: 91.6%:   9%|▊         | 8/94 [00:01<00:12,  6.96it/s]
13/20 epoch | loss: 0.2418 | accuracy: 91.6%:  10%|▉         | 9/94 [00:01<00:12,  7.03it/s]
13/20 epoch | loss: 0.2691 | accuracy: 90.2%:  10%|▉         | 9/94 [00:01<00:12,  7.03it/s]
13/20 epoch | loss: 0.2691 | accuracy: 90.2%:  11%|█         | 10/94 [00:01<00:11,  7.15it/s]
13/20 epoch | loss: 0.2405 | accuracy: 91.5%:  11%|█         | 10/94 [00:01<00:11,  7.15it/s]
13/20 epoch | loss: 0.2405 | accuracy: 91.5%:  12%|█▏        | 11/94 [00:01<00:12,  6.88it/s]
13/20 epoch | loss: 0.2415 | accuracy: 91.0%:  12%|█▏        | 11/94 [00:01<00:12,  6.88it/s]
13/20 epoch | loss: 0.2415 | accuracy: 91.0%:  13%|█▎        | 12/94 [00:01<00:12,  6.79it/s]
13/20 epoch | loss: 0.2678 | accuracy: 91.0%:  13%|█▎        | 12/94 [00:01<00:12,  6.79it/s]
13/20 epoch | loss: 0.2678 | accuracy: 91.0%:  14%|█▍        | 13/94 [00:01<00:11,  6.89it/s]
13/20 epoch | loss: 0.2880 | accuracy: 89.9%:  14%|█▍        | 13/94 [00:01<00:11,  6.89it/s]
13/20 epoch | loss: 0.2880 | accuracy: 89.9%:  15%|█▍        | 14/94 [00:02<00:11,  6.95it/s]
13/20 epoch | loss: 0.2459 | accuracy: 92.5%:  15%|█▍        | 14/94 [00:02<00:11,  6.95it/s]
13/20 epoch | loss: 0.2459 | accuracy: 92.5%:  16%|█▌        | 15/94 [00:02<00:11,  7.03it/s]
13/20 epoch | loss: 0.2786 | accuracy: 91.4%:  16%|█▌        | 15/94 [00:02<00:11,  7.03it/s]
13/20 epoch | loss: 0.2786 | accuracy: 91.4%:  17%|█▋        | 16/94 [00:02<00:11,  7.03it/s]
13/20 epoch | loss: 0.2990 | accuracy: 90.0%:  17%|█▋        | 16/94 [00:02<00:11,  7.03it/s]
13/20 epoch | loss: 0.2990 | accuracy: 90.0%:  18%|█▊        | 17/94 [00:02<00:10,  7.09it/s]
13/20 epoch | loss: 0.3668 | accuracy: 86.8%:  18%|█▊        | 17/94 [00:02<00:10,  7.09it/s]
13/20 epoch | loss: 0.3668 | accuracy: 86.8%:  19%|█▉        | 18/94 [00:02<00:10,  7.01it/s]
13/20 epoch | loss: 0.3671 | accuracy: 88.8%:  19%|█▉        | 18/94 [00:02<00:10,  7.01it/s]
13/20 epoch | loss: 0.3671 | accuracy: 88.8%:  20%|██        | 19/94 [00:02<00:10,  7.08it/s]
13/20 epoch | loss: 0.3062 | accuracy: 89.0%:  20%|██        | 19/94 [00:03<00:10,  7.08it/s]
13/20 epoch | loss: 0.3062 | accuracy: 89.0%:  21%|██▏       | 20/94 [00:03<00:14,  4.96it/s]
13/20 epoch | loss: 0.2061 | accuracy: 93.0%:  21%|██▏       | 20/94 [00:03<00:14,  4.96it/s]
13/20 epoch | loss: 0.2061 | accuracy: 93.0%:  22%|██▏       | 21/94 [00:03<00:13,  5.42it/s]
13/20 epoch | loss: 0.2381 | accuracy: 91.9%:  22%|██▏       | 21/94 [00:03<00:13,  5.42it/s]
13/20 epoch | loss: 0.2381 | accuracy: 91.9%:  23%|██▎       | 22/94 [00:03<00:12,  5.86it/s]
13/20 epoch | loss: 0.2959 | accuracy: 89.5%:  23%|██▎       | 22/94 [00:03<00:12,  5.86it/s]
13/20 epoch | loss: 0.2959 | accuracy: 89.5%:  24%|██▍       | 23/94 [00:03<00:11,  6.13it/s]
13/20 epoch | loss: 0.2564 | accuracy: 91.2%:  24%|██▍       | 23/94 [00:03<00:11,  6.13it/s]
13/20 epoch | loss: 0.2564 | accuracy: 91.2%:  26%|██▌       | 24/94 [00:03<00:10,  6.37it/s]
13/20 epoch | loss: 0.2187 | accuracy: 92.9%:  26%|██▌       | 24/94 [00:03<00:10,  6.37it/s]
13/20 epoch | loss: 0.2187 | accuracy: 92.9%:  27%|██▋       | 25/94 [00:03<00:10,  6.53it/s]
13/20 epoch | loss: 0.3109 | accuracy: 90.4%:  27%|██▋       | 25/94 [00:03<00:10,  6.53it/s]
13/20 epoch | loss: 0.3109 | accuracy: 90.4%:  28%|██▊       | 26/94 [00:03<00:10,  6.39it/s]
13/20 epoch | loss: 0.2382 | accuracy: 92.2%:  28%|██▊       | 26/94 [00:04<00:10,  6.39it/s]
13/20 epoch | loss: 0.2382 | accuracy: 92.2%:  29%|██▊       | 27/94 [00:04<00:10,  6.51it/s]
13/20 epoch | loss: 0.2571 | accuracy: 91.7%:  29%|██▊       | 27/94 [00:04<00:10,  6.51it/s]
13/20 epoch | loss: 0.2571 | accuracy: 91.7%:  30%|██▉       | 28/94 [00:04<00:09,  6.63it/s]
13/20 epoch | loss: 0.2835 | accuracy: 91.0%:  30%|██▉       | 28/94 [00:04<00:09,  6.63it/s]
13/20 epoch | loss: 0.2835 | accuracy: 91.0%:  31%|███       | 29/94 [00:04<00:09,  6.77it/s]
13/20 epoch | loss: 0.2843 | accuracy: 90.9%:  31%|███       | 29/94 [00:04<00:09,  6.77it/s]
13/20 epoch | loss: 0.2843 | accuracy: 90.9%:  32%|███▏      | 30/94 [00:04<00:09,  6.87it/s]
13/20 epoch | loss: 0.2605 | accuracy: 90.6%:  32%|███▏      | 30/94 [00:04<00:09,  6.87it/s]
13/20 epoch | loss: 0.2605 | accuracy: 90.6%:  33%|███▎      | 31/94 [00:04<00:09,  6.95it/s]
13/20 epoch | loss: 0.2828 | accuracy: 90.4%:  33%|███▎      | 31/94 [00:04<00:09,  6.95it/s]
13/20 epoch | loss: 0.2828 | accuracy: 90.4%:  34%|███▍      | 32/94 [00:04<00:08,  7.01it/s]
13/20 epoch | loss: 0.2735 | accuracy: 91.5%:  34%|███▍      | 32/94 [00:04<00:08,  7.01it/s]
13/20 epoch | loss: 0.2735 | accuracy: 91.5%:  35%|███▌      | 33/94 [00:04<00:08,  6.97it/s]
13/20 epoch | loss: 0.3604 | accuracy: 88.4%:  35%|███▌      | 33/94 [00:05<00:08,  6.97it/s]
13/20 epoch | loss: 0.3604 | accuracy: 88.4%:  36%|███▌      | 34/94 [00:05<00:08,  6.92it/s]
13/20 epoch | loss: 0.4224 | accuracy: 88.4%:  36%|███▌      | 34/94 [00:05<00:08,  6.92it/s]
13/20 epoch | loss: 0.4224 | accuracy: 88.4%:  37%|███▋      | 35/94 [00:05<00:08,  6.93it/s]
13/20 epoch | loss: 0.2635 | accuracy: 90.9%:  37%|███▋      | 35/94 [00:05<00:08,  6.93it/s]
13/20 epoch | loss: 0.2635 | accuracy: 90.9%:  38%|███▊      | 36/94 [00:05<00:08,  6.54it/s]
13/20 epoch | loss: 0.3102 | accuracy: 89.7%:  38%|███▊      | 36/94 [00:05<00:08,  6.54it/s]
13/20 epoch | loss: 0.3102 | accuracy: 89.7%:  39%|███▉      | 37/94 [00:05<00:08,  6.37it/s]
13/20 epoch | loss: 0.2692 | accuracy: 91.3%:  39%|███▉      | 37/94 [00:05<00:08,  6.37it/s]
13/20 epoch | loss: 0.2692 | accuracy: 91.3%:  40%|████      | 38/94 [00:05<00:08,  6.53it/s]
13/20 epoch | loss: 0.2730 | accuracy: 90.8%:  40%|████      | 38/94 [00:05<00:08,  6.53it/s]
13/20 epoch | loss: 0.2730 | accuracy: 90.8%:  41%|████▏     | 39/94 [00:05<00:08,  6.55it/s]
13/20 epoch | loss: 0.3808 | accuracy: 88.4%:  41%|████▏     | 39/94 [00:06<00:08,  6.55it/s]
13/20 epoch | loss: 0.3808 | accuracy: 88.4%:  43%|████▎     | 40/94 [00:06<00:08,  6.28it/s]
13/20 epoch | loss: 0.2496 | accuracy: 91.3%:  43%|████▎     | 40/94 [00:06<00:08,  6.28it/s]
13/20 epoch | loss: 0.2496 | accuracy: 91.3%:  44%|████▎     | 41/94 [00:06<00:08,  6.52it/s]
13/20 epoch | loss: 0.2867 | accuracy: 90.5%:  44%|████▎     | 41/94 [00:06<00:08,  6.52it/s]
13/20 epoch | loss: 0.2867 | accuracy: 90.5%:  45%|████▍     | 42/94 [00:06<00:07,  6.66it/s]
13/20 epoch | loss: 0.3019 | accuracy: 89.4%:  45%|████▍     | 42/94 [00:06<00:07,  6.66it/s]
13/20 epoch | loss: 0.3019 | accuracy: 89.4%:  46%|████▌     | 43/94 [00:06<00:07,  6.81it/s]
13/20 epoch | loss: 0.3322 | accuracy: 89.5%:  46%|████▌     | 43/94 [00:06<00:07,  6.81it/s]
13/20 epoch | loss: 0.3322 | accuracy: 89.5%:  47%|████▋     | 44/94 [00:06<00:07,  6.68it/s]
13/20 epoch | loss: 0.2707 | accuracy: 90.9%:  47%|████▋     | 44/94 [00:06<00:07,  6.68it/s]
13/20 epoch | loss: 0.2707 | accuracy: 90.9%:  48%|████▊     | 45/94 [00:06<00:07,  6.81it/s]
13/20 epoch | loss: 0.3282 | accuracy: 90.2%:  48%|████▊     | 45/94 [00:06<00:07,  6.81it/s]
13/20 epoch | loss: 0.3282 | accuracy: 90.2%:  49%|████▉     | 46/94 [00:06<00:06,  6.90it/s]
13/20 epoch | loss: 0.2829 | accuracy: 90.8%:  49%|████▉     | 46/94 [00:07<00:06,  6.90it/s]
13/20 epoch | loss: 0.2829 | accuracy: 90.8%:  50%|█████     | 47/94 [00:07<00:06,  6.86it/s]
13/20 epoch | loss: 0.2250 | accuracy: 92.4%:  50%|█████     | 47/94 [00:07<00:06,  6.86it/s]
13/20 epoch | loss: 0.2250 | accuracy: 92.4%:  51%|█████     | 48/94 [00:07<00:06,  6.89it/s]
13/20 epoch | loss: 0.2769 | accuracy: 91.2%:  51%|█████     | 48/94 [00:07<00:06,  6.89it/s]
13/20 epoch | loss: 0.2769 | accuracy: 91.2%:  52%|█████▏    | 49/94 [00:07<00:06,  6.90it/s]
13/20 epoch | loss: 0.2893 | accuracy: 90.8%:  52%|█████▏    | 49/94 [00:07<00:06,  6.90it/s]
13/20 epoch | loss: 0.2893 | accuracy: 90.8%:  53%|█████▎    | 50/94 [00:07<00:06,  6.91it/s]
13/20 epoch | loss: 0.2494 | accuracy: 91.5%:  53%|█████▎    | 50/94 [00:07<00:06,  6.91it/s]
13/20 epoch | loss: 0.2494 | accuracy: 91.5%:  54%|█████▍    | 51/94 [00:07<00:06,  6.87it/s]
13/20 epoch | loss: 0.2342 | accuracy: 91.8%:  54%|█████▍    | 51/94 [00:07<00:06,  6.87it/s]
13/20 epoch | loss: 0.2342 | accuracy: 91.8%:  55%|█████▌    | 52/94 [00:07<00:06,  6.93it/s]
13/20 epoch | loss: 0.3030 | accuracy: 91.0%:  55%|█████▌    | 52/94 [00:07<00:06,  6.93it/s]
13/20 epoch | loss: 0.3030 | accuracy: 91.0%:  56%|█████▋    | 53/94 [00:07<00:05,  6.97it/s]
13/20 epoch | loss: 0.2428 | accuracy: 91.6%:  56%|█████▋    | 53/94 [00:08<00:05,  6.97it/s]
13/20 epoch | loss: 0.2428 | accuracy: 91.6%:  57%|█████▋    | 54/94 [00:08<00:05,  6.92it/s]
13/20 epoch | loss: 0.2785 | accuracy: 91.6%:  57%|█████▋    | 54/94 [00:08<00:05,  6.92it/s]
13/20 epoch | loss: 0.2785 | accuracy: 91.6%:  59%|█████▊    | 55/94 [00:08<00:05,  6.74it/s]
13/20 epoch | loss: 0.3103 | accuracy: 90.7%:  59%|█████▊    | 55/94 [00:08<00:05,  6.74it/s]
13/20 epoch | loss: 0.3103 | accuracy: 90.7%:  60%|█████▉    | 56/94 [00:08<00:05,  6.84it/s]
13/20 epoch | loss: 0.2948 | accuracy: 89.9%:  60%|█████▉    | 56/94 [00:08<00:05,  6.84it/s]
13/20 epoch | loss: 0.2948 | accuracy: 89.9%:  61%|██████    | 57/94 [00:08<00:05,  6.95it/s]
13/20 epoch | loss: 0.3136 | accuracy: 90.2%:  61%|██████    | 57/94 [00:08<00:05,  6.95it/s]
13/20 epoch | loss: 0.3136 | accuracy: 90.2%:  62%|██████▏   | 58/94 [00:08<00:05,  7.04it/s]
13/20 epoch | loss: 0.2355 | accuracy: 92.4%:  62%|██████▏   | 58/94 [00:08<00:05,  7.04it/s]
13/20 epoch | loss: 0.2355 | accuracy: 92.4%:  63%|██████▎   | 59/94 [00:08<00:04,  7.05it/s]
13/20 epoch | loss: 0.2545 | accuracy: 90.9%:  63%|██████▎   | 59/94 [00:08<00:04,  7.05it/s]
13/20 epoch | loss: 0.2545 | accuracy: 90.9%:  64%|██████▍   | 60/94 [00:08<00:04,  6.93it/s]
13/20 epoch | loss: 0.2271 | accuracy: 92.1%:  64%|██████▍   | 60/94 [00:09<00:04,  6.93it/s]
13/20 epoch | loss: 0.2271 | accuracy: 92.1%:  65%|██████▍   | 61/94 [00:09<00:04,  6.92it/s]
13/20 epoch | loss: 0.2723 | accuracy: 91.4%:  65%|██████▍   | 61/94 [00:09<00:04,  6.92it/s]
13/20 epoch | loss: 0.2723 | accuracy: 91.4%:  66%|██████▌   | 62/94 [00:09<00:04,  6.96it/s]
13/20 epoch | loss: 0.2625 | accuracy: 91.2%:  66%|██████▌   | 62/94 [00:09<00:04,  6.96it/s]
13/20 epoch | loss: 0.2625 | accuracy: 91.2%:  67%|██████▋   | 63/94 [00:09<00:04,  6.55it/s]
13/20 epoch | loss: 0.2784 | accuracy: 90.5%:  67%|██████▋   | 63/94 [00:09<00:04,  6.55it/s]
13/20 epoch | loss: 0.2784 | accuracy: 90.5%:  68%|██████▊   | 64/94 [00:09<00:04,  6.54it/s]
13/20 epoch | loss: 0.2501 | accuracy: 91.5%:  68%|██████▊   | 64/94 [00:09<00:04,  6.54it/s]
13/20 epoch | loss: 0.2501 | accuracy: 91.5%:  69%|██████▉   | 65/94 [00:09<00:04,  6.72it/s]
13/20 epoch | loss: 0.2270 | accuracy: 92.5%:  69%|██████▉   | 65/94 [00:09<00:04,  6.72it/s]
13/20 epoch | loss: 0.2270 | accuracy: 92.5%:  70%|███████   | 66/94 [00:09<00:04,  6.82it/s]
13/20 epoch | loss: 0.3002 | accuracy: 89.7%:  70%|███████   | 66/94 [00:09<00:04,  6.82it/s]
13/20 epoch | loss: 0.3002 | accuracy: 89.7%:  71%|███████▏  | 67/94 [00:09<00:03,  6.88it/s]
13/20 epoch | loss: 0.2295 | accuracy: 92.1%:  71%|███████▏  | 67/94 [00:10<00:03,  6.88it/s]
13/20 epoch | loss: 0.2295 | accuracy: 92.1%:  72%|███████▏  | 68/94 [00:10<00:03,  6.94it/s]
13/20 epoch | loss: 0.2197 | accuracy: 92.5%:  72%|███████▏  | 68/94 [00:10<00:03,  6.94it/s]
13/20 epoch | loss: 0.2197 | accuracy: 92.5%:  73%|███████▎  | 69/94 [00:10<00:03,  6.60it/s]
13/20 epoch | loss: 0.2438 | accuracy: 91.9%:  73%|███████▎  | 69/94 [00:10<00:03,  6.60it/s]
13/20 epoch | loss: 0.2438 | accuracy: 91.9%:  74%|███████▍  | 70/94 [00:10<00:03,  6.75it/s]
13/20 epoch | loss: 0.2082 | accuracy: 92.6%:  74%|███████▍  | 70/94 [00:10<00:03,  6.75it/s]
13/20 epoch | loss: 0.2082 | accuracy: 92.6%:  76%|███████▌  | 71/94 [00:10<00:03,  6.88it/s]
13/20 epoch | loss: 0.2779 | accuracy: 90.9%:  76%|███████▌  | 71/94 [00:10<00:03,  6.88it/s]
13/20 epoch | loss: 0.2779 | accuracy: 90.9%:  77%|███████▋  | 72/94 [00:10<00:03,  6.94it/s]
13/20 epoch | loss: 0.2172 | accuracy: 92.1%:  77%|███████▋  | 72/94 [00:10<00:03,  6.94it/s]
13/20 epoch | loss: 0.2172 | accuracy: 92.1%:  78%|███████▊  | 73/94 [00:10<00:03,  6.86it/s]
13/20 epoch | loss: 0.2331 | accuracy: 92.0%:  78%|███████▊  | 73/94 [00:10<00:03,  6.86it/s]
13/20 epoch | loss: 0.2331 | accuracy: 92.0%:  79%|███████▊  | 74/94 [00:10<00:02,  7.01it/s]
13/20 epoch | loss: 0.3255 | accuracy: 89.5%:  79%|███████▊  | 74/94 [00:11<00:02,  7.01it/s]
13/20 epoch | loss: 0.3255 | accuracy: 89.5%:  80%|███████▉  | 75/94 [00:11<00:02,  7.04it/s]
13/20 epoch | loss: 0.3005 | accuracy: 91.1%:  80%|███████▉  | 75/94 [00:11<00:02,  7.04it/s]
13/20 epoch | loss: 0.3005 | accuracy: 91.1%:  81%|████████  | 76/94 [00:11<00:02,  7.05it/s]
13/20 epoch | loss: 0.4606 | accuracy: 86.8%:  81%|████████  | 76/94 [00:11<00:02,  7.05it/s]
13/20 epoch | loss: 0.4606 | accuracy: 86.8%:  82%|████████▏ | 77/94 [00:11<00:02,  7.07it/s]
13/20 epoch | loss: 0.2142 | accuracy: 93.2%:  82%|████████▏ | 77/94 [00:11<00:02,  7.07it/s]
13/20 epoch | loss: 0.2142 | accuracy: 93.2%:  83%|████████▎ | 78/94 [00:11<00:02,  6.87it/s]
13/20 epoch | loss: 0.2618 | accuracy: 91.1%:  83%|████████▎ | 78/94 [00:11<00:02,  6.87it/s]
13/20 epoch | loss: 0.2618 | accuracy: 91.1%:  84%|████████▍ | 79/94 [00:11<00:02,  6.88it/s]
13/20 epoch | loss: 0.2220 | accuracy: 92.4%:  84%|████████▍ | 79/94 [00:11<00:02,  6.88it/s]
13/20 epoch | loss: 0.2220 | accuracy: 92.4%:  85%|████████▌ | 80/94 [00:11<00:02,  6.80it/s]
13/20 epoch | loss: 0.3506 | accuracy: 88.7%:  85%|████████▌ | 80/94 [00:11<00:02,  6.80it/s]
13/20 epoch | loss: 0.3506 | accuracy: 88.7%:  86%|████████▌ | 81/94 [00:11<00:01,  6.94it/s]
13/20 epoch | loss: 0.2445 | accuracy: 91.8%:  86%|████████▌ | 81/94 [00:12<00:01,  6.94it/s]
13/20 epoch | loss: 0.2445 | accuracy: 91.8%:  87%|████████▋ | 82/94 [00:12<00:01,  7.09it/s]
13/20 epoch | loss: 0.2449 | accuracy: 91.4%:  87%|████████▋ | 82/94 [00:12<00:01,  7.09it/s]
13/20 epoch | loss: 0.2449 | accuracy: 91.4%:  88%|████████▊ | 83/94 [00:12<00:01,  7.15it/s]
13/20 epoch | loss: 0.2424 | accuracy: 91.7%:  88%|████████▊ | 83/94 [00:12<00:01,  7.15it/s]
13/20 epoch | loss: 0.2424 | accuracy: 91.7%:  89%|████████▉ | 84/94 [00:12<00:01,  6.59it/s]
13/20 epoch | loss: 0.2722 | accuracy: 90.4%:  89%|████████▉ | 84/94 [00:12<00:01,  6.59it/s]
13/20 epoch | loss: 0.2722 | accuracy: 90.4%:  90%|█████████ | 85/94 [00:12<00:01,  6.36it/s]
13/20 epoch | loss: 0.2627 | accuracy: 91.3%:  90%|█████████ | 85/94 [00:12<00:01,  6.36it/s]
13/20 epoch | loss: 0.2627 | accuracy: 91.3%:  91%|█████████▏| 86/94 [00:12<00:01,  6.29it/s]
13/20 epoch | loss: 0.2520 | accuracy: 91.4%:  91%|█████████▏| 86/94 [00:12<00:01,  6.29it/s]
13/20 epoch | loss: 0.2520 | accuracy: 91.4%:  93%|█████████▎| 87/94 [00:12<00:01,  6.50it/s]
13/20 epoch | loss: 0.2521 | accuracy: 90.9%:  93%|█████████▎| 87/94 [00:13<00:01,  6.50it/s]
13/20 epoch | loss: 0.2521 | accuracy: 90.9%:  94%|█████████▎| 88/94 [00:13<00:00,  6.51it/s]
13/20 epoch | loss: 0.2418 | accuracy: 91.8%:  94%|█████████▎| 88/94 [00:13<00:00,  6.51it/s]
13/20 epoch | loss: 0.2418 | accuracy: 91.8%:  95%|█████████▍| 89/94 [00:13<00:00,  6.63it/s]
13/20 epoch | loss: 0.2828 | accuracy: 91.7%:  95%|█████████▍| 89/94 [00:13<00:00,  6.63it/s]
13/20 epoch | loss: 0.2828 | accuracy: 91.7%:  96%|█████████▌| 90/94 [00:13<00:00,  6.69it/s]
13/20 epoch | loss: 0.2365 | accuracy: 92.0%:  96%|█████████▌| 90/94 [00:13<00:00,  6.69it/s]
13/20 epoch | loss: 0.2365 | accuracy: 92.0%:  97%|█████████▋| 91/94 [00:13<00:00,  6.75it/s]
13/20 epoch | loss: 0.2516 | accuracy: 91.5%:  97%|█████████▋| 91/94 [00:13<00:00,  6.75it/s]
13/20 epoch | loss: 0.2516 | accuracy: 91.5%:  98%|█████████▊| 92/94 [00:13<00:00,  6.84it/s]
13/20 epoch | loss: 0.2320 | accuracy: 92.0%:  98%|█████████▊| 92/94 [00:13<00:00,  6.84it/s]
13/20 epoch | loss: 0.2320 | accuracy: 92.0%:  99%|█████████▉| 93/94 [00:13<00:00,  6.97it/s]
13/20 epoch | loss: 0.2366 | accuracy: 91.7%:  99%|█████████▉| 93/94 [00:13<00:00,  6.97it/s]
13/20 epoch | loss: 0.2366 | accuracy: 91.7%: 100%|██████████| 94/94 [00:13<00:00,  7.07it/s]
13/20 epoch | loss: 0.2366 | accuracy: 91.7%: 100%|██████████| 94/94 [00:13<00:00,  6.76it/s]
train loss: 0.2718 | train acc: 91.0% | val loss: 0.3251 | val acc: 89.8% | val mIoU: 80.2%

  0%|          | 0/94 [00:00<?, ?it/s]
14/20 epoch | loss: 0.3107 | accuracy: 89.9%:   0%|          | 0/94 [00:00<?, ?it/s]
14/20 epoch | loss: 0.3107 | accuracy: 89.9%:   1%|          | 1/94 [00:00<00:13,  6.92it/s]
14/20 epoch | loss: 0.3445 | accuracy: 89.3%:   1%|          | 1/94 [00:00<00:13,  6.92it/s]
14/20 epoch | loss: 0.3445 | accuracy: 89.3%:   2%|▏         | 2/94 [00:00<00:13,  6.92it/s]
14/20 epoch | loss: 0.2272 | accuracy: 92.4%:   2%|▏         | 2/94 [00:00<00:13,  6.92it/s]
14/20 epoch | loss: 0.2272 | accuracy: 92.4%:   3%|▎         | 3/94 [00:00<00:13,  6.94it/s]
14/20 epoch | loss: 0.2727 | accuracy: 90.9%:   3%|▎         | 3/94 [00:00<00:13,  6.94it/s]
14/20 epoch | loss: 0.2727 | accuracy: 90.9%:   4%|▍         | 4/94 [00:00<00:12,  6.98it/s]
14/20 epoch | loss: 0.2433 | accuracy: 91.9%:   4%|▍         | 4/94 [00:00<00:12,  6.98it/s]
14/20 epoch | loss: 0.2433 | accuracy: 91.9%:   5%|▌         | 5/94 [00:00<00:12,  6.99it/s]
14/20 epoch | loss: 0.2777 | accuracy: 90.6%:   5%|▌         | 5/94 [00:00<00:12,  6.99it/s]
14/20 epoch | loss: 0.2777 | accuracy: 90.6%:   6%|▋         | 6/94 [00:00<00:12,  7.01it/s]
14/20 epoch | loss: 0.2293 | accuracy: 92.6%:   6%|▋         | 6/94 [00:01<00:12,  7.01it/s]
14/20 epoch | loss: 0.2293 | accuracy: 92.6%:   7%|▋         | 7/94 [00:01<00:12,  6.99it/s]
14/20 epoch | loss: 0.2428 | accuracy: 91.5%:   7%|▋         | 7/94 [00:01<00:12,  6.99it/s]
14/20 epoch | loss: 0.2428 | accuracy: 91.5%:   9%|▊         | 8/94 [00:01<00:12,  6.96it/s]
14/20 epoch | loss: 0.2431 | accuracy: 91.5%:   9%|▊         | 8/94 [00:01<00:12,  6.96it/s]
14/20 epoch | loss: 0.2431 | accuracy: 91.5%:  10%|▉         | 9/94 [00:01<00:12,  6.63it/s]
14/20 epoch | loss: 0.2836 | accuracy: 90.5%:  10%|▉         | 9/94 [00:01<00:12,  6.63it/s]
14/20 epoch | loss: 0.2836 | accuracy: 90.5%:  11%|█         | 10/94 [00:01<00:12,  6.82it/s]
14/20 epoch | loss: 0.1961 | accuracy: 93.3%:  11%|█         | 10/94 [00:01<00:12,  6.82it/s]
14/20 epoch | loss: 0.1961 | accuracy: 93.3%:  12%|█▏        | 11/94 [00:01<00:11,  6.92it/s]
14/20 epoch | loss: 0.2823 | accuracy: 91.0%:  12%|█▏        | 11/94 [00:01<00:11,  6.92it/s]
14/20 epoch | loss: 0.2823 | accuracy: 91.0%:  13%|█▎        | 12/94 [00:01<00:11,  6.90it/s]
14/20 epoch | loss: 0.2994 | accuracy: 89.6%:  13%|█▎        | 12/94 [00:01<00:11,  6.90it/s]
14/20 epoch | loss: 0.2994 | accuracy: 89.6%:  14%|█▍        | 13/94 [00:01<00:11,  7.01it/s]
14/20 epoch | loss: 0.2534 | accuracy: 91.6%:  14%|█▍        | 13/94 [00:02<00:11,  7.01it/s]
14/20 epoch | loss: 0.2534 | accuracy: 91.6%:  15%|█▍        | 14/94 [00:02<00:11,  7.01it/s]
14/20 epoch | loss: 0.2190 | accuracy: 92.7%:  15%|█▍        | 14/94 [00:02<00:11,  7.01it/s]
14/20 epoch | loss: 0.2190 | accuracy: 92.7%:  16%|█▌        | 15/94 [00:02<00:11,  7.03it/s]
14/20 epoch | loss: 0.2522 | accuracy: 91.8%:  16%|█▌        | 15/94 [00:02<00:11,  7.03it/s]
14/20 epoch | loss: 0.2522 | accuracy: 91.8%:  17%|█▋        | 16/94 [00:02<00:11,  7.07it/s]
14/20 epoch | loss: 0.2873 | accuracy: 91.2%:  17%|█▋        | 16/94 [00:02<00:11,  7.07it/s]
14/20 epoch | loss: 0.2873 | accuracy: 91.2%:  18%|█▊        | 17/94 [00:02<00:10,  7.03it/s]
14/20 epoch | loss: 0.2277 | accuracy: 92.0%:  18%|█▊        | 17/94 [00:02<00:10,  7.03it/s]
14/20 epoch | loss: 0.2277 | accuracy: 92.0%:  19%|█▉        | 18/94 [00:02<00:10,  7.06it/s]
14/20 epoch | loss: 0.2286 | accuracy: 92.2%:  19%|█▉        | 18/94 [00:02<00:10,  7.06it/s]
14/20 epoch | loss: 0.2286 | accuracy: 92.2%:  20%|██        | 19/94 [00:02<00:10,  7.01it/s]
14/20 epoch | loss: 0.2502 | accuracy: 92.1%:  20%|██        | 19/94 [00:02<00:10,  7.01it/s]
14/20 epoch | loss: 0.2502 | accuracy: 92.1%:  21%|██▏       | 20/94 [00:02<00:10,  7.01it/s]
14/20 epoch | loss: 0.2868 | accuracy: 90.7%:  21%|██▏       | 20/94 [00:03<00:10,  7.01it/s]
14/20 epoch | loss: 0.2868 | accuracy: 90.7%:  22%|██▏       | 21/94 [00:03<00:10,  7.03it/s]
14/20 epoch | loss: 0.2808 | accuracy: 91.2%:  22%|██▏       | 21/94 [00:03<00:10,  7.03it/s]
14/20 epoch | loss: 0.2808 | accuracy: 91.2%:  23%|██▎       | 22/94 [00:03<00:10,  6.98it/s]
14/20 epoch | loss: 0.3519 | accuracy: 88.4%:  23%|██▎       | 22/94 [00:03<00:10,  6.98it/s]
14/20 epoch | loss: 0.3519 | accuracy: 88.4%:  24%|██▍       | 23/94 [00:03<00:10,  6.91it/s]
14/20 epoch | loss: 0.2258 | accuracy: 91.9%:  24%|██▍       | 23/94 [00:03<00:10,  6.91it/s]
14/20 epoch | loss: 0.2258 | accuracy: 91.9%:  26%|██▌       | 24/94 [00:03<00:10,  6.67it/s]
14/20 epoch | loss: 0.2850 | accuracy: 89.5%:  26%|██▌       | 24/94 [00:03<00:10,  6.67it/s]
14/20 epoch | loss: 0.2850 | accuracy: 89.5%:  27%|██▋       | 25/94 [00:03<00:10,  6.87it/s]
14/20 epoch | loss: 0.1982 | accuracy: 93.2%:  27%|██▋       | 25/94 [00:03<00:10,  6.87it/s]
14/20 epoch | loss: 0.1982 | accuracy: 93.2%:  28%|██▊       | 26/94 [00:03<00:09,  6.88it/s]
14/20 epoch | loss: 0.2887 | accuracy: 90.0%:  28%|██▊       | 26/94 [00:03<00:09,  6.88it/s]
14/20 epoch | loss: 0.2887 | accuracy: 90.0%:  29%|██▊       | 27/94 [00:03<00:09,  6.94it/s]
14/20 epoch | loss: 0.2225 | accuracy: 91.7%:  29%|██▊       | 27/94 [00:04<00:09,  6.94it/s]
14/20 epoch | loss: 0.2225 | accuracy: 91.7%:  30%|██▉       | 28/94 [00:04<00:09,  6.92it/s]
14/20 epoch | loss: 0.2421 | accuracy: 91.7%:  30%|██▉       | 28/94 [00:04<00:09,  6.92it/s]
14/20 epoch | loss: 0.2421 | accuracy: 91.7%:  31%|███       | 29/94 [00:04<00:09,  6.87it/s]
14/20 epoch | loss: 0.2453 | accuracy: 91.3%:  31%|███       | 29/94 [00:04<00:09,  6.87it/s]
14/20 epoch | loss: 0.2453 | accuracy: 91.3%:  32%|███▏      | 30/94 [00:04<00:09,  6.89it/s]
14/20 epoch | loss: 0.2191 | accuracy: 92.5%:  32%|███▏      | 30/94 [00:04<00:09,  6.89it/s]
14/20 epoch | loss: 0.2191 | accuracy: 92.5%:  33%|███▎      | 31/94 [00:04<00:09,  6.96it/s]
14/20 epoch | loss: 0.2290 | accuracy: 92.5%:  33%|███▎      | 31/94 [00:04<00:09,  6.96it/s]
14/20 epoch | loss: 0.2290 | accuracy: 92.5%:  34%|███▍      | 32/94 [00:04<00:08,  6.99it/s]
14/20 epoch | loss: 0.2490 | accuracy: 91.8%:  34%|███▍      | 32/94 [00:04<00:08,  6.99it/s]
14/20 epoch | loss: 0.2490 | accuracy: 91.8%:  35%|███▌      | 33/94 [00:04<00:08,  6.96it/s]
14/20 epoch | loss: 0.2504 | accuracy: 91.3%:  35%|███▌      | 33/94 [00:04<00:08,  6.96it/s]
14/20 epoch | loss: 0.2504 | accuracy: 91.3%:  36%|███▌      | 34/94 [00:04<00:08,  6.93it/s]
14/20 epoch | loss: 0.2661 | accuracy: 91.5%:  36%|███▌      | 34/94 [00:05<00:08,  6.93it/s]
14/20 epoch | loss: 0.2661 | accuracy: 91.5%:  37%|███▋      | 35/94 [00:05<00:08,  6.98it/s]
14/20 epoch | loss: 0.2024 | accuracy: 92.4%:  37%|███▋      | 35/94 [00:05<00:08,  6.98it/s]
14/20 epoch | loss: 0.2024 | accuracy: 92.4%:  38%|███▊      | 36/94 [00:05<00:08,  6.88it/s]
14/20 epoch | loss: 0.2144 | accuracy: 92.5%:  38%|███▊      | 36/94 [00:05<00:08,  6.88it/s]
14/20 epoch | loss: 0.2144 | accuracy: 92.5%:  39%|███▉      | 37/94 [00:05<00:08,  6.73it/s]
14/20 epoch | loss: 0.2855 | accuracy: 90.6%:  39%|███▉      | 37/94 [00:05<00:08,  6.73it/s]
14/20 epoch | loss: 0.2855 | accuracy: 90.6%:  40%|████      | 38/94 [00:05<00:08,  6.37it/s]
14/20 epoch | loss: 0.1980 | accuracy: 93.3%:  40%|████      | 38/94 [00:05<00:08,  6.37it/s]
14/20 epoch | loss: 0.1980 | accuracy: 93.3%:  41%|████▏     | 39/94 [00:05<00:08,  6.21it/s]
14/20 epoch | loss: 0.2622 | accuracy: 90.8%:  41%|████▏     | 39/94 [00:05<00:08,  6.21it/s]
14/20 epoch | loss: 0.2622 | accuracy: 90.8%:  43%|████▎     | 40/94 [00:05<00:08,  6.44it/s]
14/20 epoch | loss: 0.2941 | accuracy: 91.6%:  43%|████▎     | 40/94 [00:05<00:08,  6.44it/s]
14/20 epoch | loss: 0.2941 | accuracy: 91.6%:  44%|████▎     | 41/94 [00:05<00:08,  6.59it/s]
14/20 epoch | loss: 0.2272 | accuracy: 92.3%:  44%|████▎     | 41/94 [00:06<00:08,  6.59it/s]
14/20 epoch | loss: 0.2272 | accuracy: 92.3%:  45%|████▍     | 42/94 [00:06<00:07,  6.74it/s]
14/20 epoch | loss: 0.2851 | accuracy: 90.7%:  45%|████▍     | 42/94 [00:06<00:07,  6.74it/s]
14/20 epoch | loss: 0.2851 | accuracy: 90.7%:  46%|████▌     | 43/94 [00:06<00:07,  6.80it/s]
14/20 epoch | loss: 0.2604 | accuracy: 91.4%:  46%|████▌     | 43/94 [00:06<00:07,  6.80it/s]
14/20 epoch | loss: 0.2604 | accuracy: 91.4%:  47%|████▋     | 44/94 [00:06<00:07,  6.81it/s]
14/20 epoch | loss: 0.2079 | accuracy: 92.5%:  47%|████▋     | 44/94 [00:06<00:07,  6.81it/s]
14/20 epoch | loss: 0.2079 | accuracy: 92.5%:  48%|████▊     | 45/94 [00:06<00:07,  6.75it/s]
14/20 epoch | loss: 0.3668 | accuracy: 88.8%:  48%|████▊     | 45/94 [00:06<00:07,  6.75it/s]
14/20 epoch | loss: 0.3668 | accuracy: 88.8%:  49%|████▉     | 46/94 [00:06<00:06,  6.86it/s]
14/20 epoch | loss: 0.2589 | accuracy: 90.7%:  49%|████▉     | 46/94 [00:06<00:06,  6.86it/s]
14/20 epoch | loss: 0.2589 | accuracy: 90.7%:  50%|█████     | 47/94 [00:06<00:06,  6.88it/s]
14/20 epoch | loss: 0.2266 | accuracy: 92.6%:  50%|█████     | 47/94 [00:06<00:06,  6.88it/s]
14/20 epoch | loss: 0.2266 | accuracy: 92.6%:  51%|█████     | 48/94 [00:06<00:06,  6.90it/s]
14/20 epoch | loss: 0.2031 | accuracy: 93.2%:  51%|█████     | 48/94 [00:07<00:06,  6.90it/s]
14/20 epoch | loss: 0.2031 | accuracy: 93.2%:  52%|█████▏    | 49/94 [00:07<00:06,  6.93it/s]
14/20 epoch | loss: 0.2157 | accuracy: 92.9%:  52%|█████▏    | 49/94 [00:07<00:06,  6.93it/s]
14/20 epoch | loss: 0.2157 | accuracy: 92.9%:  53%|█████▎    | 50/94 [00:07<00:06,  6.93it/s]
14/20 epoch | loss: 0.2298 | accuracy: 92.4%:  53%|█████▎    | 50/94 [00:07<00:06,  6.93it/s]
14/20 epoch | loss: 0.2298 | accuracy: 92.4%:  54%|█████▍    | 51/94 [00:07<00:06,  6.89it/s]
14/20 epoch | loss: 0.2333 | accuracy: 91.8%:  54%|█████▍    | 51/94 [00:07<00:06,  6.89it/s]
14/20 epoch | loss: 0.2333 | accuracy: 91.8%:  55%|█████▌    | 52/94 [00:07<00:06,  6.88it/s]
14/20 epoch | loss: 0.2530 | accuracy: 91.8%:  55%|█████▌    | 52/94 [00:07<00:06,  6.88it/s]
14/20 epoch | loss: 0.2530 | accuracy: 91.8%:  56%|█████▋    | 53/94 [00:07<00:06,  6.69it/s]
14/20 epoch | loss: 0.2371 | accuracy: 91.5%:  56%|█████▋    | 53/94 [00:07<00:06,  6.69it/s]
14/20 epoch | loss: 0.2371 | accuracy: 91.5%:  57%|█████▋    | 54/94 [00:07<00:05,  6.84it/s]
14/20 epoch | loss: 0.2053 | accuracy: 92.8%:  57%|█████▋    | 54/94 [00:08<00:05,  6.84it/s]
14/20 epoch | loss: 0.2053 | accuracy: 92.8%:  59%|█████▊    | 55/94 [00:08<00:05,  6.90it/s]
14/20 epoch | loss: 0.2324 | accuracy: 91.9%:  59%|█████▊    | 55/94 [00:08<00:05,  6.90it/s]
14/20 epoch | loss: 0.2324 | accuracy: 91.9%:  60%|█████▉    | 56/94 [00:08<00:05,  6.92it/s]
14/20 epoch | loss: 0.2341 | accuracy: 91.4%:  60%|█████▉    | 56/94 [00:08<00:05,  6.92it/s]
14/20 epoch | loss: 0.2341 | accuracy: 91.4%:  61%|██████    | 57/94 [00:08<00:05,  6.96it/s]
14/20 epoch | loss: 0.2896 | accuracy: 90.2%:  61%|██████    | 57/94 [00:08<00:05,  6.96it/s]
14/20 epoch | loss: 0.2896 | accuracy: 90.2%:  62%|██████▏   | 58/94 [00:08<00:05,  6.94it/s]
14/20 epoch | loss: 0.2795 | accuracy: 91.1%:  62%|██████▏   | 58/94 [00:08<00:05,  6.94it/s]
14/20 epoch | loss: 0.2795 | accuracy: 91.1%:  63%|██████▎   | 59/94 [00:08<00:05,  6.93it/s]
14/20 epoch | loss: 0.2738 | accuracy: 90.6%:  63%|██████▎   | 59/94 [00:08<00:05,  6.93it/s]
14/20 epoch | loss: 0.2738 | accuracy: 90.6%:  64%|██████▍   | 60/94 [00:08<00:04,  6.99it/s]
14/20 epoch | loss: 0.1959 | accuracy: 93.5%:  64%|██████▍   | 60/94 [00:08<00:04,  6.99it/s]
14/20 epoch | loss: 0.1959 | accuracy: 93.5%:  65%|██████▍   | 61/94 [00:08<00:04,  6.96it/s]
14/20 epoch | loss: 0.2440 | accuracy: 91.5%:  65%|██████▍   | 61/94 [00:09<00:04,  6.96it/s]
14/20 epoch | loss: 0.2440 | accuracy: 91.5%:  66%|██████▌   | 62/94 [00:09<00:04,  6.97it/s]
14/20 epoch | loss: 0.2892 | accuracy: 91.3%:  66%|██████▌   | 62/94 [00:09<00:04,  6.97it/s]
14/20 epoch | loss: 0.2892 | accuracy: 91.3%:  67%|██████▋   | 63/94 [00:09<00:04,  6.82it/s]
14/20 epoch | loss: 0.2488 | accuracy: 91.8%:  67%|██████▋   | 63/94 [00:09<00:04,  6.82it/s]
14/20 epoch | loss: 0.2488 | accuracy: 91.8%:  68%|██████▊   | 64/94 [00:09<00:04,  6.94it/s]
14/20 epoch | loss: 0.2192 | accuracy: 92.2%:  68%|██████▊   | 64/94 [00:09<00:04,  6.94it/s]
14/20 epoch | loss: 0.2192 | accuracy: 92.2%:  69%|██████▉   | 65/94 [00:09<00:04,  6.94it/s]
14/20 epoch | loss: 0.2535 | accuracy: 90.5%:  69%|██████▉   | 65/94 [00:09<00:04,  6.94it/s]
14/20 epoch | loss: 0.2535 | accuracy: 90.5%:  70%|███████   | 66/94 [00:09<00:04,  6.97it/s]
14/20 epoch | loss: 0.3615 | accuracy: 89.9%:  70%|███████   | 66/94 [00:09<00:04,  6.97it/s]
14/20 epoch | loss: 0.3615 | accuracy: 89.9%:  71%|███████▏  | 67/94 [00:09<00:03,  6.94it/s]
14/20 epoch | loss: 0.2595 | accuracy: 90.6%:  71%|███████▏  | 67/94 [00:09<00:03,  6.94it/s]
14/20 epoch | loss: 0.2595 | accuracy: 90.6%:  72%|███████▏  | 68/94 [00:09<00:03,  6.79it/s]
14/20 epoch | loss: 0.2847 | accuracy: 90.5%:  72%|███████▏  | 68/94 [00:10<00:03,  6.79it/s]
14/20 epoch | loss: 0.2847 | accuracy: 90.5%:  73%|███████▎  | 69/94 [00:10<00:03,  6.89it/s]
14/20 epoch | loss: 0.2427 | accuracy: 91.7%:  73%|███████▎  | 69/94 [00:10<00:03,  6.89it/s]
14/20 epoch | loss: 0.2427 | accuracy: 91.7%:  74%|███████▍  | 70/94 [00:10<00:03,  6.90it/s]
14/20 epoch | loss: 0.2748 | accuracy: 91.1%:  74%|███████▍  | 70/94 [00:10<00:03,  6.90it/s]
14/20 epoch | loss: 0.2748 | accuracy: 91.1%:  76%|███████▌  | 71/94 [00:10<00:03,  7.03it/s]
14/20 epoch | loss: 0.2800 | accuracy: 90.4%:  76%|███████▌  | 71/94 [00:10<00:03,  7.03it/s]
14/20 epoch | loss: 0.2800 | accuracy: 90.4%:  77%|███████▋  | 72/94 [00:10<00:03,  7.04it/s]
14/20 epoch | loss: 0.2556 | accuracy: 90.5%:  77%|███████▋  | 72/94 [00:10<00:03,  7.04it/s]
14/20 epoch | loss: 0.2556 | accuracy: 90.5%:  78%|███████▊  | 73/94 [00:10<00:03,  6.98it/s]
14/20 epoch | loss: 0.2435 | accuracy: 91.7%:  78%|███████▊  | 73/94 [00:10<00:03,  6.98it/s]
14/20 epoch | loss: 0.2435 | accuracy: 91.7%:  79%|███████▊  | 74/94 [00:10<00:02,  6.97it/s]
14/20 epoch | loss: 0.2503 | accuracy: 91.5%:  79%|███████▊  | 74/94 [00:10<00:02,  6.97it/s]
14/20 epoch | loss: 0.2503 | accuracy: 91.5%:  80%|███████▉  | 75/94 [00:10<00:02,  6.99it/s]
14/20 epoch | loss: 0.3382 | accuracy: 88.8%:  80%|███████▉  | 75/94 [00:11<00:02,  6.99it/s]
14/20 epoch | loss: 0.3382 | accuracy: 88.8%:  81%|████████  | 76/94 [00:11<00:02,  7.02it/s]
14/20 epoch | loss: 0.2532 | accuracy: 91.6%:  81%|████████  | 76/94 [00:11<00:02,  7.02it/s]
14/20 epoch | loss: 0.2532 | accuracy: 91.6%:  82%|████████▏ | 77/94 [00:11<00:02,  7.05it/s]
14/20 epoch | loss: 0.3892 | accuracy: 89.1%:  82%|████████▏ | 77/94 [00:11<00:02,  7.05it/s]
14/20 epoch | loss: 0.3892 | accuracy: 89.1%:  83%|████████▎ | 78/94 [00:11<00:02,  6.96it/s]
14/20 epoch | loss: 0.2231 | accuracy: 92.7%:  83%|████████▎ | 78/94 [00:11<00:02,  6.96it/s]
14/20 epoch | loss: 0.2231 | accuracy: 92.7%:  84%|████████▍ | 79/94 [00:11<00:02,  6.93it/s]
14/20 epoch | loss: 0.2726 | accuracy: 90.6%:  84%|████████▍ | 79/94 [00:11<00:02,  6.93it/s]
14/20 epoch | loss: 0.2726 | accuracy: 90.6%:  85%|████████▌ | 80/94 [00:11<00:02,  6.99it/s]
14/20 epoch | loss: 0.2379 | accuracy: 91.2%:  85%|████████▌ | 80/94 [00:11<00:02,  6.99it/s]
14/20 epoch | loss: 0.2379 | accuracy: 91.2%:  86%|████████▌ | 81/94 [00:11<00:01,  7.06it/s]
14/20 epoch | loss: 0.2150 | accuracy: 92.6%:  86%|████████▌ | 81/94 [00:11<00:01,  7.06it/s]
14/20 epoch | loss: 0.2150 | accuracy: 92.6%:  87%|████████▋ | 82/94 [00:11<00:01,  6.93it/s]
14/20 epoch | loss: 0.2355 | accuracy: 92.1%:  87%|████████▋ | 82/94 [00:12<00:01,  6.93it/s]
14/20 epoch | loss: 0.2355 | accuracy: 92.1%:  88%|████████▊ | 83/94 [00:12<00:01,  7.00it/s]
14/20 epoch | loss: 0.2136 | accuracy: 93.1%:  88%|████████▊ | 83/94 [00:12<00:01,  7.00it/s]
14/20 epoch | loss: 0.2136 | accuracy: 93.1%:  89%|████████▉ | 84/94 [00:12<00:01,  6.93it/s]
14/20 epoch | loss: 0.2256 | accuracy: 92.1%:  89%|████████▉ | 84/94 [00:12<00:01,  6.93it/s]
14/20 epoch | loss: 0.2256 | accuracy: 92.1%:  90%|█████████ | 85/94 [00:12<00:01,  6.97it/s]
14/20 epoch | loss: 0.2753 | accuracy: 90.7%:  90%|█████████ | 85/94 [00:12<00:01,  6.97it/s]
14/20 epoch | loss: 0.2753 | accuracy: 90.7%:  91%|█████████▏| 86/94 [00:12<00:01,  6.88it/s]
14/20 epoch | loss: 0.2547 | accuracy: 91.1%:  91%|█████████▏| 86/94 [00:12<00:01,  6.88it/s]
14/20 epoch | loss: 0.2547 | accuracy: 91.1%:  93%|█████████▎| 87/94 [00:12<00:01,  6.88it/s]
14/20 epoch | loss: 0.2736 | accuracy: 90.6%:  93%|█████████▎| 87/94 [00:12<00:01,  6.88it/s]
14/20 epoch | loss: 0.2736 | accuracy: 90.6%:  94%|█████████▎| 88/94 [00:12<00:00,  6.99it/s]
14/20 epoch | loss: 0.2697 | accuracy: 90.1%:  94%|█████████▎| 88/94 [00:12<00:00,  6.99it/s]
14/20 epoch | loss: 0.2697 | accuracy: 90.1%:  95%|█████████▍| 89/94 [00:12<00:00,  6.94it/s]
14/20 epoch | loss: 0.2047 | accuracy: 93.1%:  95%|█████████▍| 89/94 [00:13<00:00,  6.94it/s]
14/20 epoch | loss: 0.2047 | accuracy: 93.1%:  96%|█████████▌| 90/94 [00:13<00:00,  7.02it/s]
14/20 epoch | loss: 0.2595 | accuracy: 91.0%:  96%|█████████▌| 90/94 [00:13<00:00,  7.02it/s]
14/20 epoch | loss: 0.2595 | accuracy: 91.0%:  97%|█████████▋| 91/94 [00:13<00:00,  6.99it/s]
14/20 epoch | loss: 0.2944 | accuracy: 90.3%:  97%|█████████▋| 91/94 [00:13<00:00,  6.99it/s]
14/20 epoch | loss: 0.2944 | accuracy: 90.3%:  98%|█████████▊| 92/94 [00:13<00:00,  6.99it/s]
14/20 epoch | loss: 0.2709 | accuracy: 92.0%:  98%|█████████▊| 92/94 [00:13<00:00,  6.99it/s]
14/20 epoch | loss: 0.2709 | accuracy: 92.0%:  99%|█████████▉| 93/94 [00:13<00:00,  7.02it/s]
14/20 epoch | loss: 0.2262 | accuracy: 92.4%:  99%|█████████▉| 93/94 [00:13<00:00,  7.02it/s]
14/20 epoch | loss: 0.2262 | accuracy: 92.4%: 100%|██████████| 94/94 [00:13<00:00,  6.94it/s]
14/20 epoch | loss: 0.2262 | accuracy: 92.4%: 100%|██████████| 94/94 [00:13<00:00,  6.91it/s]
train loss: 0.2556 | train acc: 91.4% | val loss: 0.2724 | val acc: 91.1% | val mIoU: 81.0%
saving checkpoint to checkpoints/segmentation/05-07_12-23-26/Segmentation_ckpt_epoch13_metric81.03.ckpt

  0%|          | 0/94 [00:00<?, ?it/s]
15/20 epoch | loss: 0.2215 | accuracy: 92.3%:   0%|          | 0/94 [00:00<?, ?it/s]
15/20 epoch | loss: 0.2215 | accuracy: 92.3%:   1%|          | 1/94 [00:00<00:13,  6.87it/s]
15/20 epoch | loss: 0.2354 | accuracy: 91.8%:   1%|          | 1/94 [00:00<00:13,  6.87it/s]
15/20 epoch | loss: 0.2354 | accuracy: 91.8%:   2%|▏         | 2/94 [00:00<00:13,  6.95it/s]
15/20 epoch | loss: 0.2141 | accuracy: 92.5%:   2%|▏         | 2/94 [00:00<00:13,  6.95it/s]
15/20 epoch | loss: 0.2141 | accuracy: 92.5%:   3%|▎         | 3/94 [00:00<00:13,  6.94it/s]
15/20 epoch | loss: 0.2488 | accuracy: 91.9%:   3%|▎         | 3/94 [00:00<00:13,  6.94it/s]
15/20 epoch | loss: 0.2488 | accuracy: 91.9%:   4%|▍         | 4/94 [00:00<00:12,  6.95it/s]
15/20 epoch | loss: 0.2101 | accuracy: 92.9%:   4%|▍         | 4/94 [00:00<00:12,  6.95it/s]
15/20 epoch | loss: 0.2101 | accuracy: 92.9%:   5%|▌         | 5/94 [00:00<00:12,  6.95it/s]
15/20 epoch | loss: 0.2046 | accuracy: 92.9%:   5%|▌         | 5/94 [00:00<00:12,  6.95it/s]
15/20 epoch | loss: 0.2046 | accuracy: 92.9%:   6%|▋         | 6/94 [00:00<00:13,  6.69it/s]
15/20 epoch | loss: 0.2312 | accuracy: 91.9%:   6%|▋         | 6/94 [00:01<00:13,  6.69it/s]
15/20 epoch | loss: 0.2312 | accuracy: 91.9%:   7%|▋         | 7/94 [00:01<00:12,  6.83it/s]
15/20 epoch | loss: 0.2259 | accuracy: 92.0%:   7%|▋         | 7/94 [00:01<00:12,  6.83it/s]
15/20 epoch | loss: 0.2259 | accuracy: 92.0%:   9%|▊         | 8/94 [00:01<00:12,  6.90it/s]
15/20 epoch | loss: 0.2526 | accuracy: 90.7%:   9%|▊         | 8/94 [00:01<00:12,  6.90it/s]
15/20 epoch | loss: 0.2526 | accuracy: 90.7%:  10%|▉         | 9/94 [00:01<00:12,  6.94it/s]
15/20 epoch | loss: 0.2256 | accuracy: 92.1%:  10%|▉         | 9/94 [00:01<00:12,  6.94it/s]
15/20 epoch | loss: 0.2256 | accuracy: 92.1%:  11%|█         | 10/94 [00:01<00:12,  6.97it/s]
15/20 epoch | loss: 0.2343 | accuracy: 92.0%:  11%|█         | 10/94 [00:01<00:12,  6.97it/s]
15/20 epoch | loss: 0.2343 | accuracy: 92.0%:  12%|█▏        | 11/94 [00:01<00:11,  7.02it/s]
15/20 epoch | loss: 0.2125 | accuracy: 92.6%:  12%|█▏        | 11/94 [00:01<00:11,  7.02it/s]
15/20 epoch | loss: 0.2125 | accuracy: 92.6%:  13%|█▎        | 12/94 [00:01<00:11,  6.96it/s]
15/20 epoch | loss: 0.2674 | accuracy: 90.9%:  13%|█▎        | 12/94 [00:01<00:11,  6.96it/s]
15/20 epoch | loss: 0.2674 | accuracy: 90.9%:  14%|█▍        | 13/94 [00:01<00:11,  7.03it/s]
15/20 epoch | loss: 0.2120 | accuracy: 92.4%:  14%|█▍        | 13/94 [00:02<00:11,  7.03it/s]
15/20 epoch | loss: 0.2120 | accuracy: 92.4%:  15%|█▍        | 14/94 [00:02<00:11,  7.00it/s]
15/20 epoch | loss: 0.2129 | accuracy: 92.6%:  15%|█▍        | 14/94 [00:02<00:11,  7.00it/s]
15/20 epoch | loss: 0.2129 | accuracy: 92.6%:  16%|█▌        | 15/94 [00:02<00:11,  6.96it/s]
15/20 epoch | loss: 0.2110 | accuracy: 92.6%:  16%|█▌        | 15/94 [00:02<00:11,  6.96it/s]
15/20 epoch | loss: 0.2110 | accuracy: 92.6%:  17%|█▋        | 16/94 [00:02<00:11,  6.90it/s]
15/20 epoch | loss: 0.3203 | accuracy: 89.3%:  17%|█▋        | 16/94 [00:02<00:11,  6.90it/s]
15/20 epoch | loss: 0.3203 | accuracy: 89.3%:  18%|█▊        | 17/94 [00:02<00:11,  6.96it/s]
15/20 epoch | loss: 0.2166 | accuracy: 92.1%:  18%|█▊        | 17/94 [00:02<00:11,  6.96it/s]
15/20 epoch | loss: 0.2166 | accuracy: 92.1%:  19%|█▉        | 18/94 [00:02<00:10,  7.03it/s]
15/20 epoch | loss: 0.2811 | accuracy: 90.8%:  19%|█▉        | 18/94 [00:02<00:10,  7.03it/s]
15/20 epoch | loss: 0.2811 | accuracy: 90.8%:  20%|██        | 19/94 [00:02<00:10,  7.08it/s]
15/20 epoch | loss: 0.2194 | accuracy: 92.7%:  20%|██        | 19/94 [00:02<00:10,  7.08it/s]
15/20 epoch | loss: 0.2194 | accuracy: 92.7%:  21%|██▏       | 20/94 [00:02<00:10,  7.08it/s]
15/20 epoch | loss: 0.2765 | accuracy: 90.1%:  21%|██▏       | 20/94 [00:03<00:10,  7.08it/s]
15/20 epoch | loss: 0.2765 | accuracy: 90.1%:  22%|██▏       | 21/94 [00:03<00:10,  6.82it/s]
15/20 epoch | loss: 0.2597 | accuracy: 91.1%:  22%|██▏       | 21/94 [00:03<00:10,  6.82it/s]
15/20 epoch | loss: 0.2597 | accuracy: 91.1%:  23%|██▎       | 22/94 [00:03<00:10,  6.90it/s]
15/20 epoch | loss: 0.2514 | accuracy: 91.5%:  23%|██▎       | 22/94 [00:03<00:10,  6.90it/s]
15/20 epoch | loss: 0.2514 | accuracy: 91.5%:  24%|██▍       | 23/94 [00:03<00:10,  6.93it/s]
15/20 epoch | loss: 0.2134 | accuracy: 92.4%:  24%|██▍       | 23/94 [00:03<00:10,  6.93it/s]
15/20 epoch | loss: 0.2134 | accuracy: 92.4%:  26%|██▌       | 24/94 [00:03<00:10,  6.89it/s]
15/20 epoch | loss: 0.2471 | accuracy: 92.6%:  26%|██▌       | 24/94 [00:03<00:10,  6.89it/s]
15/20 epoch | loss: 0.2471 | accuracy: 92.6%:  27%|██▋       | 25/94 [00:03<00:09,  6.98it/s]
15/20 epoch | loss: 0.2905 | accuracy: 90.9%:  27%|██▋       | 25/94 [00:03<00:09,  6.98it/s]
15/20 epoch | loss: 0.2905 | accuracy: 90.9%:  28%|██▊       | 26/94 [00:03<00:09,  7.10it/s]
15/20 epoch | loss: 0.2902 | accuracy: 90.8%:  28%|██▊       | 26/94 [00:03<00:09,  7.10it/s]
15/20 epoch | loss: 0.2902 | accuracy: 90.8%:  29%|██▊       | 27/94 [00:03<00:09,  7.13it/s]
15/20 epoch | loss: 0.2388 | accuracy: 91.3%:  29%|██▊       | 27/94 [00:04<00:09,  7.13it/s]
15/20 epoch | loss: 0.2388 | accuracy: 91.3%:  30%|██▉       | 28/94 [00:04<00:09,  7.10it/s]
15/20 epoch | loss: 0.2222 | accuracy: 91.7%:  30%|██▉       | 28/94 [00:04<00:09,  7.10it/s]
15/20 epoch | loss: 0.2222 | accuracy: 91.7%:  31%|███       | 29/94 [00:04<00:09,  7.05it/s]
15/20 epoch | loss: 0.2988 | accuracy: 90.1%:  31%|███       | 29/94 [00:04<00:09,  7.05it/s]
15/20 epoch | loss: 0.2988 | accuracy: 90.1%:  32%|███▏      | 30/94 [00:04<00:09,  6.97it/s]
15/20 epoch | loss: 0.2494 | accuracy: 91.2%:  32%|███▏      | 30/94 [00:04<00:09,  6.97it/s]
15/20 epoch | loss: 0.2494 | accuracy: 91.2%:  33%|███▎      | 31/94 [00:04<00:08,  7.09it/s]
15/20 epoch | loss: 0.1855 | accuracy: 93.9%:  33%|███▎      | 31/94 [00:04<00:08,  7.09it/s]
15/20 epoch | loss: 0.1855 | accuracy: 93.9%:  34%|███▍      | 32/94 [00:04<00:08,  7.02it/s]
15/20 epoch | loss: 0.2345 | accuracy: 92.0%:  34%|███▍      | 32/94 [00:04<00:08,  7.02it/s]
15/20 epoch | loss: 0.2345 | accuracy: 92.0%:  35%|███▌      | 33/94 [00:04<00:08,  6.96it/s]
15/20 epoch | loss: 0.2551 | accuracy: 91.3%:  35%|███▌      | 33/94 [00:04<00:08,  6.96it/s]
15/20 epoch | loss: 0.2551 | accuracy: 91.3%:  36%|███▌      | 34/94 [00:04<00:08,  7.03it/s]
15/20 epoch | loss: 0.2488 | accuracy: 91.1%:  36%|███▌      | 34/94 [00:05<00:08,  7.03it/s]
15/20 epoch | loss: 0.2488 | accuracy: 91.1%:  37%|███▋      | 35/94 [00:05<00:08,  6.92it/s]
15/20 epoch | loss: 0.2334 | accuracy: 91.7%:  37%|███▋      | 35/94 [00:05<00:08,  6.92it/s]
15/20 epoch | loss: 0.2334 | accuracy: 91.7%:  38%|███▊      | 36/94 [00:05<00:08,  6.96it/s]
15/20 epoch | loss: 0.2308 | accuracy: 92.1%:  38%|███▊      | 36/94 [00:05<00:08,  6.96it/s]
15/20 epoch | loss: 0.2308 | accuracy: 92.1%:  39%|███▉      | 37/94 [00:05<00:08,  6.97it/s]
15/20 epoch | loss: 0.2880 | accuracy: 90.8%:  39%|███▉      | 37/94 [00:05<00:08,  6.97it/s]
15/20 epoch | loss: 0.2880 | accuracy: 90.8%:  40%|████      | 38/94 [00:05<00:08,  6.97it/s]
15/20 epoch | loss: 0.2221 | accuracy: 92.3%:  40%|████      | 38/94 [00:05<00:08,  6.97it/s]
15/20 epoch | loss: 0.2221 | accuracy: 92.3%:  41%|████▏     | 39/94 [00:05<00:07,  6.95it/s]
15/20 epoch | loss: 0.2486 | accuracy: 91.3%:  41%|████▏     | 39/94 [00:05<00:07,  6.95it/s]
15/20 epoch | loss: 0.2486 | accuracy: 91.3%:  43%|████▎     | 40/94 [00:05<00:07,  6.95it/s]
15/20 epoch | loss: 0.2084 | accuracy: 92.6%:  43%|████▎     | 40/94 [00:05<00:07,  6.95it/s]
15/20 epoch | loss: 0.2084 | accuracy: 92.6%:  44%|████▎     | 41/94 [00:05<00:07,  7.03it/s]
15/20 epoch | loss: 0.2676 | accuracy: 91.2%:  44%|████▎     | 41/94 [00:06<00:07,  7.03it/s]
15/20 epoch | loss: 0.2676 | accuracy: 91.2%:  45%|████▍     | 42/94 [00:06<00:07,  6.97it/s]
15/20 epoch | loss: 0.2712 | accuracy: 91.3%:  45%|████▍     | 42/94 [00:06<00:07,  6.97it/s]
15/20 epoch | loss: 0.2712 | accuracy: 91.3%:  46%|████▌     | 43/94 [00:06<00:07,  6.96it/s]
15/20 epoch | loss: 0.2182 | accuracy: 92.7%:  46%|████▌     | 43/94 [00:06<00:07,  6.96it/s]
15/20 epoch | loss: 0.2182 | accuracy: 92.7%:  47%|████▋     | 44/94 [00:06<00:07,  7.09it/s]
15/20 epoch | loss: 0.3150 | accuracy: 90.5%:  47%|████▋     | 44/94 [00:06<00:07,  7.09it/s]
15/20 epoch | loss: 0.3150 | accuracy: 90.5%:  48%|████▊     | 45/94 [00:06<00:06,  7.05it/s]
15/20 epoch | loss: 0.2612 | accuracy: 90.5%:  48%|████▊     | 45/94 [00:06<00:06,  7.05it/s]
15/20 epoch | loss: 0.2612 | accuracy: 90.5%:  49%|████▉     | 46/94 [00:06<00:06,  7.08it/s]
15/20 epoch | loss: 0.2048 | accuracy: 92.7%:  49%|████▉     | 46/94 [00:06<00:06,  7.08it/s]
15/20 epoch | loss: 0.2048 | accuracy: 92.7%:  50%|█████     | 47/94 [00:06<00:06,  6.96it/s]
15/20 epoch | loss: 0.2094 | accuracy: 92.6%:  50%|█████     | 47/94 [00:06<00:06,  6.96it/s]
15/20 epoch | loss: 0.2094 | accuracy: 92.6%:  51%|█████     | 48/94 [00:06<00:06,  6.99it/s]
15/20 epoch | loss: 0.3316 | accuracy: 90.1%:  51%|█████     | 48/94 [00:07<00:06,  6.99it/s]
15/20 epoch | loss: 0.3316 | accuracy: 90.1%:  52%|█████▏    | 49/94 [00:07<00:06,  6.90it/s]
15/20 epoch | loss: 0.2232 | accuracy: 92.2%:  52%|█████▏    | 49/94 [00:07<00:06,  6.90it/s]
15/20 epoch | loss: 0.2232 | accuracy: 92.2%:  53%|█████▎    | 50/94 [00:07<00:06,  6.55it/s]
15/20 epoch | loss: 0.2154 | accuracy: 92.6%:  53%|█████▎    | 50/94 [00:07<00:06,  6.55it/s]
15/20 epoch | loss: 0.2154 | accuracy: 92.6%:  54%|█████▍    | 51/94 [00:07<00:06,  6.67it/s]
15/20 epoch | loss: 0.3684 | accuracy: 88.9%:  54%|█████▍    | 51/94 [00:07<00:06,  6.67it/s]
15/20 epoch | loss: 0.3684 | accuracy: 88.9%:  55%|█████▌    | 52/94 [00:07<00:06,  6.71it/s]
15/20 epoch | loss: 0.2141 | accuracy: 92.8%:  55%|█████▌    | 52/94 [00:07<00:06,  6.71it/s]
15/20 epoch | loss: 0.2141 | accuracy: 92.8%:  56%|█████▋    | 53/94 [00:07<00:06,  6.78it/s]
15/20 epoch | loss: 0.2522 | accuracy: 91.3%:  56%|█████▋    | 53/94 [00:07<00:06,  6.78it/s]
15/20 epoch | loss: 0.2522 | accuracy: 91.3%:  57%|█████▋    | 54/94 [00:07<00:05,  6.81it/s]
15/20 epoch | loss: 0.2122 | accuracy: 92.8%:  57%|█████▋    | 54/94 [00:07<00:05,  6.81it/s]
15/20 epoch | loss: 0.2122 | accuracy: 92.8%:  59%|█████▊    | 55/94 [00:07<00:05,  6.90it/s]
15/20 epoch | loss: 0.2621 | accuracy: 91.2%:  59%|█████▊    | 55/94 [00:08<00:05,  6.90it/s]
15/20 epoch | loss: 0.2621 | accuracy: 91.2%:  60%|█████▉    | 56/94 [00:08<00:05,  6.95it/s]
15/20 epoch | loss: 0.2219 | accuracy: 92.8%:  60%|█████▉    | 56/94 [00:08<00:05,  6.95it/s]
15/20 epoch | loss: 0.2219 | accuracy: 92.8%:  61%|██████    | 57/94 [00:08<00:05,  6.87it/s]
15/20 epoch | loss: 0.2055 | accuracy: 92.8%:  61%|██████    | 57/94 [00:08<00:05,  6.87it/s]
15/20 epoch | loss: 0.2055 | accuracy: 92.8%:  62%|██████▏   | 58/94 [00:08<00:05,  6.88it/s]
15/20 epoch | loss: 0.3397 | accuracy: 90.5%:  62%|██████▏   | 58/94 [00:08<00:05,  6.88it/s]
15/20 epoch | loss: 0.3397 | accuracy: 90.5%:  63%|██████▎   | 59/94 [00:08<00:05,  6.97it/s]
15/20 epoch | loss: 0.2810 | accuracy: 90.7%:  63%|██████▎   | 59/94 [00:08<00:05,  6.97it/s]
15/20 epoch | loss: 0.2810 | accuracy: 90.7%:  64%|██████▍   | 60/94 [00:08<00:04,  6.89it/s]
15/20 epoch | loss: 0.2639 | accuracy: 90.7%:  64%|██████▍   | 60/94 [00:08<00:04,  6.89it/s]
15/20 epoch | loss: 0.2639 | accuracy: 90.7%:  65%|██████▍   | 61/94 [00:08<00:05,  6.59it/s]
15/20 epoch | loss: 0.2475 | accuracy: 91.5%:  65%|██████▍   | 61/94 [00:08<00:05,  6.59it/s]
15/20 epoch | loss: 0.2475 | accuracy: 91.5%:  66%|██████▌   | 62/94 [00:08<00:04,  6.49it/s]
15/20 epoch | loss: 0.2586 | accuracy: 91.4%:  66%|██████▌   | 62/94 [00:09<00:04,  6.49it/s]
15/20 epoch | loss: 0.2586 | accuracy: 91.4%:  67%|██████▋   | 63/94 [00:09<00:04,  6.64it/s]
15/20 epoch | loss: 0.2262 | accuracy: 92.0%:  67%|██████▋   | 63/94 [00:09<00:04,  6.64it/s]
15/20 epoch | loss: 0.2262 | accuracy: 92.0%:  68%|██████▊   | 64/94 [00:09<00:04,  6.61it/s]
15/20 epoch | loss: 0.2858 | accuracy: 90.1%:  68%|██████▊   | 64/94 [00:09<00:04,  6.61it/s]
15/20 epoch | loss: 0.2858 | accuracy: 90.1%:  69%|██████▉   | 65/94 [00:09<00:04,  6.72it/s]
15/20 epoch | loss: 0.2460 | accuracy: 91.5%:  69%|██████▉   | 65/94 [00:09<00:04,  6.72it/s]
15/20 epoch | loss: 0.2460 | accuracy: 91.5%:  70%|███████   | 66/94 [00:09<00:04,  6.84it/s]
15/20 epoch | loss: 0.2279 | accuracy: 92.1%:  70%|███████   | 66/94 [00:09<00:04,  6.84it/s]
15/20 epoch | loss: 0.2279 | accuracy: 92.1%:  71%|███████▏  | 67/94 [00:09<00:03,  6.94it/s]
15/20 epoch | loss: 0.2477 | accuracy: 91.4%:  71%|███████▏  | 67/94 [00:09<00:03,  6.94it/s]
15/20 epoch | loss: 0.2477 | accuracy: 91.4%:  72%|███████▏  | 68/94 [00:09<00:03,  7.00it/s]
15/20 epoch | loss: 0.4018 | accuracy: 87.4%:  72%|███████▏  | 68/94 [00:09<00:03,  7.00it/s]
15/20 epoch | loss: 0.4018 | accuracy: 87.4%:  73%|███████▎  | 69/94 [00:09<00:03,  7.03it/s]
15/20 epoch | loss: 0.2305 | accuracy: 92.0%:  73%|███████▎  | 69/94 [00:10<00:03,  7.03it/s]
15/20 epoch | loss: 0.2305 | accuracy: 92.0%:  74%|███████▍  | 70/94 [00:10<00:03,  7.00it/s]
15/20 epoch | loss: 0.2606 | accuracy: 92.0%:  74%|███████▍  | 70/94 [00:10<00:03,  7.00it/s]
15/20 epoch | loss: 0.2606 | accuracy: 92.0%:  76%|███████▌  | 71/94 [00:10<00:03,  7.04it/s]
15/20 epoch | loss: 0.2816 | accuracy: 90.5%:  76%|███████▌  | 71/94 [00:10<00:03,  7.04it/s]
15/20 epoch | loss: 0.2816 | accuracy: 90.5%:  77%|███████▋  | 72/94 [00:10<00:03,  6.99it/s]
15/20 epoch | loss: 0.2320 | accuracy: 91.8%:  77%|███████▋  | 72/94 [00:10<00:03,  6.99it/s]
15/20 epoch | loss: 0.2320 | accuracy: 91.8%:  78%|███████▊  | 73/94 [00:10<00:02,  7.02it/s]
15/20 epoch | loss: 0.3155 | accuracy: 90.2%:  78%|███████▊  | 73/94 [00:10<00:02,  7.02it/s]
15/20 epoch | loss: 0.3155 | accuracy: 90.2%:  79%|███████▊  | 74/94 [00:10<00:02,  7.01it/s]
15/20 epoch | loss: 0.2149 | accuracy: 92.5%:  79%|███████▊  | 74/94 [00:10<00:02,  7.01it/s]
15/20 epoch | loss: 0.2149 | accuracy: 92.5%:  80%|███████▉  | 75/94 [00:10<00:02,  6.97it/s]
15/20 epoch | loss: 0.2212 | accuracy: 92.4%:  80%|███████▉  | 75/94 [00:10<00:02,  6.97it/s]
15/20 epoch | loss: 0.2212 | accuracy: 92.4%:  81%|████████  | 76/94 [00:10<00:02,  6.78it/s]
15/20 epoch | loss: 0.2488 | accuracy: 91.3%:  81%|████████  | 76/94 [00:11<00:02,  6.78it/s]
15/20 epoch | loss: 0.2488 | accuracy: 91.3%:  82%|████████▏ | 77/94 [00:11<00:02,  6.96it/s]
15/20 epoch | loss: 0.2967 | accuracy: 90.1%:  82%|████████▏ | 77/94 [00:11<00:02,  6.96it/s]
15/20 epoch | loss: 0.2967 | accuracy: 90.1%:  83%|████████▎ | 78/94 [00:11<00:02,  6.91it/s]
15/20 epoch | loss: 0.2484 | accuracy: 91.8%:  83%|████████▎ | 78/94 [00:11<00:02,  6.91it/s]
15/20 epoch | loss: 0.2484 | accuracy: 91.8%:  84%|████████▍ | 79/94 [00:11<00:02,  6.61it/s]
15/20 epoch | loss: 0.2522 | accuracy: 92.4%:  84%|████████▍ | 79/94 [00:11<00:02,  6.61it/s]
15/20 epoch | loss: 0.2522 | accuracy: 92.4%:  85%|████████▌ | 80/94 [00:11<00:02,  6.73it/s]
15/20 epoch | loss: 0.2156 | accuracy: 92.3%:  85%|████████▌ | 80/94 [00:11<00:02,  6.73it/s]
15/20 epoch | loss: 0.2156 | accuracy: 92.3%:  86%|████████▌ | 81/94 [00:11<00:01,  6.67it/s]
15/20 epoch | loss: 0.2330 | accuracy: 92.6%:  86%|████████▌ | 81/94 [00:11<00:01,  6.67it/s]
15/20 epoch | loss: 0.2330 | accuracy: 92.6%:  87%|████████▋ | 82/94 [00:11<00:01,  6.68it/s]
15/20 epoch | loss: 0.2721 | accuracy: 91.9%:  87%|████████▋ | 82/94 [00:12<00:01,  6.68it/s]
15/20 epoch | loss: 0.2721 | accuracy: 91.9%:  88%|████████▊ | 83/94 [00:12<00:01,  6.79it/s]
15/20 epoch | loss: 0.2504 | accuracy: 91.1%:  88%|████████▊ | 83/94 [00:12<00:01,  6.79it/s]
15/20 epoch | loss: 0.2504 | accuracy: 91.1%:  89%|████████▉ | 84/94 [00:12<00:01,  6.81it/s]
15/20 epoch | loss: 0.2205 | accuracy: 92.3%:  89%|████████▉ | 84/94 [00:12<00:01,  6.81it/s]
15/20 epoch | loss: 0.2205 | accuracy: 92.3%:  90%|█████████ | 85/94 [00:12<00:01,  6.85it/s]
15/20 epoch | loss: 0.2694 | accuracy: 91.4%:  90%|█████████ | 85/94 [00:12<00:01,  6.85it/s]
15/20 epoch | loss: 0.2694 | accuracy: 91.4%:  91%|█████████▏| 86/94 [00:12<00:01,  6.88it/s]
15/20 epoch | loss: 0.2168 | accuracy: 92.8%:  91%|█████████▏| 86/94 [00:12<00:01,  6.88it/s]
15/20 epoch | loss: 0.2168 | accuracy: 92.8%:  93%|█████████▎| 87/94 [00:12<00:01,  6.92it/s]
15/20 epoch | loss: 0.2350 | accuracy: 92.0%:  93%|█████████▎| 87/94 [00:12<00:01,  6.92it/s]
15/20 epoch | loss: 0.2350 | accuracy: 92.0%:  94%|█████████▎| 88/94 [00:12<00:00,  6.77it/s]
15/20 epoch | loss: 0.2297 | accuracy: 92.1%:  94%|█████████▎| 88/94 [00:12<00:00,  6.77it/s]
15/20 epoch | loss: 0.2297 | accuracy: 92.1%:  95%|█████████▍| 89/94 [00:12<00:00,  6.75it/s]
15/20 epoch | loss: 0.2570 | accuracy: 91.5%:  95%|█████████▍| 89/94 [00:13<00:00,  6.75it/s]
15/20 epoch | loss: 0.2570 | accuracy: 91.5%:  96%|█████████▌| 90/94 [00:13<00:00,  6.85it/s]
15/20 epoch | loss: 0.2578 | accuracy: 91.4%:  96%|█████████▌| 90/94 [00:13<00:00,  6.85it/s]
15/20 epoch | loss: 0.2578 | accuracy: 91.4%:  97%|█████████▋| 91/94 [00:13<00:00,  6.95it/s]
15/20 epoch | loss: 0.2102 | accuracy: 93.1%:  97%|█████████▋| 91/94 [00:13<00:00,  6.95it/s]
15/20 epoch | loss: 0.2102 | accuracy: 93.1%:  98%|█████████▊| 92/94 [00:13<00:00,  6.95it/s]
15/20 epoch | loss: 0.3483 | accuracy: 88.1%:  98%|█████████▊| 92/94 [00:13<00:00,  6.95it/s]
15/20 epoch | loss: 0.3483 | accuracy: 88.1%:  99%|█████████▉| 93/94 [00:13<00:00,  6.80it/s]
15/20 epoch | loss: 0.2140 | accuracy: 92.7%:  99%|█████████▉| 93/94 [00:13<00:00,  6.80it/s]
15/20 epoch | loss: 0.2140 | accuracy: 92.7%: 100%|██████████| 94/94 [00:13<00:00,  6.81it/s]
15/20 epoch | loss: 0.2140 | accuracy: 92.7%: 100%|██████████| 94/94 [00:13<00:00,  6.90it/s]
train loss: 0.2485 | train acc: 91.6% | val loss: 0.2677 | val acc: 91.3% | val mIoU: 81.4%
saving checkpoint to checkpoints/segmentation/05-07_12-23-26/Segmentation_ckpt_epoch14_metric81.37.ckpt

  0%|          | 0/94 [00:00<?, ?it/s]
16/20 epoch | loss: 0.3071 | accuracy: 89.3%:   0%|          | 0/94 [00:00<?, ?it/s]
16/20 epoch | loss: 0.3071 | accuracy: 89.3%:   1%|          | 1/94 [00:00<00:13,  6.70it/s]
16/20 epoch | loss: 0.2052 | accuracy: 93.2%:   1%|          | 1/94 [00:00<00:13,  6.70it/s]
16/20 epoch | loss: 0.2052 | accuracy: 93.2%:   2%|▏         | 2/94 [00:00<00:13,  6.74it/s]
16/20 epoch | loss: 0.3517 | accuracy: 88.7%:   2%|▏         | 2/94 [00:00<00:13,  6.74it/s]
16/20 epoch | loss: 0.3517 | accuracy: 88.7%:   3%|▎         | 3/94 [00:00<00:13,  6.79it/s]
16/20 epoch | loss: 0.2361 | accuracy: 91.6%:   3%|▎         | 3/94 [00:00<00:13,  6.79it/s]
16/20 epoch | loss: 0.2361 | accuracy: 91.6%:   4%|▍         | 4/94 [00:00<00:13,  6.85it/s]
16/20 epoch | loss: 0.2358 | accuracy: 92.5%:   4%|▍         | 4/94 [00:00<00:13,  6.85it/s]
16/20 epoch | loss: 0.2358 | accuracy: 92.5%:   5%|▌         | 5/94 [00:00<00:12,  6.87it/s]
16/20 epoch | loss: 0.2878 | accuracy: 90.7%:   5%|▌         | 5/94 [00:00<00:12,  6.87it/s]
16/20 epoch | loss: 0.2878 | accuracy: 90.7%:   6%|▋         | 6/94 [00:00<00:13,  6.72it/s]
16/20 epoch | loss: 0.2164 | accuracy: 92.6%:   6%|▋         | 6/94 [00:01<00:13,  6.72it/s]
16/20 epoch | loss: 0.2164 | accuracy: 92.6%:   7%|▋         | 7/94 [00:01<00:12,  6.73it/s]
16/20 epoch | loss: 0.2684 | accuracy: 90.4%:   7%|▋         | 7/94 [00:01<00:12,  6.73it/s]
16/20 epoch | loss: 0.2684 | accuracy: 90.4%:   9%|▊         | 8/94 [00:01<00:13,  6.56it/s]
16/20 epoch | loss: 0.2437 | accuracy: 91.6%:   9%|▊         | 8/94 [00:01<00:13,  6.56it/s]
16/20 epoch | loss: 0.2437 | accuracy: 91.6%:  10%|▉         | 9/94 [00:01<00:13,  6.42it/s]
16/20 epoch | loss: 0.2219 | accuracy: 91.9%:  10%|▉         | 9/94 [00:01<00:13,  6.42it/s]
16/20 epoch | loss: 0.2219 | accuracy: 91.9%:  11%|█         | 10/94 [00:01<00:13,  6.30it/s]
16/20 epoch | loss: 0.2503 | accuracy: 91.8%:  11%|█         | 10/94 [00:01<00:13,  6.30it/s]
16/20 epoch | loss: 0.2503 | accuracy: 91.8%:  12%|█▏        | 11/94 [00:01<00:12,  6.47it/s]
16/20 epoch | loss: 0.2509 | accuracy: 91.5%:  12%|█▏        | 11/94 [00:01<00:12,  6.47it/s]
16/20 epoch | loss: 0.2509 | accuracy: 91.5%:  13%|█▎        | 12/94 [00:01<00:12,  6.52it/s]
16/20 epoch | loss: 0.2802 | accuracy: 91.0%:  13%|█▎        | 12/94 [00:01<00:12,  6.52it/s]
16/20 epoch | loss: 0.2802 | accuracy: 91.0%:  14%|█▍        | 13/94 [00:01<00:12,  6.64it/s]
16/20 epoch | loss: 0.2498 | accuracy: 92.1%:  14%|█▍        | 13/94 [00:02<00:12,  6.64it/s]
16/20 epoch | loss: 0.2498 | accuracy: 92.1%:  15%|█▍        | 14/94 [00:02<00:11,  6.84it/s]
16/20 epoch | loss: 0.2239 | accuracy: 92.6%:  15%|█▍        | 14/94 [00:02<00:11,  6.84it/s]
16/20 epoch | loss: 0.2239 | accuracy: 92.6%:  16%|█▌        | 15/94 [00:02<00:11,  6.82it/s]
16/20 epoch | loss: 0.2497 | accuracy: 91.5%:  16%|█▌        | 15/94 [00:02<00:11,  6.82it/s]
16/20 epoch | loss: 0.2497 | accuracy: 91.5%:  17%|█▋        | 16/94 [00:02<00:11,  6.81it/s]
16/20 epoch | loss: 0.2411 | accuracy: 91.3%:  17%|█▋        | 16/94 [00:02<00:11,  6.81it/s]
16/20 epoch | loss: 0.2411 | accuracy: 91.3%:  18%|█▊        | 17/94 [00:02<00:11,  6.88it/s]
16/20 epoch | loss: 0.2583 | accuracy: 91.1%:  18%|█▊        | 17/94 [00:02<00:11,  6.88it/s]
16/20 epoch | loss: 0.2583 | accuracy: 91.1%:  19%|█▉        | 18/94 [00:02<00:11,  6.89it/s]
16/20 epoch | loss: 0.2627 | accuracy: 91.0%:  19%|█▉        | 18/94 [00:02<00:11,  6.89it/s]
16/20 epoch | loss: 0.2627 | accuracy: 91.0%:  20%|██        | 19/94 [00:02<00:10,  6.89it/s]
16/20 epoch | loss: 0.2278 | accuracy: 92.2%:  20%|██        | 19/94 [00:02<00:10,  6.89it/s]
16/20 epoch | loss: 0.2278 | accuracy: 92.2%:  21%|██▏       | 20/94 [00:02<00:10,  7.04it/s]
16/20 epoch | loss: 0.2801 | accuracy: 91.2%:  21%|██▏       | 20/94 [00:03<00:10,  7.04it/s]
16/20 epoch | loss: 0.2801 | accuracy: 91.2%:  22%|██▏       | 21/94 [00:03<00:10,  7.02it/s]
16/20 epoch | loss: 0.2643 | accuracy: 91.2%:  22%|██▏       | 21/94 [00:03<00:10,  7.02it/s]
16/20 epoch | loss: 0.2643 | accuracy: 91.2%:  23%|██▎       | 22/94 [00:03<00:10,  6.99it/s]
16/20 epoch | loss: 0.2485 | accuracy: 91.1%:  23%|██▎       | 22/94 [00:03<00:10,  6.99it/s]
16/20 epoch | loss: 0.2485 | accuracy: 91.1%:  24%|██▍       | 23/94 [00:03<00:10,  6.99it/s]
16/20 epoch | loss: 0.1859 | accuracy: 93.8%:  24%|██▍       | 23/94 [00:03<00:10,  6.99it/s]
16/20 epoch | loss: 0.1859 | accuracy: 93.8%:  26%|██▌       | 24/94 [00:03<00:09,  7.13it/s]
16/20 epoch | loss: 0.2213 | accuracy: 91.7%:  26%|██▌       | 24/94 [00:03<00:09,  7.13it/s]
16/20 epoch | loss: 0.2213 | accuracy: 91.7%:  27%|██▋       | 25/94 [00:03<00:10,  6.61it/s]
16/20 epoch | loss: 0.1984 | accuracy: 93.1%:  27%|██▋       | 25/94 [00:03<00:10,  6.61it/s]
16/20 epoch | loss: 0.1984 | accuracy: 93.1%:  28%|██▊       | 26/94 [00:03<00:10,  6.78it/s]
16/20 epoch | loss: 0.2788 | accuracy: 89.8%:  28%|██▊       | 26/94 [00:04<00:10,  6.78it/s]
16/20 epoch | loss: 0.2788 | accuracy: 89.8%:  29%|██▊       | 27/94 [00:04<00:10,  6.49it/s]
16/20 epoch | loss: 0.2864 | accuracy: 89.3%:  29%|██▊       | 27/94 [00:04<00:10,  6.49it/s]
16/20 epoch | loss: 0.2864 | accuracy: 89.3%:  30%|██▉       | 28/94 [00:04<00:10,  6.58it/s]
16/20 epoch | loss: 0.2753 | accuracy: 91.6%:  30%|██▉       | 28/94 [00:04<00:10,  6.58it/s]
16/20 epoch | loss: 0.2753 | accuracy: 91.6%:  31%|███       | 29/94 [00:04<00:09,  6.74it/s]
16/20 epoch | loss: 0.2316 | accuracy: 92.1%:  31%|███       | 29/94 [00:04<00:09,  6.74it/s]
16/20 epoch | loss: 0.2316 | accuracy: 92.1%:  32%|███▏      | 30/94 [00:04<00:09,  6.79it/s]
16/20 epoch | loss: 0.2148 | accuracy: 92.5%:  32%|███▏      | 30/94 [00:04<00:09,  6.79it/s]
16/20 epoch | loss: 0.2148 | accuracy: 92.5%:  33%|███▎      | 31/94 [00:04<00:09,  6.79it/s]
16/20 epoch | loss: 0.2682 | accuracy: 91.3%:  33%|███▎      | 31/94 [00:04<00:09,  6.79it/s]
16/20 epoch | loss: 0.2682 | accuracy: 91.3%:  34%|███▍      | 32/94 [00:04<00:09,  6.83it/s]
16/20 epoch | loss: 0.2386 | accuracy: 92.4%:  34%|███▍      | 32/94 [00:04<00:09,  6.83it/s]
16/20 epoch | loss: 0.2386 | accuracy: 92.4%:  35%|███▌      | 33/94 [00:04<00:08,  6.88it/s]
16/20 epoch | loss: 0.2919 | accuracy: 90.9%:  35%|███▌      | 33/94 [00:05<00:08,  6.88it/s]
16/20 epoch | loss: 0.2919 | accuracy: 90.9%:  36%|███▌      | 34/94 [00:05<00:08,  6.93it/s]
16/20 epoch | loss: 0.2180 | accuracy: 92.5%:  36%|███▌      | 34/94 [00:05<00:08,  6.93it/s]
16/20 epoch | loss: 0.2180 | accuracy: 92.5%:  37%|███▋      | 35/94 [00:05<00:08,  7.05it/s]
16/20 epoch | loss: 0.2123 | accuracy: 92.4%:  37%|███▋      | 35/94 [00:05<00:08,  7.05it/s]
16/20 epoch | loss: 0.2123 | accuracy: 92.4%:  38%|███▊      | 36/94 [00:05<00:08,  7.05it/s]
16/20 epoch | loss: 0.2358 | accuracy: 92.9%:  38%|███▊      | 36/94 [00:05<00:08,  7.05it/s]
16/20 epoch | loss: 0.2358 | accuracy: 92.9%:  39%|███▉      | 37/94 [00:05<00:08,  7.12it/s]
16/20 epoch | loss: 0.1765 | accuracy: 93.6%:  39%|███▉      | 37/94 [00:05<00:08,  7.12it/s]
16/20 epoch | loss: 0.1765 | accuracy: 93.6%:  40%|████      | 38/94 [00:05<00:07,  7.13it/s]
16/20 epoch | loss: 0.2733 | accuracy: 90.0%:  40%|████      | 38/94 [00:05<00:07,  7.13it/s]
16/20 epoch | loss: 0.2733 | accuracy: 90.0%:  41%|████▏     | 39/94 [00:05<00:07,  7.09it/s]
16/20 epoch | loss: 0.2090 | accuracy: 92.8%:  41%|████▏     | 39/94 [00:05<00:07,  7.09it/s]
16/20 epoch | loss: 0.2090 | accuracy: 92.8%:  43%|████▎     | 40/94 [00:05<00:07,  7.14it/s]
16/20 epoch | loss: 0.2148 | accuracy: 92.2%:  43%|████▎     | 40/94 [00:06<00:07,  7.14it/s]
16/20 epoch | loss: 0.2148 | accuracy: 92.2%:  44%|████▎     | 41/94 [00:06<00:07,  6.95it/s]
16/20 epoch | loss: 0.2152 | accuracy: 91.9%:  44%|████▎     | 41/94 [00:06<00:07,  6.95it/s]
16/20 epoch | loss: 0.2152 | accuracy: 91.9%:  45%|████▍     | 42/94 [00:06<00:07,  6.82it/s]
16/20 epoch | loss: 0.1801 | accuracy: 93.7%:  45%|████▍     | 42/94 [00:06<00:07,  6.82it/s]
16/20 epoch | loss: 0.1801 | accuracy: 93.7%:  46%|████▌     | 43/94 [00:06<00:07,  6.94it/s]
16/20 epoch | loss: 0.2343 | accuracy: 92.4%:  46%|████▌     | 43/94 [00:06<00:07,  6.94it/s]
16/20 epoch | loss: 0.2343 | accuracy: 92.4%:  47%|████▋     | 44/94 [00:06<00:07,  6.98it/s]
16/20 epoch | loss: 0.3093 | accuracy: 89.5%:  47%|████▋     | 44/94 [00:06<00:07,  6.98it/s]
16/20 epoch | loss: 0.3093 | accuracy: 89.5%:  48%|████▊     | 45/94 [00:06<00:07,  6.95it/s]
16/20 epoch | loss: 0.2011 | accuracy: 92.7%:  48%|████▊     | 45/94 [00:06<00:07,  6.95it/s]
16/20 epoch | loss: 0.2011 | accuracy: 92.7%:  49%|████▉     | 46/94 [00:06<00:06,  7.04it/s]
16/20 epoch | loss: 0.2178 | accuracy: 92.3%:  49%|████▉     | 46/94 [00:06<00:06,  7.04it/s]
16/20 epoch | loss: 0.2178 | accuracy: 92.3%:  50%|█████     | 47/94 [00:06<00:06,  6.94it/s]
16/20 epoch | loss: 0.2001 | accuracy: 93.0%:  50%|█████     | 47/94 [00:07<00:06,  6.94it/s]
16/20 epoch | loss: 0.2001 | accuracy: 93.0%:  51%|█████     | 48/94 [00:07<00:06,  6.93it/s]
16/20 epoch | loss: 0.2679 | accuracy: 91.6%:  51%|█████     | 48/94 [00:07<00:06,  6.93it/s]
16/20 epoch | loss: 0.2679 | accuracy: 91.6%:  52%|█████▏    | 49/94 [00:07<00:06,  6.93it/s]
16/20 epoch | loss: 0.2554 | accuracy: 91.0%:  52%|█████▏    | 49/94 [00:07<00:06,  6.93it/s]
16/20 epoch | loss: 0.2554 | accuracy: 91.0%:  53%|█████▎    | 50/94 [00:07<00:06,  6.95it/s]
16/20 epoch | loss: 0.2242 | accuracy: 92.2%:  53%|█████▎    | 50/94 [00:07<00:06,  6.95it/s]
16/20 epoch | loss: 0.2242 | accuracy: 92.2%:  54%|█████▍    | 51/94 [00:07<00:06,  6.95it/s]
16/20 epoch | loss: 0.1903 | accuracy: 93.3%:  54%|█████▍    | 51/94 [00:07<00:06,  6.95it/s]
16/20 epoch | loss: 0.1903 | accuracy: 93.3%:  55%|█████▌    | 52/94 [00:07<00:06,  6.95it/s]
16/20 epoch | loss: 0.2158 | accuracy: 92.2%:  55%|█████▌    | 52/94 [00:07<00:06,  6.95it/s]
16/20 epoch | loss: 0.2158 | accuracy: 92.2%:  56%|█████▋    | 53/94 [00:07<00:05,  6.93it/s]
16/20 epoch | loss: 0.2490 | accuracy: 91.7%:  56%|█████▋    | 53/94 [00:07<00:05,  6.93it/s]
16/20 epoch | loss: 0.2490 | accuracy: 91.7%:  57%|█████▋    | 54/94 [00:07<00:05,  6.99it/s]
16/20 epoch | loss: 0.1982 | accuracy: 92.9%:  57%|█████▋    | 54/94 [00:08<00:05,  6.99it/s]
16/20 epoch | loss: 0.1982 | accuracy: 92.9%:  59%|█████▊    | 55/94 [00:08<00:05,  6.98it/s]
16/20 epoch | loss: 0.2442 | accuracy: 92.0%:  59%|█████▊    | 55/94 [00:08<00:05,  6.98it/s]
16/20 epoch | loss: 0.2442 | accuracy: 92.0%:  60%|█████▉    | 56/94 [00:08<00:05,  6.94it/s]
16/20 epoch | loss: 0.2581 | accuracy: 91.6%:  60%|█████▉    | 56/94 [00:08<00:05,  6.94it/s]
16/20 epoch | loss: 0.2581 | accuracy: 91.6%:  61%|██████    | 57/94 [00:08<00:05,  7.00it/s]
16/20 epoch | loss: 0.2029 | accuracy: 93.3%:  61%|██████    | 57/94 [00:08<00:05,  7.00it/s]
16/20 epoch | loss: 0.2029 | accuracy: 93.3%:  62%|██████▏   | 58/94 [00:08<00:05,  7.01it/s]
16/20 epoch | loss: 0.2336 | accuracy: 91.9%:  62%|██████▏   | 58/94 [00:08<00:05,  7.01it/s]
16/20 epoch | loss: 0.2336 | accuracy: 91.9%:  63%|██████▎   | 59/94 [00:08<00:04,  7.00it/s]
16/20 epoch | loss: 0.2540 | accuracy: 91.3%:  63%|██████▎   | 59/94 [00:08<00:04,  7.00it/s]
16/20 epoch | loss: 0.2540 | accuracy: 91.3%:  64%|██████▍   | 60/94 [00:08<00:04,  6.93it/s]
16/20 epoch | loss: 0.3418 | accuracy: 88.1%:  64%|██████▍   | 60/94 [00:08<00:04,  6.93it/s]
16/20 epoch | loss: 0.3418 | accuracy: 88.1%:  65%|██████▍   | 61/94 [00:08<00:04,  6.88it/s]
16/20 epoch | loss: 0.2941 | accuracy: 90.5%:  65%|██████▍   | 61/94 [00:09<00:04,  6.88it/s]
16/20 epoch | loss: 0.2941 | accuracy: 90.5%:  66%|██████▌   | 62/94 [00:09<00:04,  6.95it/s]
16/20 epoch | loss: 0.1975 | accuracy: 92.8%:  66%|██████▌   | 62/94 [00:09<00:04,  6.95it/s]
16/20 epoch | loss: 0.1975 | accuracy: 92.8%:  67%|██████▋   | 63/94 [00:09<00:04,  7.04it/s]
16/20 epoch | loss: 0.2796 | accuracy: 91.1%:  67%|██████▋   | 63/94 [00:09<00:04,  7.04it/s]
16/20 epoch | loss: 0.2796 | accuracy: 91.1%:  68%|██████▊   | 64/94 [00:09<00:04,  7.03it/s]
16/20 epoch | loss: 0.2487 | accuracy: 91.0%:  68%|██████▊   | 64/94 [00:09<00:04,  7.03it/s]
16/20 epoch | loss: 0.2487 | accuracy: 91.0%:  69%|██████▉   | 65/94 [00:09<00:04,  7.08it/s]
16/20 epoch | loss: 0.2118 | accuracy: 93.0%:  69%|██████▉   | 65/94 [00:09<00:04,  7.08it/s]
16/20 epoch | loss: 0.2118 | accuracy: 93.0%:  70%|███████   | 66/94 [00:09<00:03,  7.13it/s]
16/20 epoch | loss: 0.2440 | accuracy: 92.2%:  70%|███████   | 66/94 [00:09<00:03,  7.13it/s]
16/20 epoch | loss: 0.2440 | accuracy: 92.2%:  71%|███████▏  | 67/94 [00:09<00:03,  6.96it/s]
16/20 epoch | loss: 0.2253 | accuracy: 92.2%:  71%|███████▏  | 67/94 [00:09<00:03,  6.96it/s]
16/20 epoch | loss: 0.2253 | accuracy: 92.2%:  72%|███████▏  | 68/94 [00:09<00:03,  7.04it/s]
16/20 epoch | loss: 0.2942 | accuracy: 90.8%:  72%|███████▏  | 68/94 [00:10<00:03,  7.04it/s]
16/20 epoch | loss: 0.2942 | accuracy: 90.8%:  73%|███████▎  | 69/94 [00:10<00:03,  7.06it/s]
16/20 epoch | loss: 0.2052 | accuracy: 92.8%:  73%|███████▎  | 69/94 [00:10<00:03,  7.06it/s]
16/20 epoch | loss: 0.2052 | accuracy: 92.8%:  74%|███████▍  | 70/94 [00:10<00:03,  7.05it/s]
16/20 epoch | loss: 0.2073 | accuracy: 93.2%:  74%|███████▍  | 70/94 [00:10<00:03,  7.05it/s]
16/20 epoch | loss: 0.2073 | accuracy: 93.2%:  76%|███████▌  | 71/94 [00:10<00:03,  6.89it/s]
16/20 epoch | loss: 0.2193 | accuracy: 92.6%:  76%|███████▌  | 71/94 [00:10<00:03,  6.89it/s]
16/20 epoch | loss: 0.2193 | accuracy: 92.6%:  77%|███████▋  | 72/94 [00:10<00:03,  6.99it/s]
16/20 epoch | loss: 0.2260 | accuracy: 91.8%:  77%|███████▋  | 72/94 [00:10<00:03,  6.99it/s]
16/20 epoch | loss: 0.2260 | accuracy: 91.8%:  78%|███████▊  | 73/94 [00:10<00:02,  7.02it/s]
16/20 epoch | loss: 0.2231 | accuracy: 92.2%:  78%|███████▊  | 73/94 [00:10<00:02,  7.02it/s]
16/20 epoch | loss: 0.2231 | accuracy: 92.2%:  79%|███████▊  | 74/94 [00:10<00:02,  7.01it/s]
16/20 epoch | loss: 0.2185 | accuracy: 92.9%:  79%|███████▊  | 74/94 [00:10<00:02,  7.01it/s]
16/20 epoch | loss: 0.2185 | accuracy: 92.9%:  80%|███████▉  | 75/94 [00:10<00:02,  6.96it/s]
16/20 epoch | loss: 0.2707 | accuracy: 90.3%:  80%|███████▉  | 75/94 [00:11<00:02,  6.96it/s]
16/20 epoch | loss: 0.2707 | accuracy: 90.3%:  81%|████████  | 76/94 [00:11<00:02,  7.03it/s]
16/20 epoch | loss: 0.1965 | accuracy: 93.3%:  81%|████████  | 76/94 [00:11<00:02,  7.03it/s]
16/20 epoch | loss: 0.1965 | accuracy: 93.3%:  82%|████████▏ | 77/94 [00:11<00:02,  7.01it/s]
16/20 epoch | loss: 0.2415 | accuracy: 91.5%:  82%|████████▏ | 77/94 [00:11<00:02,  7.01it/s]
16/20 epoch | loss: 0.2415 | accuracy: 91.5%:  83%|████████▎ | 78/94 [00:11<00:02,  7.03it/s]
16/20 epoch | loss: 0.2878 | accuracy: 90.1%:  83%|████████▎ | 78/94 [00:11<00:02,  7.03it/s]
16/20 epoch | loss: 0.2878 | accuracy: 90.1%:  84%|████████▍ | 79/94 [00:11<00:02,  7.03it/s]
16/20 epoch | loss: 0.2559 | accuracy: 91.5%:  84%|████████▍ | 79/94 [00:11<00:02,  7.03it/s]
16/20 epoch | loss: 0.2559 | accuracy: 91.5%:  85%|████████▌ | 80/94 [00:11<00:01,  7.05it/s]
16/20 epoch | loss: 0.2132 | accuracy: 91.9%:  85%|████████▌ | 80/94 [00:11<00:01,  7.05it/s]
16/20 epoch | loss: 0.2132 | accuracy: 91.9%:  86%|████████▌ | 81/94 [00:11<00:01,  7.03it/s]
16/20 epoch | loss: 0.3167 | accuracy: 89.9%:  86%|████████▌ | 81/94 [00:11<00:01,  7.03it/s]
16/20 epoch | loss: 0.3167 | accuracy: 89.9%:  87%|████████▋ | 82/94 [00:11<00:01,  6.98it/s]
16/20 epoch | loss: 0.2369 | accuracy: 91.7%:  87%|████████▋ | 82/94 [00:12<00:01,  6.98it/s]
16/20 epoch | loss: 0.2369 | accuracy: 91.7%:  88%|████████▊ | 83/94 [00:12<00:01,  7.01it/s]
16/20 epoch | loss: 0.2484 | accuracy: 91.6%:  88%|████████▊ | 83/94 [00:12<00:01,  7.01it/s]
16/20 epoch | loss: 0.2484 | accuracy: 91.6%:  89%|████████▉ | 84/94 [00:12<00:01,  7.02it/s]
16/20 epoch | loss: 0.1868 | accuracy: 93.6%:  89%|████████▉ | 84/94 [00:12<00:01,  7.02it/s]
16/20 epoch | loss: 0.1868 | accuracy: 93.6%:  90%|█████████ | 85/94 [00:12<00:01,  6.93it/s]
16/20 epoch | loss: 0.2542 | accuracy: 92.3%:  90%|█████████ | 85/94 [00:12<00:01,  6.93it/s]
16/20 epoch | loss: 0.2542 | accuracy: 92.3%:  91%|█████████▏| 86/94 [00:12<00:01,  6.74it/s]
16/20 epoch | loss: 0.2892 | accuracy: 90.7%:  91%|█████████▏| 86/94 [00:12<00:01,  6.74it/s]
16/20 epoch | loss: 0.2892 | accuracy: 90.7%:  93%|█████████▎| 87/94 [00:12<00:01,  6.74it/s]
16/20 epoch | loss: 0.2000 | accuracy: 93.0%:  93%|█████████▎| 87/94 [00:12<00:01,  6.74it/s]
16/20 epoch | loss: 0.2000 | accuracy: 93.0%:  94%|█████████▎| 88/94 [00:12<00:00,  6.80it/s]
16/20 epoch | loss: 0.2425 | accuracy: 91.8%:  94%|█████████▎| 88/94 [00:12<00:00,  6.80it/s]
16/20 epoch | loss: 0.2425 | accuracy: 91.8%:  95%|█████████▍| 89/94 [00:12<00:00,  6.84it/s]
16/20 epoch | loss: 0.2004 | accuracy: 93.4%:  95%|█████████▍| 89/94 [00:13<00:00,  6.84it/s]
16/20 epoch | loss: 0.2004 | accuracy: 93.4%:  96%|█████████▌| 90/94 [00:13<00:00,  6.89it/s]
16/20 epoch | loss: 0.2781 | accuracy: 91.2%:  96%|█████████▌| 90/94 [00:13<00:00,  6.89it/s]
16/20 epoch | loss: 0.2781 | accuracy: 91.2%:  97%|█████████▋| 91/94 [00:13<00:00,  6.98it/s]
16/20 epoch | loss: 0.2177 | accuracy: 92.4%:  97%|█████████▋| 91/94 [00:13<00:00,  6.98it/s]
16/20 epoch | loss: 0.2177 | accuracy: 92.4%:  98%|█████████▊| 92/94 [00:13<00:00,  7.01it/s]
16/20 epoch | loss: 0.3510 | accuracy: 89.8%:  98%|█████████▊| 92/94 [00:13<00:00,  7.01it/s]
16/20 epoch | loss: 0.3510 | accuracy: 89.8%:  99%|█████████▉| 93/94 [00:13<00:00,  7.07it/s]
16/20 epoch | loss: 0.1936 | accuracy: 93.4%:  99%|█████████▉| 93/94 [00:13<00:00,  7.07it/s]
16/20 epoch | loss: 0.1936 | accuracy: 93.4%: 100%|██████████| 94/94 [00:13<00:00,  6.98it/s]
16/20 epoch | loss: 0.1936 | accuracy: 93.4%: 100%|██████████| 94/94 [00:13<00:00,  6.91it/s]
train loss: 0.2421 | train acc: 91.8% | val loss: 0.2689 | val acc: 91.2% | val mIoU: 81.6%
saving checkpoint to checkpoints/segmentation/05-07_12-23-26/Segmentation_ckpt_epoch15_metric81.62.ckpt

  0%|          | 0/94 [00:00<?, ?it/s]
17/20 epoch | loss: 0.3441 | accuracy: 89.9%:   0%|          | 0/94 [00:00<?, ?it/s]
17/20 epoch | loss: 0.3441 | accuracy: 89.9%:   1%|          | 1/94 [00:00<00:16,  5.79it/s]
17/20 epoch | loss: 0.2785 | accuracy: 90.5%:   1%|          | 1/94 [00:00<00:16,  5.79it/s]
17/20 epoch | loss: 0.2785 | accuracy: 90.5%:   2%|▏         | 2/94 [00:00<00:15,  5.79it/s]
17/20 epoch | loss: 0.2435 | accuracy: 91.1%:   2%|▏         | 2/94 [00:00<00:15,  5.79it/s]
17/20 epoch | loss: 0.2435 | accuracy: 91.1%:   3%|▎         | 3/94 [00:00<00:15,  5.95it/s]
17/20 epoch | loss: 0.2388 | accuracy: 92.4%:   3%|▎         | 3/94 [00:00<00:15,  5.95it/s]
17/20 epoch | loss: 0.2388 | accuracy: 92.4%:   4%|▍         | 4/94 [00:00<00:14,  6.05it/s]
17/20 epoch | loss: 0.2122 | accuracy: 92.6%:   4%|▍         | 4/94 [00:00<00:14,  6.05it/s]
17/20 epoch | loss: 0.2122 | accuracy: 92.6%:   5%|▌         | 5/94 [00:00<00:14,  6.09it/s]
17/20 epoch | loss: 0.2620 | accuracy: 90.6%:   5%|▌         | 5/94 [00:01<00:14,  6.09it/s]
17/20 epoch | loss: 0.2620 | accuracy: 90.6%:   6%|▋         | 6/94 [00:01<00:15,  5.80it/s]
17/20 epoch | loss: 0.1949 | accuracy: 93.3%:   6%|▋         | 6/94 [00:01<00:15,  5.80it/s]
17/20 epoch | loss: 0.1949 | accuracy: 93.3%:   7%|▋         | 7/94 [00:01<00:15,  5.75it/s]
17/20 epoch | loss: 0.2445 | accuracy: 91.7%:   7%|▋         | 7/94 [00:01<00:15,  5.75it/s]
17/20 epoch | loss: 0.2445 | accuracy: 91.7%:   9%|▊         | 8/94 [00:01<00:15,  5.62it/s]
17/20 epoch | loss: 0.2484 | accuracy: 92.8%:   9%|▊         | 8/94 [00:01<00:15,  5.62it/s]
17/20 epoch | loss: 0.2484 | accuracy: 92.8%:  10%|▉         | 9/94 [00:01<00:14,  5.70it/s]
17/20 epoch | loss: 0.2212 | accuracy: 92.5%:  10%|▉         | 9/94 [00:01<00:14,  5.70it/s]
17/20 epoch | loss: 0.2212 | accuracy: 92.5%:  11%|█         | 10/94 [00:01<00:14,  5.73it/s]
17/20 epoch | loss: 0.2323 | accuracy: 92.8%:  11%|█         | 10/94 [00:01<00:14,  5.73it/s]
17/20 epoch | loss: 0.2323 | accuracy: 92.8%:  12%|█▏        | 11/94 [00:01<00:15,  5.47it/s]
17/20 epoch | loss: 0.2637 | accuracy: 92.1%:  12%|█▏        | 11/94 [00:02<00:15,  5.47it/s]
17/20 epoch | loss: 0.2637 | accuracy: 92.1%:  13%|█▎        | 12/94 [00:02<00:15,  5.22it/s]
17/20 epoch | loss: 0.2487 | accuracy: 90.9%:  13%|█▎        | 12/94 [00:02<00:15,  5.22it/s]
17/20 epoch | loss: 0.2487 | accuracy: 90.9%:  14%|█▍        | 13/94 [00:02<00:15,  5.15it/s]
17/20 epoch | loss: 0.2028 | accuracy: 93.1%:  14%|█▍        | 13/94 [00:02<00:15,  5.15it/s]
17/20 epoch | loss: 0.2028 | accuracy: 93.1%:  15%|█▍        | 14/94 [00:02<00:14,  5.46it/s]
17/20 epoch | loss: 0.2437 | accuracy: 91.3%:  15%|█▍        | 14/94 [00:02<00:14,  5.46it/s]
17/20 epoch | loss: 0.2437 | accuracy: 91.3%:  16%|█▌        | 15/94 [00:02<00:14,  5.61it/s]
17/20 epoch | loss: 0.2602 | accuracy: 90.3%:  16%|█▌        | 15/94 [00:02<00:14,  5.61it/s]
17/20 epoch | loss: 0.2602 | accuracy: 90.3%:  17%|█▋        | 16/94 [00:02<00:13,  5.62it/s]
17/20 epoch | loss: 0.2323 | accuracy: 91.6%:  17%|█▋        | 16/94 [00:03<00:13,  5.62it/s]
17/20 epoch | loss: 0.2323 | accuracy: 91.6%:  18%|█▊        | 17/94 [00:03<00:13,  5.65it/s]
17/20 epoch | loss: 0.2157 | accuracy: 92.3%:  18%|█▊        | 17/94 [00:03<00:13,  5.65it/s]
17/20 epoch | loss: 0.2157 | accuracy: 92.3%:  19%|█▉        | 18/94 [00:03<00:13,  5.81it/s]
17/20 epoch | loss: 0.2750 | accuracy: 90.4%:  19%|█▉        | 18/94 [00:03<00:13,  5.81it/s]
17/20 epoch | loss: 0.2750 | accuracy: 90.4%:  20%|██        | 19/94 [00:03<00:13,  5.68it/s]
17/20 epoch | loss: 0.2080 | accuracy: 92.3%:  20%|██        | 19/94 [00:03<00:13,  5.68it/s]
17/20 epoch | loss: 0.2080 | accuracy: 92.3%:  21%|██▏       | 20/94 [00:03<00:13,  5.47it/s]
17/20 epoch | loss: 0.2208 | accuracy: 92.8%:  21%|██▏       | 20/94 [00:03<00:13,  5.47it/s]
17/20 epoch | loss: 0.2208 | accuracy: 92.8%:  22%|██▏       | 21/94 [00:03<00:13,  5.42it/s]
17/20 epoch | loss: 0.2230 | accuracy: 92.7%:  22%|██▏       | 21/94 [00:03<00:13,  5.42it/s]
17/20 epoch | loss: 0.2230 | accuracy: 92.7%:  23%|██▎       | 22/94 [00:03<00:13,  5.39it/s]
17/20 epoch | loss: 0.2080 | accuracy: 92.6%:  23%|██▎       | 22/94 [00:04<00:13,  5.39it/s]
17/20 epoch | loss: 0.2080 | accuracy: 92.6%:  24%|██▍       | 23/94 [00:04<00:13,  5.35it/s]
17/20 epoch | loss: 0.2731 | accuracy: 91.0%:  24%|██▍       | 23/94 [00:04<00:13,  5.35it/s]
17/20 epoch | loss: 0.2731 | accuracy: 91.0%:  26%|██▌       | 24/94 [00:04<00:13,  5.32it/s]
17/20 epoch | loss: 0.2264 | accuracy: 92.0%:  26%|██▌       | 24/94 [00:04<00:13,  5.32it/s]
17/20 epoch | loss: 0.2264 | accuracy: 92.0%:  27%|██▋       | 25/94 [00:04<00:12,  5.36it/s]
17/20 epoch | loss: 0.2360 | accuracy: 91.4%:  27%|██▋       | 25/94 [00:04<00:12,  5.36it/s]
17/20 epoch | loss: 0.2360 | accuracy: 91.4%:  28%|██▊       | 26/94 [00:04<00:12,  5.53it/s]
17/20 epoch | loss: 0.3253 | accuracy: 90.3%:  28%|██▊       | 26/94 [00:04<00:12,  5.53it/s]
17/20 epoch | loss: 0.3253 | accuracy: 90.3%:  29%|██▊       | 27/94 [00:04<00:12,  5.58it/s]
17/20 epoch | loss: 0.3026 | accuracy: 90.7%:  29%|██▊       | 27/94 [00:05<00:12,  5.58it/s]
17/20 epoch | loss: 0.3026 | accuracy: 90.7%:  30%|██▉       | 28/94 [00:05<00:11,  5.75it/s]
17/20 epoch | loss: 0.2625 | accuracy: 91.8%:  30%|██▉       | 28/94 [00:05<00:11,  5.75it/s]
17/20 epoch | loss: 0.2625 | accuracy: 91.8%:  31%|███       | 29/94 [00:05<00:11,  5.85it/s]
17/20 epoch | loss: 0.2544 | accuracy: 91.2%:  31%|███       | 29/94 [00:05<00:11,  5.85it/s]
17/20 epoch | loss: 0.2544 | accuracy: 91.2%:  32%|███▏      | 30/94 [00:05<00:10,  5.88it/s]
17/20 epoch | loss: 0.2795 | accuracy: 90.3%:  32%|███▏      | 30/94 [00:05<00:10,  5.88it/s]
17/20 epoch | loss: 0.2795 | accuracy: 90.3%:  33%|███▎      | 31/94 [00:05<00:10,  5.94it/s]
17/20 epoch | loss: 0.2336 | accuracy: 92.0%:  33%|███▎      | 31/94 [00:05<00:10,  5.94it/s]
17/20 epoch | loss: 0.2336 | accuracy: 92.0%:  34%|███▍      | 32/94 [00:05<00:10,  5.98it/s]
17/20 epoch | loss: 0.2130 | accuracy: 92.8%:  34%|███▍      | 32/94 [00:05<00:10,  5.98it/s]
17/20 epoch | loss: 0.2130 | accuracy: 92.8%:  35%|███▌      | 33/94 [00:05<00:10,  5.85it/s]
17/20 epoch | loss: 0.2342 | accuracy: 91.8%:  35%|███▌      | 33/94 [00:05<00:10,  5.85it/s]
17/20 epoch | loss: 0.2342 | accuracy: 91.8%:  36%|███▌      | 34/94 [00:06<00:09,  6.02it/s]
17/20 epoch | loss: 0.2830 | accuracy: 90.6%:  36%|███▌      | 34/94 [00:06<00:09,  6.02it/s]
17/20 epoch | loss: 0.2830 | accuracy: 90.6%:  37%|███▋      | 35/94 [00:06<00:09,  5.97it/s]
17/20 epoch | loss: 0.2114 | accuracy: 92.6%:  37%|███▋      | 35/94 [00:06<00:09,  5.97it/s]
17/20 epoch | loss: 0.2114 | accuracy: 92.6%:  38%|███▊      | 36/94 [00:06<00:09,  6.04it/s]
17/20 epoch | loss: 0.2337 | accuracy: 92.4%:  38%|███▊      | 36/94 [00:06<00:09,  6.04it/s]
17/20 epoch | loss: 0.2337 | accuracy: 92.4%:  39%|███▉      | 37/94 [00:06<00:09,  6.04it/s]
17/20 epoch | loss: 0.1942 | accuracy: 93.0%:  39%|███▉      | 37/94 [00:06<00:09,  6.04it/s]
17/20 epoch | loss: 0.1942 | accuracy: 93.0%:  40%|████      | 38/94 [00:06<00:09,  6.00it/s]
17/20 epoch | loss: 0.2464 | accuracy: 91.0%:  40%|████      | 38/94 [00:06<00:09,  6.00it/s]
17/20 epoch | loss: 0.2464 | accuracy: 91.0%:  41%|████▏     | 39/94 [00:06<00:09,  6.02it/s]
17/20 epoch | loss: 0.2348 | accuracy: 92.3%:  41%|████▏     | 39/94 [00:06<00:09,  6.02it/s]
17/20 epoch | loss: 0.2348 | accuracy: 92.3%:  43%|████▎     | 40/94 [00:06<00:08,  6.07it/s]
17/20 epoch | loss: 0.2707 | accuracy: 91.9%:  43%|████▎     | 40/94 [00:07<00:08,  6.07it/s]
17/20 epoch | loss: 0.2707 | accuracy: 91.9%:  44%|████▎     | 41/94 [00:07<00:09,  5.79it/s]
17/20 epoch | loss: 0.2152 | accuracy: 92.7%:  44%|████▎     | 41/94 [00:07<00:09,  5.79it/s]
17/20 epoch | loss: 0.2152 | accuracy: 92.7%:  45%|████▍     | 42/94 [00:07<00:09,  5.67it/s]
17/20 epoch | loss: 0.2229 | accuracy: 92.5%:  45%|████▍     | 42/94 [00:07<00:09,  5.67it/s]
17/20 epoch | loss: 0.2229 | accuracy: 92.5%:  46%|████▌     | 43/94 [00:07<00:09,  5.55it/s]
17/20 epoch | loss: 0.2261 | accuracy: 92.2%:  46%|████▌     | 43/94 [00:07<00:09,  5.55it/s]
17/20 epoch | loss: 0.2261 | accuracy: 92.2%:  47%|████▋     | 44/94 [00:07<00:09,  5.47it/s]
17/20 epoch | loss: 0.2567 | accuracy: 91.3%:  47%|████▋     | 44/94 [00:07<00:09,  5.47it/s]
17/20 epoch | loss: 0.2567 | accuracy: 91.3%:  48%|████▊     | 45/94 [00:07<00:09,  5.28it/s]
17/20 epoch | loss: 0.2323 | accuracy: 92.2%:  48%|████▊     | 45/94 [00:08<00:09,  5.28it/s]
17/20 epoch | loss: 0.2323 | accuracy: 92.2%:  49%|████▉     | 46/94 [00:08<00:09,  5.31it/s]
17/20 epoch | loss: 0.2449 | accuracy: 91.0%:  49%|████▉     | 46/94 [00:08<00:09,  5.31it/s]
17/20 epoch | loss: 0.2449 | accuracy: 91.0%:  50%|█████     | 47/94 [00:08<00:08,  5.32it/s]
17/20 epoch | loss: 0.2715 | accuracy: 89.8%:  50%|█████     | 47/94 [00:08<00:08,  5.32it/s]
17/20 epoch | loss: 0.2715 | accuracy: 89.8%:  51%|█████     | 48/94 [00:08<00:08,  5.61it/s]
17/20 epoch | loss: 0.1779 | accuracy: 93.9%:  51%|█████     | 48/94 [00:08<00:08,  5.61it/s]
17/20 epoch | loss: 0.1779 | accuracy: 93.9%:  52%|█████▏    | 49/94 [00:08<00:07,  6.05it/s]
17/20 epoch | loss: 0.2338 | accuracy: 92.4%:  52%|█████▏    | 49/94 [00:08<00:07,  6.05it/s]
17/20 epoch | loss: 0.2338 | accuracy: 92.4%:  53%|█████▎    | 50/94 [00:08<00:06,  6.33it/s]
17/20 epoch | loss: 0.2682 | accuracy: 91.7%:  53%|█████▎    | 50/94 [00:08<00:06,  6.33it/s]
17/20 epoch | loss: 0.2682 | accuracy: 91.7%:  54%|█████▍    | 51/94 [00:08<00:07,  6.11it/s]
17/20 epoch | loss: 0.2072 | accuracy: 92.9%:  54%|█████▍    | 51/94 [00:09<00:07,  6.11it/s]
17/20 epoch | loss: 0.2072 | accuracy: 92.9%:  55%|█████▌    | 52/94 [00:09<00:06,  6.01it/s]
17/20 epoch | loss: 0.2754 | accuracy: 90.4%:  55%|█████▌    | 52/94 [00:09<00:06,  6.01it/s]
17/20 epoch | loss: 0.2754 | accuracy: 90.4%:  56%|█████▋    | 53/94 [00:09<00:07,  5.57it/s]
17/20 epoch | loss: 0.2666 | accuracy: 91.6%:  56%|█████▋    | 53/94 [00:09<00:07,  5.57it/s]
17/20 epoch | loss: 0.2666 | accuracy: 91.6%:  57%|█████▋    | 54/94 [00:09<00:07,  5.49it/s]
17/20 epoch | loss: 0.2205 | accuracy: 92.8%:  57%|█████▋    | 54/94 [00:09<00:07,  5.49it/s]
17/20 epoch | loss: 0.2205 | accuracy: 92.8%:  59%|█████▊    | 55/94 [00:09<00:07,  5.52it/s]
17/20 epoch | loss: 0.2575 | accuracy: 90.3%:  59%|█████▊    | 55/94 [00:09<00:07,  5.52it/s]
17/20 epoch | loss: 0.2575 | accuracy: 90.3%:  60%|█████▉    | 56/94 [00:09<00:06,  5.63it/s]
17/20 epoch | loss: 0.2685 | accuracy: 91.7%:  60%|█████▉    | 56/94 [00:10<00:06,  5.63it/s]
17/20 epoch | loss: 0.2685 | accuracy: 91.7%:  61%|██████    | 57/94 [00:10<00:06,  5.78it/s]
17/20 epoch | loss: 0.2793 | accuracy: 90.7%:  61%|██████    | 57/94 [00:10<00:06,  5.78it/s]
17/20 epoch | loss: 0.2793 | accuracy: 90.7%:  62%|██████▏   | 58/94 [00:10<00:06,  5.86it/s]
17/20 epoch | loss: 0.1819 | accuracy: 93.5%:  62%|██████▏   | 58/94 [00:10<00:06,  5.86it/s]
17/20 epoch | loss: 0.1819 | accuracy: 93.5%:  63%|██████▎   | 59/94 [00:10<00:05,  6.16it/s]
17/20 epoch | loss: 0.2208 | accuracy: 92.1%:  63%|██████▎   | 59/94 [00:10<00:05,  6.16it/s]
17/20 epoch | loss: 0.2208 | accuracy: 92.1%:  64%|██████▍   | 60/94 [00:10<00:05,  6.40it/s]
17/20 epoch | loss: 0.2435 | accuracy: 91.8%:  64%|██████▍   | 60/94 [00:10<00:05,  6.40it/s]
17/20 epoch | loss: 0.2435 | accuracy: 91.8%:  65%|██████▍   | 61/94 [00:10<00:05,  6.54it/s]
17/20 epoch | loss: 0.2532 | accuracy: 91.1%:  65%|██████▍   | 61/94 [00:10<00:05,  6.54it/s]
17/20 epoch | loss: 0.2532 | accuracy: 91.1%:  66%|██████▌   | 62/94 [00:10<00:04,  6.73it/s]
17/20 epoch | loss: 0.2703 | accuracy: 90.9%:  66%|██████▌   | 62/94 [00:10<00:04,  6.73it/s]
17/20 epoch | loss: 0.2703 | accuracy: 90.9%:  67%|██████▋   | 63/94 [00:10<00:04,  6.78it/s]
17/20 epoch | loss: 0.2306 | accuracy: 92.1%:  67%|██████▋   | 63/94 [00:11<00:04,  6.78it/s]
17/20 epoch | loss: 0.2306 | accuracy: 92.1%:  68%|██████▊   | 64/94 [00:11<00:04,  6.86it/s]
17/20 epoch | loss: 0.2288 | accuracy: 91.9%:  68%|██████▊   | 64/94 [00:11<00:04,  6.86it/s]
17/20 epoch | loss: 0.2288 | accuracy: 91.9%:  69%|██████▉   | 65/94 [00:11<00:04,  6.92it/s]
17/20 epoch | loss: 0.1829 | accuracy: 93.9%:  69%|██████▉   | 65/94 [00:11<00:04,  6.92it/s]
17/20 epoch | loss: 0.1829 | accuracy: 93.9%:  70%|███████   | 66/94 [00:11<00:04,  6.86it/s]
17/20 epoch | loss: 0.2500 | accuracy: 91.4%:  70%|███████   | 66/94 [00:11<00:04,  6.86it/s]
17/20 epoch | loss: 0.2500 | accuracy: 91.4%:  71%|███████▏  | 67/94 [00:11<00:03,  6.85it/s]
17/20 epoch | loss: 0.1927 | accuracy: 92.9%:  71%|███████▏  | 67/94 [00:11<00:03,  6.85it/s]
17/20 epoch | loss: 0.1927 | accuracy: 92.9%:  72%|███████▏  | 68/94 [00:11<00:03,  6.95it/s]
17/20 epoch | loss: 0.2147 | accuracy: 92.1%:  72%|███████▏  | 68/94 [00:11<00:03,  6.95it/s]
17/20 epoch | loss: 0.2147 | accuracy: 92.1%:  73%|███████▎  | 69/94 [00:11<00:03,  6.75it/s]
17/20 epoch | loss: 0.2029 | accuracy: 92.9%:  73%|███████▎  | 69/94 [00:11<00:03,  6.75it/s]
17/20 epoch | loss: 0.2029 | accuracy: 92.9%:  74%|███████▍  | 70/94 [00:11<00:03,  6.79it/s]
17/20 epoch | loss: 0.1955 | accuracy: 93.2%:  74%|███████▍  | 70/94 [00:12<00:03,  6.79it/s]
17/20 epoch | loss: 0.1955 | accuracy: 93.2%:  76%|███████▌  | 71/94 [00:12<00:03,  6.83it/s]
17/20 epoch | loss: 0.2055 | accuracy: 93.1%:  76%|███████▌  | 71/94 [00:12<00:03,  6.83it/s]
17/20 epoch | loss: 0.2055 | accuracy: 93.1%:  77%|███████▋  | 72/94 [00:12<00:03,  6.74it/s]
17/20 epoch | loss: 0.2331 | accuracy: 91.9%:  77%|███████▋  | 72/94 [00:12<00:03,  6.74it/s]
17/20 epoch | loss: 0.2331 | accuracy: 91.9%:  78%|███████▊  | 73/94 [00:12<00:03,  6.77it/s]
17/20 epoch | loss: 0.2638 | accuracy: 90.7%:  78%|███████▊  | 73/94 [00:12<00:03,  6.77it/s]
17/20 epoch | loss: 0.2638 | accuracy: 90.7%:  79%|███████▊  | 74/94 [00:12<00:03,  6.55it/s]
17/20 epoch | loss: 0.2255 | accuracy: 92.2%:  79%|███████▊  | 74/94 [00:12<00:03,  6.55it/s]
17/20 epoch | loss: 0.2255 | accuracy: 92.2%:  80%|███████▉  | 75/94 [00:12<00:02,  6.66it/s]
17/20 epoch | loss: 0.2125 | accuracy: 93.0%:  80%|███████▉  | 75/94 [00:12<00:02,  6.66it/s]
17/20 epoch | loss: 0.2125 | accuracy: 93.0%:  81%|████████  | 76/94 [00:12<00:02,  6.79it/s]
17/20 epoch | loss: 0.2184 | accuracy: 92.8%:  81%|████████  | 76/94 [00:12<00:02,  6.79it/s]
17/20 epoch | loss: 0.2184 | accuracy: 92.8%:  82%|████████▏ | 77/94 [00:12<00:02,  6.78it/s]
17/20 epoch | loss: 0.2014 | accuracy: 93.6%:  82%|████████▏ | 77/94 [00:13<00:02,  6.78it/s]
17/20 epoch | loss: 0.2014 | accuracy: 93.6%:  83%|████████▎ | 78/94 [00:13<00:02,  6.72it/s]
17/20 epoch | loss: 0.2256 | accuracy: 92.1%:  83%|████████▎ | 78/94 [00:13<00:02,  6.72it/s]
17/20 epoch | loss: 0.2256 | accuracy: 92.1%:  84%|████████▍ | 79/94 [00:13<00:02,  6.51it/s]
17/20 epoch | loss: 0.2143 | accuracy: 92.5%:  84%|████████▍ | 79/94 [00:13<00:02,  6.51it/s]
17/20 epoch | loss: 0.2143 | accuracy: 92.5%:  85%|████████▌ | 80/94 [00:13<00:02,  6.67it/s]
17/20 epoch | loss: 0.1994 | accuracy: 92.9%:  85%|████████▌ | 80/94 [00:13<00:02,  6.67it/s]
17/20 epoch | loss: 0.1994 | accuracy: 92.9%:  86%|████████▌ | 81/94 [00:13<00:01,  6.54it/s]
17/20 epoch | loss: 0.2375 | accuracy: 91.6%:  86%|████████▌ | 81/94 [00:13<00:01,  6.54it/s]
17/20 epoch | loss: 0.2375 | accuracy: 91.6%:  87%|████████▋ | 82/94 [00:13<00:01,  6.47it/s]
17/20 epoch | loss: 0.1898 | accuracy: 93.1%:  87%|████████▋ | 82/94 [00:13<00:01,  6.47it/s]
17/20 epoch | loss: 0.1898 | accuracy: 93.1%:  88%|████████▊ | 83/94 [00:13<00:01,  6.56it/s]
17/20 epoch | loss: 0.2692 | accuracy: 91.4%:  88%|████████▊ | 83/94 [00:14<00:01,  6.56it/s]
17/20 epoch | loss: 0.2692 | accuracy: 91.4%:  89%|████████▉ | 84/94 [00:14<00:01,  6.49it/s]
17/20 epoch | loss: 0.1978 | accuracy: 93.3%:  89%|████████▉ | 84/94 [00:14<00:01,  6.49it/s]
17/20 epoch | loss: 0.1978 | accuracy: 93.3%:  90%|█████████ | 85/94 [00:14<00:01,  6.23it/s]
17/20 epoch | loss: 0.1931 | accuracy: 93.3%:  90%|█████████ | 85/94 [00:14<00:01,  6.23it/s]
17/20 epoch | loss: 0.1931 | accuracy: 93.3%:  91%|█████████▏| 86/94 [00:14<00:01,  5.97it/s]
17/20 epoch | loss: 0.2380 | accuracy: 92.6%:  91%|█████████▏| 86/94 [00:14<00:01,  5.97it/s]
17/20 epoch | loss: 0.2380 | accuracy: 92.6%:  93%|█████████▎| 87/94 [00:14<00:01,  6.23it/s]
17/20 epoch | loss: 0.2114 | accuracy: 92.4%:  93%|█████████▎| 87/94 [00:14<00:01,  6.23it/s]
17/20 epoch | loss: 0.2114 | accuracy: 92.4%:  94%|█████████▎| 88/94 [00:14<00:00,  6.48it/s]
17/20 epoch | loss: 0.2560 | accuracy: 91.4%:  94%|█████████▎| 88/94 [00:14<00:00,  6.48it/s]
17/20 epoch | loss: 0.2560 | accuracy: 91.4%:  95%|█████████▍| 89/94 [00:14<00:00,  6.63it/s]
17/20 epoch | loss: 0.1943 | accuracy: 92.8%:  95%|█████████▍| 89/94 [00:14<00:00,  6.63it/s]
17/20 epoch | loss: 0.1943 | accuracy: 92.8%:  96%|█████████▌| 90/94 [00:14<00:00,  6.74it/s]
17/20 epoch | loss: 0.1925 | accuracy: 93.0%:  96%|█████████▌| 90/94 [00:15<00:00,  6.74it/s]
17/20 epoch | loss: 0.1925 | accuracy: 93.0%:  97%|█████████▋| 91/94 [00:15<00:00,  6.78it/s]
17/20 epoch | loss: 0.2391 | accuracy: 91.6%:  97%|█████████▋| 91/94 [00:15<00:00,  6.78it/s]
17/20 epoch | loss: 0.2391 | accuracy: 91.6%:  98%|█████████▊| 92/94 [00:15<00:00,  6.91it/s]
17/20 epoch | loss: 0.2127 | accuracy: 92.3%:  98%|█████████▊| 92/94 [00:15<00:00,  6.91it/s]
17/20 epoch | loss: 0.2127 | accuracy: 92.3%:  99%|█████████▉| 93/94 [00:15<00:00,  6.85it/s]
17/20 epoch | loss: 0.2274 | accuracy: 92.4%:  99%|█████████▉| 93/94 [00:15<00:00,  6.85it/s]
17/20 epoch | loss: 0.2274 | accuracy: 92.4%: 100%|██████████| 94/94 [00:15<00:00,  6.84it/s]
17/20 epoch | loss: 0.2274 | accuracy: 92.4%: 100%|██████████| 94/94 [00:15<00:00,  6.05it/s]
train loss: 0.2350 | train acc: 92.0% | val loss: 0.2503 | val acc: 91.8% | val mIoU: 81.2%

  0%|          | 0/94 [00:00<?, ?it/s]
18/20 epoch | loss: 0.2689 | accuracy: 91.0%:   0%|          | 0/94 [00:00<?, ?it/s]
18/20 epoch | loss: 0.2689 | accuracy: 91.0%:   1%|          | 1/94 [00:00<00:15,  6.06it/s]
18/20 epoch | loss: 0.2096 | accuracy: 92.1%:   1%|          | 1/94 [00:00<00:15,  6.06it/s]
18/20 epoch | loss: 0.2096 | accuracy: 92.1%:   2%|▏         | 2/94 [00:00<00:15,  5.85it/s]
18/20 epoch | loss: 0.1842 | accuracy: 93.5%:   2%|▏         | 2/94 [00:00<00:15,  5.85it/s]
18/20 epoch | loss: 0.1842 | accuracy: 93.5%:   3%|▎         | 3/94 [00:00<00:16,  5.52it/s]
18/20 epoch | loss: 0.2192 | accuracy: 92.6%:   3%|▎         | 3/94 [00:00<00:16,  5.52it/s]
18/20 epoch | loss: 0.2192 | accuracy: 92.6%:   4%|▍         | 4/94 [00:00<00:17,  5.12it/s]
18/20 epoch | loss: 0.2327 | accuracy: 91.6%:   4%|▍         | 4/94 [00:00<00:17,  5.12it/s]
18/20 epoch | loss: 0.2327 | accuracy: 91.6%:   5%|▌         | 5/94 [00:00<00:16,  5.44it/s]
18/20 epoch | loss: 0.2882 | accuracy: 90.6%:   5%|▌         | 5/94 [00:01<00:16,  5.44it/s]
18/20 epoch | loss: 0.2882 | accuracy: 90.6%:   6%|▋         | 6/94 [00:01<00:15,  5.55it/s]
18/20 epoch | loss: 0.1918 | accuracy: 93.2%:   6%|▋         | 6/94 [00:01<00:15,  5.55it/s]
18/20 epoch | loss: 0.1918 | accuracy: 93.2%:   7%|▋         | 7/94 [00:01<00:18,  4.79it/s]
18/20 epoch | loss: 0.2541 | accuracy: 90.9%:   7%|▋         | 7/94 [00:01<00:18,  4.79it/s]
18/20 epoch | loss: 0.2541 | accuracy: 90.9%:   9%|▊         | 8/94 [00:01<00:19,  4.51it/s]
18/20 epoch | loss: 0.2164 | accuracy: 92.1%:   9%|▊         | 8/94 [00:01<00:19,  4.51it/s]
18/20 epoch | loss: 0.2164 | accuracy: 92.1%:  10%|▉         | 9/94 [00:01<00:18,  4.49it/s]
18/20 epoch | loss: 0.2000 | accuracy: 93.8%:  10%|▉         | 9/94 [00:02<00:18,  4.49it/s]
18/20 epoch | loss: 0.2000 | accuracy: 93.8%:  11%|█         | 10/94 [00:02<00:18,  4.54it/s]
18/20 epoch | loss: 0.3284 | accuracy: 90.1%:  11%|█         | 10/94 [00:02<00:18,  4.54it/s]
18/20 epoch | loss: 0.3284 | accuracy: 90.1%:  12%|█▏        | 11/94 [00:02<00:17,  4.75it/s]
18/20 epoch | loss: 0.2170 | accuracy: 92.3%:  12%|█▏        | 11/94 [00:02<00:17,  4.75it/s]
18/20 epoch | loss: 0.2170 | accuracy: 92.3%:  13%|█▎        | 12/94 [00:02<00:17,  4.71it/s]
18/20 epoch | loss: 0.2673 | accuracy: 91.6%:  13%|█▎        | 12/94 [00:02<00:17,  4.71it/s]
18/20 epoch | loss: 0.2673 | accuracy: 91.6%:  14%|█▍        | 13/94 [00:02<00:16,  4.77it/s]
18/20 epoch | loss: 0.3287 | accuracy: 91.4%:  14%|█▍        | 13/94 [00:02<00:16,  4.77it/s]
18/20 epoch | loss: 0.3287 | accuracy: 91.4%:  15%|█▍        | 14/94 [00:02<00:17,  4.64it/s]
18/20 epoch | loss: 0.1942 | accuracy: 93.5%:  15%|█▍        | 14/94 [00:03<00:17,  4.64it/s]
18/20 epoch | loss: 0.1942 | accuracy: 93.5%:  16%|█▌        | 15/94 [00:03<00:18,  4.28it/s]
18/20 epoch | loss: 0.2409 | accuracy: 92.2%:  16%|█▌        | 15/94 [00:03<00:18,  4.28it/s]
18/20 epoch | loss: 0.2409 | accuracy: 92.2%:  17%|█▋        | 16/94 [00:03<00:18,  4.24it/s]
18/20 epoch | loss: 0.2263 | accuracy: 92.1%:  17%|█▋        | 16/94 [00:03<00:18,  4.24it/s]
18/20 epoch | loss: 0.2263 | accuracy: 92.1%:  18%|█▊        | 17/94 [00:03<00:16,  4.66it/s]
18/20 epoch | loss: 0.2229 | accuracy: 91.8%:  18%|█▊        | 17/94 [00:03<00:16,  4.66it/s]
18/20 epoch | loss: 0.2229 | accuracy: 91.8%:  19%|█▉        | 18/94 [00:03<00:15,  4.96it/s]
18/20 epoch | loss: 0.2219 | accuracy: 92.4%:  19%|█▉        | 18/94 [00:03<00:15,  4.96it/s]
18/20 epoch | loss: 0.2219 | accuracy: 92.4%:  20%|██        | 19/94 [00:03<00:14,  5.16it/s]
18/20 epoch | loss: 0.2805 | accuracy: 90.2%:  20%|██        | 19/94 [00:04<00:14,  5.16it/s]
18/20 epoch | loss: 0.2805 | accuracy: 90.2%:  21%|██▏       | 20/94 [00:04<00:13,  5.48it/s]
18/20 epoch | loss: 0.2831 | accuracy: 90.7%:  21%|██▏       | 20/94 [00:04<00:13,  5.48it/s]
18/20 epoch | loss: 0.2831 | accuracy: 90.7%:  22%|██▏       | 21/94 [00:04<00:12,  5.73it/s]
18/20 epoch | loss: 0.3183 | accuracy: 90.4%:  22%|██▏       | 21/94 [00:04<00:12,  5.73it/s]
18/20 epoch | loss: 0.3183 | accuracy: 90.4%:  23%|██▎       | 22/94 [00:04<00:12,  5.80it/s]
18/20 epoch | loss: 0.1974 | accuracy: 93.4%:  23%|██▎       | 22/94 [00:04<00:12,  5.80it/s]
18/20 epoch | loss: 0.1974 | accuracy: 93.4%:  24%|██▍       | 23/94 [00:04<00:12,  5.87it/s]
18/20 epoch | loss: 0.1986 | accuracy: 93.1%:  24%|██▍       | 23/94 [00:04<00:12,  5.87it/s]
18/20 epoch | loss: 0.1986 | accuracy: 93.1%:  26%|██▌       | 24/94 [00:04<00:11,  6.00it/s]
18/20 epoch | loss: 0.2089 | accuracy: 92.4%:  26%|██▌       | 24/94 [00:04<00:11,  6.00it/s]
18/20 epoch | loss: 0.2089 | accuracy: 92.4%:  27%|██▋       | 25/94 [00:04<00:11,  5.99it/s]
18/20 epoch | loss: 0.3331 | accuracy: 91.2%:  27%|██▋       | 25/94 [00:05<00:11,  5.99it/s]
18/20 epoch | loss: 0.3331 | accuracy: 91.2%:  28%|██▊       | 26/94 [00:05<00:11,  5.96it/s]
18/20 epoch | loss: 0.1796 | accuracy: 93.9%:  28%|██▊       | 26/94 [00:05<00:11,  5.96it/s]
18/20 epoch | loss: 0.1796 | accuracy: 93.9%:  29%|██▊       | 27/94 [00:05<00:11,  5.78it/s]
18/20 epoch | loss: 0.2394 | accuracy: 91.9%:  29%|██▊       | 27/94 [00:05<00:11,  5.78it/s]
18/20 epoch | loss: 0.2394 | accuracy: 91.9%:  30%|██▉       | 28/94 [00:05<00:12,  5.35it/s]
18/20 epoch | loss: 0.2348 | accuracy: 91.8%:  30%|██▉       | 28/94 [00:05<00:12,  5.35it/s]
18/20 epoch | loss: 0.2348 | accuracy: 91.8%:  31%|███       | 29/94 [00:05<00:11,  5.71it/s]
18/20 epoch | loss: 0.2139 | accuracy: 92.6%:  31%|███       | 29/94 [00:05<00:11,  5.71it/s]
18/20 epoch | loss: 0.2139 | accuracy: 92.6%:  32%|███▏      | 30/94 [00:05<00:10,  6.00it/s]
18/20 epoch | loss: 0.2079 | accuracy: 92.3%:  32%|███▏      | 30/94 [00:05<00:10,  6.00it/s]
18/20 epoch | loss: 0.2079 | accuracy: 92.3%:  33%|███▎      | 31/94 [00:05<00:10,  6.27it/s]
18/20 epoch | loss: 0.2355 | accuracy: 91.6%:  33%|███▎      | 31/94 [00:06<00:10,  6.27it/s]
18/20 epoch | loss: 0.2355 | accuracy: 91.6%:  34%|███▍      | 32/94 [00:06<00:09,  6.44it/s]
18/20 epoch | loss: 0.2085 | accuracy: 93.1%:  34%|███▍      | 32/94 [00:06<00:09,  6.44it/s]
18/20 epoch | loss: 0.2085 | accuracy: 93.1%:  35%|███▌      | 33/94 [00:06<00:09,  6.61it/s]
18/20 epoch | loss: 0.2226 | accuracy: 92.1%:  35%|███▌      | 33/94 [00:06<00:09,  6.61it/s]
18/20 epoch | loss: 0.2226 | accuracy: 92.1%:  36%|███▌      | 34/94 [00:06<00:08,  6.69it/s]
18/20 epoch | loss: 0.2383 | accuracy: 92.0%:  36%|███▌      | 34/94 [00:06<00:08,  6.69it/s]
18/20 epoch | loss: 0.2383 | accuracy: 92.0%:  37%|███▋      | 35/94 [00:06<00:08,  6.79it/s]
18/20 epoch | loss: 0.2368 | accuracy: 91.8%:  37%|███▋      | 35/94 [00:06<00:08,  6.79it/s]
18/20 epoch | loss: 0.2368 | accuracy: 91.8%:  38%|███▊      | 36/94 [00:06<00:08,  6.81it/s]
18/20 epoch | loss: 0.2188 | accuracy: 93.2%:  38%|███▊      | 36/94 [00:06<00:08,  6.81it/s]
18/20 epoch | loss: 0.2188 | accuracy: 93.2%:  39%|███▉      | 37/94 [00:06<00:08,  6.84it/s]
18/20 epoch | loss: 0.2451 | accuracy: 91.4%:  39%|███▉      | 37/94 [00:06<00:08,  6.84it/s]
18/20 epoch | loss: 0.2451 | accuracy: 91.4%:  40%|████      | 38/94 [00:06<00:08,  7.00it/s]
18/20 epoch | loss: 0.1970 | accuracy: 93.1%:  40%|████      | 38/94 [00:07<00:08,  7.00it/s]
18/20 epoch | loss: 0.1970 | accuracy: 93.1%:  41%|████▏     | 39/94 [00:07<00:07,  7.02it/s]
18/20 epoch | loss: 0.2034 | accuracy: 93.4%:  41%|████▏     | 39/94 [00:07<00:07,  7.02it/s]
18/20 epoch | loss: 0.2034 | accuracy: 93.4%:  43%|████▎     | 40/94 [00:07<00:07,  6.99it/s]
18/20 epoch | loss: 0.2034 | accuracy: 92.6%:  43%|████▎     | 40/94 [00:07<00:07,  6.99it/s]
18/20 epoch | loss: 0.2034 | accuracy: 92.6%:  44%|████▎     | 41/94 [00:07<00:07,  6.99it/s]
18/20 epoch | loss: 0.2331 | accuracy: 92.0%:  44%|████▎     | 41/94 [00:07<00:07,  6.99it/s]
18/20 epoch | loss: 0.2331 | accuracy: 92.0%:  45%|████▍     | 42/94 [00:07<00:07,  6.86it/s]
18/20 epoch | loss: 0.2229 | accuracy: 92.5%:  45%|████▍     | 42/94 [00:07<00:07,  6.86it/s]
18/20 epoch | loss: 0.2229 | accuracy: 92.5%:  46%|████▌     | 43/94 [00:07<00:07,  6.68it/s]
18/20 epoch | loss: 0.2190 | accuracy: 92.2%:  46%|████▌     | 43/94 [00:07<00:07,  6.68it/s]
18/20 epoch | loss: 0.2190 | accuracy: 92.2%:  47%|████▋     | 44/94 [00:07<00:07,  6.76it/s]
18/20 epoch | loss: 0.2554 | accuracy: 91.5%:  47%|████▋     | 44/94 [00:07<00:07,  6.76it/s]
18/20 epoch | loss: 0.2554 | accuracy: 91.5%:  48%|████▊     | 45/94 [00:07<00:07,  6.76it/s]
18/20 epoch | loss: 0.1839 | accuracy: 93.1%:  48%|████▊     | 45/94 [00:08<00:07,  6.76it/s]
18/20 epoch | loss: 0.1839 | accuracy: 93.1%:  49%|████▉     | 46/94 [00:08<00:07,  6.86it/s]
18/20 epoch | loss: 0.2346 | accuracy: 91.6%:  49%|████▉     | 46/94 [00:08<00:07,  6.86it/s]
18/20 epoch | loss: 0.2346 | accuracy: 91.6%:  50%|█████     | 47/94 [00:08<00:06,  6.89it/s]
18/20 epoch | loss: 0.3550 | accuracy: 90.6%:  50%|█████     | 47/94 [00:08<00:06,  6.89it/s]
18/20 epoch | loss: 0.3550 | accuracy: 90.6%:  51%|█████     | 48/94 [00:08<00:06,  6.91it/s]
18/20 epoch | loss: 0.2609 | accuracy: 91.9%:  51%|█████     | 48/94 [00:08<00:06,  6.91it/s]
18/20 epoch | loss: 0.2609 | accuracy: 91.9%:  52%|█████▏    | 49/94 [00:08<00:06,  6.99it/s]
18/20 epoch | loss: 0.1945 | accuracy: 93.6%:  52%|█████▏    | 49/94 [00:08<00:06,  6.99it/s]
18/20 epoch | loss: 0.1945 | accuracy: 93.6%:  53%|█████▎    | 50/94 [00:08<00:06,  6.92it/s]
18/20 epoch | loss: 0.1912 | accuracy: 93.4%:  53%|█████▎    | 50/94 [00:08<00:06,  6.92it/s]
18/20 epoch | loss: 0.1912 | accuracy: 93.4%:  54%|█████▍    | 51/94 [00:08<00:06,  6.94it/s]
18/20 epoch | loss: 0.2539 | accuracy: 91.1%:  54%|█████▍    | 51/94 [00:08<00:06,  6.94it/s]
18/20 epoch | loss: 0.2539 | accuracy: 91.1%:  55%|█████▌    | 52/94 [00:08<00:06,  6.91it/s]
18/20 epoch | loss: 0.2818 | accuracy: 91.3%:  55%|█████▌    | 52/94 [00:09<00:06,  6.91it/s]
18/20 epoch | loss: 0.2818 | accuracy: 91.3%:  56%|█████▋    | 53/94 [00:09<00:05,  6.95it/s]
18/20 epoch | loss: 0.3446 | accuracy: 88.7%:  56%|█████▋    | 53/94 [00:09<00:05,  6.95it/s]
18/20 epoch | loss: 0.3446 | accuracy: 88.7%:  57%|█████▋    | 54/94 [00:09<00:05,  6.79it/s]
18/20 epoch | loss: 0.2989 | accuracy: 90.3%:  57%|█████▋    | 54/94 [00:09<00:05,  6.79it/s]
18/20 epoch | loss: 0.2989 | accuracy: 90.3%:  59%|█████▊    | 55/94 [00:09<00:05,  6.90it/s]
18/20 epoch | loss: 0.2498 | accuracy: 91.1%:  59%|█████▊    | 55/94 [00:09<00:05,  6.90it/s]
18/20 epoch | loss: 0.2498 | accuracy: 91.1%:  60%|█████▉    | 56/94 [00:09<00:05,  6.94it/s]
18/20 epoch | loss: 0.2992 | accuracy: 90.5%:  60%|█████▉    | 56/94 [00:09<00:05,  6.94it/s]
18/20 epoch | loss: 0.2992 | accuracy: 90.5%:  61%|██████    | 57/94 [00:09<00:05,  6.68it/s]
18/20 epoch | loss: 0.2581 | accuracy: 91.4%:  61%|██████    | 57/94 [00:09<00:05,  6.68it/s]
18/20 epoch | loss: 0.2581 | accuracy: 91.4%:  62%|██████▏   | 58/94 [00:09<00:05,  6.66it/s]
18/20 epoch | loss: 0.2461 | accuracy: 92.2%:  62%|██████▏   | 58/94 [00:09<00:05,  6.66it/s]
18/20 epoch | loss: 0.2461 | accuracy: 92.2%:  63%|██████▎   | 59/94 [00:09<00:05,  6.75it/s]
18/20 epoch | loss: 0.2571 | accuracy: 90.8%:  63%|██████▎   | 59/94 [00:10<00:05,  6.75it/s]
18/20 epoch | loss: 0.2571 | accuracy: 90.8%:  64%|██████▍   | 60/94 [00:10<00:04,  6.85it/s]
18/20 epoch | loss: 0.2386 | accuracy: 92.1%:  64%|██████▍   | 60/94 [00:10<00:04,  6.85it/s]
18/20 epoch | loss: 0.2386 | accuracy: 92.1%:  65%|██████▍   | 61/94 [00:10<00:04,  6.98it/s]
18/20 epoch | loss: 0.2537 | accuracy: 91.1%:  65%|██████▍   | 61/94 [00:10<00:04,  6.98it/s]
18/20 epoch | loss: 0.2537 | accuracy: 91.1%:  66%|██████▌   | 62/94 [00:10<00:04,  7.01it/s]
18/20 epoch | loss: 0.2292 | accuracy: 92.2%:  66%|██████▌   | 62/94 [00:10<00:04,  7.01it/s]
18/20 epoch | loss: 0.2292 | accuracy: 92.2%:  67%|██████▋   | 63/94 [00:10<00:04,  7.02it/s]
18/20 epoch | loss: 0.1937 | accuracy: 93.5%:  67%|██████▋   | 63/94 [00:10<00:04,  7.02it/s]
18/20 epoch | loss: 0.1937 | accuracy: 93.5%:  68%|██████▊   | 64/94 [00:10<00:04,  7.09it/s]
18/20 epoch | loss: 0.2243 | accuracy: 92.5%:  68%|██████▊   | 64/94 [00:10<00:04,  7.09it/s]
18/20 epoch | loss: 0.2243 | accuracy: 92.5%:  69%|██████▉   | 65/94 [00:10<00:04,  7.06it/s]
18/20 epoch | loss: 0.2341 | accuracy: 91.8%:  69%|██████▉   | 65/94 [00:10<00:04,  7.06it/s]
18/20 epoch | loss: 0.2341 | accuracy: 91.8%:  70%|███████   | 66/94 [00:10<00:03,  7.10it/s]
18/20 epoch | loss: 0.2068 | accuracy: 93.0%:  70%|███████   | 66/94 [00:11<00:03,  7.10it/s]
18/20 epoch | loss: 0.2068 | accuracy: 93.0%:  71%|███████▏  | 67/94 [00:11<00:03,  7.06it/s]
18/20 epoch | loss: 0.2679 | accuracy: 89.8%:  71%|███████▏  | 67/94 [00:11<00:03,  7.06it/s]
18/20 epoch | loss: 0.2679 | accuracy: 89.8%:  72%|███████▏  | 68/94 [00:11<00:03,  6.79it/s]
18/20 epoch | loss: 0.2929 | accuracy: 90.5%:  72%|███████▏  | 68/94 [00:11<00:03,  6.79it/s]
18/20 epoch | loss: 0.2929 | accuracy: 90.5%:  73%|███████▎  | 69/94 [00:11<00:03,  6.68it/s]
18/20 epoch | loss: 0.2570 | accuracy: 90.9%:  73%|███████▎  | 69/94 [00:11<00:03,  6.68it/s]
18/20 epoch | loss: 0.2570 | accuracy: 90.9%:  74%|███████▍  | 70/94 [00:11<00:03,  6.53it/s]
18/20 epoch | loss: 0.2397 | accuracy: 92.2%:  74%|███████▍  | 70/94 [00:11<00:03,  6.53it/s]
18/20 epoch | loss: 0.2397 | accuracy: 92.2%:  76%|███████▌  | 71/94 [00:11<00:03,  6.66it/s]
18/20 epoch | loss: 0.3001 | accuracy: 90.3%:  76%|███████▌  | 71/94 [00:11<00:03,  6.66it/s]
18/20 epoch | loss: 0.3001 | accuracy: 90.3%:  77%|███████▋  | 72/94 [00:11<00:03,  6.58it/s]
18/20 epoch | loss: 0.2619 | accuracy: 91.2%:  77%|███████▋  | 72/94 [00:12<00:03,  6.58it/s]
18/20 epoch | loss: 0.2619 | accuracy: 91.2%:  78%|███████▊  | 73/94 [00:12<00:03,  6.76it/s]
18/20 epoch | loss: 0.2285 | accuracy: 91.9%:  78%|███████▊  | 73/94 [00:12<00:03,  6.76it/s]
18/20 epoch | loss: 0.2285 | accuracy: 91.9%:  79%|███████▊  | 74/94 [00:12<00:02,  6.86it/s]
18/20 epoch | loss: 0.2816 | accuracy: 90.9%:  79%|███████▊  | 74/94 [00:12<00:02,  6.86it/s]
18/20 epoch | loss: 0.2816 | accuracy: 90.9%:  80%|███████▉  | 75/94 [00:12<00:02,  6.86it/s]
18/20 epoch | loss: 0.2722 | accuracy: 91.3%:  80%|███████▉  | 75/94 [00:12<00:02,  6.86it/s]
18/20 epoch | loss: 0.2722 | accuracy: 91.3%:  81%|████████  | 76/94 [00:12<00:02,  6.83it/s]
18/20 epoch | loss: 0.3026 | accuracy: 89.1%:  81%|████████  | 76/94 [00:12<00:02,  6.83it/s]
18/20 epoch | loss: 0.3026 | accuracy: 89.1%:  82%|████████▏ | 77/94 [00:12<00:02,  6.92it/s]
18/20 epoch | loss: 0.2691 | accuracy: 91.4%:  82%|████████▏ | 77/94 [00:12<00:02,  6.92it/s]
18/20 epoch | loss: 0.2691 | accuracy: 91.4%:  83%|████████▎ | 78/94 [00:12<00:02,  6.91it/s]
18/20 epoch | loss: 0.1971 | accuracy: 93.7%:  83%|████████▎ | 78/94 [00:12<00:02,  6.91it/s]
18/20 epoch | loss: 0.1971 | accuracy: 93.7%:  84%|████████▍ | 79/94 [00:12<00:02,  6.97it/s]
18/20 epoch | loss: 0.2453 | accuracy: 90.3%:  84%|████████▍ | 79/94 [00:13<00:02,  6.97it/s]
18/20 epoch | loss: 0.2453 | accuracy: 90.3%:  85%|████████▌ | 80/94 [00:13<00:02,  6.92it/s]
18/20 epoch | loss: 0.2076 | accuracy: 93.4%:  85%|████████▌ | 80/94 [00:13<00:02,  6.92it/s]
18/20 epoch | loss: 0.2076 | accuracy: 93.4%:  86%|████████▌ | 81/94 [00:13<00:01,  6.98it/s]
18/20 epoch | loss: 0.2616 | accuracy: 92.2%:  86%|████████▌ | 81/94 [00:13<00:01,  6.98it/s]
18/20 epoch | loss: 0.2616 | accuracy: 92.2%:  87%|████████▋ | 82/94 [00:13<00:01,  7.05it/s]
18/20 epoch | loss: 0.2594 | accuracy: 90.8%:  87%|████████▋ | 82/94 [00:13<00:01,  7.05it/s]
18/20 epoch | loss: 0.2594 | accuracy: 90.8%:  88%|████████▊ | 83/94 [00:13<00:01,  7.06it/s]
18/20 epoch | loss: 0.2443 | accuracy: 92.1%:  88%|████████▊ | 83/94 [00:13<00:01,  7.06it/s]
18/20 epoch | loss: 0.2443 | accuracy: 92.1%:  89%|████████▉ | 84/94 [00:13<00:01,  6.99it/s]
18/20 epoch | loss: 0.1956 | accuracy: 93.3%:  89%|████████▉ | 84/94 [00:13<00:01,  6.99it/s]
18/20 epoch | loss: 0.1956 | accuracy: 93.3%:  90%|█████████ | 85/94 [00:13<00:01,  6.99it/s]
18/20 epoch | loss: 0.2035 | accuracy: 92.7%:  90%|█████████ | 85/94 [00:13<00:01,  6.99it/s]
18/20 epoch | loss: 0.2035 | accuracy: 92.7%:  91%|█████████▏| 86/94 [00:13<00:01,  6.82it/s]
18/20 epoch | loss: 0.2711 | accuracy: 91.2%:  91%|█████████▏| 86/94 [00:14<00:01,  6.82it/s]
18/20 epoch | loss: 0.2711 | accuracy: 91.2%:  93%|█████████▎| 87/94 [00:14<00:01,  6.90it/s]
18/20 epoch | loss: 0.2804 | accuracy: 90.4%:  93%|█████████▎| 87/94 [00:14<00:01,  6.90it/s]
18/20 epoch | loss: 0.2804 | accuracy: 90.4%:  94%|█████████▎| 88/94 [00:14<00:00,  6.97it/s]
18/20 epoch | loss: 0.2146 | accuracy: 92.4%:  94%|█████████▎| 88/94 [00:14<00:00,  6.97it/s]
18/20 epoch | loss: 0.2146 | accuracy: 92.4%:  95%|█████████▍| 89/94 [00:14<00:00,  6.98it/s]
18/20 epoch | loss: 0.2854 | accuracy: 90.7%:  95%|█████████▍| 89/94 [00:14<00:00,  6.98it/s]
18/20 epoch | loss: 0.2854 | accuracy: 90.7%:  96%|█████████▌| 90/94 [00:14<00:00,  6.92it/s]
18/20 epoch | loss: 0.2135 | accuracy: 92.6%:  96%|█████████▌| 90/94 [00:14<00:00,  6.92it/s]
18/20 epoch | loss: 0.2135 | accuracy: 92.6%:  97%|█████████▋| 91/94 [00:14<00:00,  7.01it/s]
18/20 epoch | loss: 0.2421 | accuracy: 92.1%:  97%|█████████▋| 91/94 [00:14<00:00,  7.01it/s]
18/20 epoch | loss: 0.2421 | accuracy: 92.1%:  98%|█████████▊| 92/94 [00:14<00:00,  6.96it/s]
18/20 epoch | loss: 0.2708 | accuracy: 90.5%:  98%|█████████▊| 92/94 [00:14<00:00,  6.96it/s]
18/20 epoch | loss: 0.2708 | accuracy: 90.5%:  99%|█████████▉| 93/94 [00:14<00:00,  6.92it/s]
18/20 epoch | loss: 0.2799 | accuracy: 91.2%:  99%|█████████▉| 93/94 [00:15<00:00,  6.92it/s]
18/20 epoch | loss: 0.2799 | accuracy: 91.2%: 100%|██████████| 94/94 [00:15<00:00,  6.98it/s]
18/20 epoch | loss: 0.2799 | accuracy: 91.2%: 100%|██████████| 94/94 [00:15<00:00,  6.26it/s]
train loss: 0.2434 | train acc: 91.8% | val loss: 0.2623 | val acc: 91.3% | val mIoU: 81.3%

  0%|          | 0/94 [00:00<?, ?it/s]
19/20 epoch | loss: 0.1984 | accuracy: 93.2%:   0%|          | 0/94 [00:00<?, ?it/s]
19/20 epoch | loss: 0.1984 | accuracy: 93.2%:   1%|          | 1/94 [00:00<00:13,  7.04it/s]
19/20 epoch | loss: 0.2257 | accuracy: 91.8%:   1%|          | 1/94 [00:00<00:13,  7.04it/s]
19/20 epoch | loss: 0.2257 | accuracy: 91.8%:   2%|▏         | 2/94 [00:00<00:13,  7.04it/s]
19/20 epoch | loss: 0.2121 | accuracy: 92.0%:   2%|▏         | 2/94 [00:00<00:13,  7.04it/s]
19/20 epoch | loss: 0.2121 | accuracy: 92.0%:   3%|▎         | 3/94 [00:00<00:13,  6.88it/s]
19/20 epoch | loss: 0.2329 | accuracy: 92.0%:   3%|▎         | 3/94 [00:00<00:13,  6.88it/s]
19/20 epoch | loss: 0.2329 | accuracy: 92.0%:   4%|▍         | 4/94 [00:00<00:13,  6.90it/s]
19/20 epoch | loss: 0.1740 | accuracy: 94.3%:   4%|▍         | 4/94 [00:00<00:13,  6.90it/s]
19/20 epoch | loss: 0.1740 | accuracy: 94.3%:   5%|▌         | 5/94 [00:00<00:12,  6.88it/s]
19/20 epoch | loss: 0.2199 | accuracy: 92.0%:   5%|▌         | 5/94 [00:00<00:12,  6.88it/s]
19/20 epoch | loss: 0.2199 | accuracy: 92.0%:   6%|▋         | 6/94 [00:00<00:12,  6.93it/s]
19/20 epoch | loss: 0.2630 | accuracy: 91.4%:   6%|▋         | 6/94 [00:01<00:12,  6.93it/s]
19/20 epoch | loss: 0.2630 | accuracy: 91.4%:   7%|▋         | 7/94 [00:01<00:12,  7.05it/s]
19/20 epoch | loss: 0.2214 | accuracy: 92.5%:   7%|▋         | 7/94 [00:01<00:12,  7.05it/s]
19/20 epoch | loss: 0.2214 | accuracy: 92.5%:   9%|▊         | 8/94 [00:01<00:12,  6.95it/s]
19/20 epoch | loss: 0.3083 | accuracy: 90.3%:   9%|▊         | 8/94 [00:01<00:12,  6.95it/s]
19/20 epoch | loss: 0.3083 | accuracy: 90.3%:  10%|▉         | 9/94 [00:01<00:12,  7.00it/s]
19/20 epoch | loss: 0.2319 | accuracy: 91.7%:  10%|▉         | 9/94 [00:01<00:12,  7.00it/s]
19/20 epoch | loss: 0.2319 | accuracy: 91.7%:  11%|█         | 10/94 [00:01<00:12,  6.97it/s]
19/20 epoch | loss: 0.2480 | accuracy: 90.9%:  11%|█         | 10/94 [00:01<00:12,  6.97it/s]
19/20 epoch | loss: 0.2480 | accuracy: 90.9%:  12%|█▏        | 11/94 [00:01<00:12,  6.79it/s]
19/20 epoch | loss: 0.1922 | accuracy: 93.2%:  12%|█▏        | 11/94 [00:01<00:12,  6.79it/s]
19/20 epoch | loss: 0.1922 | accuracy: 93.2%:  13%|█▎        | 12/94 [00:01<00:11,  6.84it/s]
19/20 epoch | loss: 0.2338 | accuracy: 90.8%:  13%|█▎        | 12/94 [00:01<00:11,  6.84it/s]
19/20 epoch | loss: 0.2338 | accuracy: 90.8%:  14%|█▍        | 13/94 [00:01<00:11,  6.85it/s]
19/20 epoch | loss: 0.2151 | accuracy: 92.5%:  14%|█▍        | 13/94 [00:02<00:11,  6.85it/s]
19/20 epoch | loss: 0.2151 | accuracy: 92.5%:  15%|█▍        | 14/94 [00:02<00:11,  6.86it/s]
19/20 epoch | loss: 0.2183 | accuracy: 92.4%:  15%|█▍        | 14/94 [00:02<00:11,  6.86it/s]
19/20 epoch | loss: 0.2183 | accuracy: 92.4%:  16%|█▌        | 15/94 [00:02<00:11,  6.89it/s]
19/20 epoch | loss: 0.2610 | accuracy: 92.1%:  16%|█▌        | 15/94 [00:02<00:11,  6.89it/s]
19/20 epoch | loss: 0.2610 | accuracy: 92.1%:  17%|█▋        | 16/94 [00:02<00:11,  6.84it/s]
19/20 epoch | loss: 0.2160 | accuracy: 92.3%:  17%|█▋        | 16/94 [00:02<00:11,  6.84it/s]
19/20 epoch | loss: 0.2160 | accuracy: 92.3%:  18%|█▊        | 17/94 [00:02<00:11,  6.77it/s]
19/20 epoch | loss: 0.2314 | accuracy: 93.1%:  18%|█▊        | 17/94 [00:02<00:11,  6.77it/s]
19/20 epoch | loss: 0.2314 | accuracy: 93.1%:  19%|█▉        | 18/94 [00:02<00:12,  6.10it/s]
19/20 epoch | loss: 0.2412 | accuracy: 91.8%:  19%|█▉        | 18/94 [00:02<00:12,  6.10it/s]
19/20 epoch | loss: 0.2412 | accuracy: 91.8%:  20%|██        | 19/94 [00:02<00:11,  6.41it/s]
19/20 epoch | loss: 0.2075 | accuracy: 93.0%:  20%|██        | 19/94 [00:02<00:11,  6.41it/s]
19/20 epoch | loss: 0.2075 | accuracy: 93.0%:  21%|██▏       | 20/94 [00:02<00:11,  6.62it/s]
19/20 epoch | loss: 0.2779 | accuracy: 90.6%:  21%|██▏       | 20/94 [00:03<00:11,  6.62it/s]
19/20 epoch | loss: 0.2779 | accuracy: 90.6%:  22%|██▏       | 21/94 [00:03<00:10,  6.69it/s]
19/20 epoch | loss: 0.2344 | accuracy: 92.2%:  22%|██▏       | 21/94 [00:03<00:10,  6.69it/s]
19/20 epoch | loss: 0.2344 | accuracy: 92.2%:  23%|██▎       | 22/94 [00:03<00:10,  6.70it/s]
19/20 epoch | loss: 0.2208 | accuracy: 92.9%:  23%|██▎       | 22/94 [00:03<00:10,  6.70it/s]
19/20 epoch | loss: 0.2208 | accuracy: 92.9%:  24%|██▍       | 23/94 [00:03<00:10,  6.85it/s]
19/20 epoch | loss: 0.1954 | accuracy: 93.6%:  24%|██▍       | 23/94 [00:03<00:10,  6.85it/s]
19/20 epoch | loss: 0.1954 | accuracy: 93.6%:  26%|██▌       | 24/94 [00:03<00:10,  6.75it/s]
19/20 epoch | loss: 0.2143 | accuracy: 92.7%:  26%|██▌       | 24/94 [00:03<00:10,  6.75it/s]
19/20 epoch | loss: 0.2143 | accuracy: 92.7%:  27%|██▋       | 25/94 [00:03<00:11,  6.23it/s]
19/20 epoch | loss: 0.2048 | accuracy: 93.0%:  27%|██▋       | 25/94 [00:03<00:11,  6.23it/s]
19/20 epoch | loss: 0.2048 | accuracy: 93.0%:  28%|██▊       | 26/94 [00:03<00:10,  6.40it/s]
19/20 epoch | loss: 0.2671 | accuracy: 90.5%:  28%|██▊       | 26/94 [00:04<00:10,  6.40it/s]
19/20 epoch | loss: 0.2671 | accuracy: 90.5%:  29%|██▊       | 27/94 [00:04<00:10,  6.53it/s]
19/20 epoch | loss: 0.2847 | accuracy: 91.0%:  29%|██▊       | 27/94 [00:04<00:10,  6.53it/s]
19/20 epoch | loss: 0.2847 | accuracy: 91.0%:  30%|██▉       | 28/94 [00:04<00:09,  6.68it/s]
19/20 epoch | loss: 0.1928 | accuracy: 93.5%:  30%|██▉       | 28/94 [00:04<00:09,  6.68it/s]
19/20 epoch | loss: 0.1928 | accuracy: 93.5%:  31%|███       | 29/94 [00:04<00:09,  6.73it/s]
19/20 epoch | loss: 0.2084 | accuracy: 93.1%:  31%|███       | 29/94 [00:04<00:09,  6.73it/s]
19/20 epoch | loss: 0.2084 | accuracy: 93.1%:  32%|███▏      | 30/94 [00:04<00:09,  6.78it/s]
19/20 epoch | loss: 0.1936 | accuracy: 93.4%:  32%|███▏      | 30/94 [00:04<00:09,  6.78it/s]
19/20 epoch | loss: 0.1936 | accuracy: 93.4%:  33%|███▎      | 31/94 [00:04<00:09,  6.83it/s]
19/20 epoch | loss: 0.1927 | accuracy: 93.8%:  33%|███▎      | 31/94 [00:04<00:09,  6.83it/s]
19/20 epoch | loss: 0.1927 | accuracy: 93.8%:  34%|███▍      | 32/94 [00:04<00:09,  6.78it/s]
19/20 epoch | loss: 0.2182 | accuracy: 92.4%:  34%|███▍      | 32/94 [00:04<00:09,  6.78it/s]
19/20 epoch | loss: 0.2182 | accuracy: 92.4%:  35%|███▌      | 33/94 [00:04<00:08,  6.82it/s]
19/20 epoch | loss: 0.2417 | accuracy: 92.6%:  35%|███▌      | 33/94 [00:05<00:08,  6.82it/s]
19/20 epoch | loss: 0.2417 | accuracy: 92.6%:  36%|███▌      | 34/94 [00:05<00:08,  6.83it/s]
19/20 epoch | loss: 0.2044 | accuracy: 92.6%:  36%|███▌      | 34/94 [00:05<00:08,  6.83it/s]
19/20 epoch | loss: 0.2044 | accuracy: 92.6%:  37%|███▋      | 35/94 [00:05<00:08,  6.63it/s]
19/20 epoch | loss: 0.2263 | accuracy: 92.1%:  37%|███▋      | 35/94 [00:05<00:08,  6.63it/s]
19/20 epoch | loss: 0.2263 | accuracy: 92.1%:  38%|███▊      | 36/94 [00:05<00:08,  6.54it/s]
19/20 epoch | loss: 0.2693 | accuracy: 91.4%:  38%|███▊      | 36/94 [00:05<00:08,  6.54it/s]
19/20 epoch | loss: 0.2693 | accuracy: 91.4%:  39%|███▉      | 37/94 [00:05<00:08,  6.62it/s]
19/20 epoch | loss: 0.2010 | accuracy: 92.6%:  39%|███▉      | 37/94 [00:05<00:08,  6.62it/s]
19/20 epoch | loss: 0.2010 | accuracy: 92.6%:  40%|████      | 38/94 [00:05<00:08,  6.71it/s]
19/20 epoch | loss: 0.2188 | accuracy: 92.5%:  40%|████      | 38/94 [00:05<00:08,  6.71it/s]
19/20 epoch | loss: 0.2188 | accuracy: 92.5%:  41%|████▏     | 39/94 [00:05<00:08,  6.47it/s]
19/20 epoch | loss: 0.2248 | accuracy: 92.2%:  41%|████▏     | 39/94 [00:05<00:08,  6.47it/s]
19/20 epoch | loss: 0.2248 | accuracy: 92.2%:  43%|████▎     | 40/94 [00:05<00:08,  6.23it/s]
19/20 epoch | loss: 0.1982 | accuracy: 93.3%:  43%|████▎     | 40/94 [00:06<00:08,  6.23it/s]
19/20 epoch | loss: 0.1982 | accuracy: 93.3%:  44%|████▎     | 41/94 [00:06<00:08,  6.25it/s]
19/20 epoch | loss: 0.1639 | accuracy: 94.3%:  44%|████▎     | 41/94 [00:06<00:08,  6.25it/s]
19/20 epoch | loss: 0.1639 | accuracy: 94.3%:  45%|████▍     | 42/94 [00:06<00:08,  6.24it/s]
19/20 epoch | loss: 0.2246 | accuracy: 92.1%:  45%|████▍     | 42/94 [00:06<00:08,  6.24it/s]
19/20 epoch | loss: 0.2246 | accuracy: 92.1%:  46%|████▌     | 43/94 [00:06<00:07,  6.45it/s]
19/20 epoch | loss: 0.1955 | accuracy: 93.2%:  46%|████▌     | 43/94 [00:06<00:07,  6.45it/s]
19/20 epoch | loss: 0.1955 | accuracy: 93.2%:  47%|████▋     | 44/94 [00:06<00:07,  6.56it/s]
19/20 epoch | loss: 0.2756 | accuracy: 92.2%:  47%|████▋     | 44/94 [00:06<00:07,  6.56it/s]
19/20 epoch | loss: 0.2756 | accuracy: 92.2%:  48%|████▊     | 45/94 [00:06<00:07,  6.67it/s]
19/20 epoch | loss: 0.2469 | accuracy: 91.0%:  48%|████▊     | 45/94 [00:06<00:07,  6.67it/s]
19/20 epoch | loss: 0.2469 | accuracy: 91.0%:  49%|████▉     | 46/94 [00:06<00:07,  6.76it/s]
19/20 epoch | loss: 0.3353 | accuracy: 90.1%:  49%|████▉     | 46/94 [00:07<00:07,  6.76it/s]
19/20 epoch | loss: 0.3353 | accuracy: 90.1%:  50%|█████     | 47/94 [00:07<00:06,  6.85it/s]
19/20 epoch | loss: 0.1773 | accuracy: 93.2%:  50%|█████     | 47/94 [00:07<00:06,  6.85it/s]
19/20 epoch | loss: 0.1773 | accuracy: 93.2%:  51%|█████     | 48/94 [00:07<00:06,  6.94it/s]
19/20 epoch | loss: 0.2112 | accuracy: 92.7%:  51%|█████     | 48/94 [00:07<00:06,  6.94it/s]
19/20 epoch | loss: 0.2112 | accuracy: 92.7%:  52%|█████▏    | 49/94 [00:07<00:06,  6.90it/s]
19/20 epoch | loss: 0.2041 | accuracy: 92.5%:  52%|█████▏    | 49/94 [00:07<00:06,  6.90it/s]
19/20 epoch | loss: 0.2041 | accuracy: 92.5%:  53%|█████▎    | 50/94 [00:07<00:06,  6.78it/s]
19/20 epoch | loss: 0.2133 | accuracy: 92.5%:  53%|█████▎    | 50/94 [00:07<00:06,  6.78it/s]
19/20 epoch | loss: 0.2133 | accuracy: 92.5%:  54%|█████▍    | 51/94 [00:07<00:06,  6.39it/s]
19/20 epoch | loss: 0.2931 | accuracy: 90.0%:  54%|█████▍    | 51/94 [00:07<00:06,  6.39it/s]
19/20 epoch | loss: 0.2931 | accuracy: 90.0%:  55%|█████▌    | 52/94 [00:07<00:06,  6.55it/s]
19/20 epoch | loss: 0.2312 | accuracy: 91.9%:  55%|█████▌    | 52/94 [00:07<00:06,  6.55it/s]
19/20 epoch | loss: 0.2312 | accuracy: 91.9%:  56%|█████▋    | 53/94 [00:07<00:06,  6.46it/s]
19/20 epoch | loss: 0.2497 | accuracy: 92.0%:  56%|█████▋    | 53/94 [00:08<00:06,  6.46it/s]
19/20 epoch | loss: 0.2497 | accuracy: 92.0%:  57%|█████▋    | 54/94 [00:08<00:06,  6.61it/s]
19/20 epoch | loss: 0.1865 | accuracy: 93.6%:  57%|█████▋    | 54/94 [00:08<00:06,  6.61it/s]
19/20 epoch | loss: 0.1865 | accuracy: 93.6%:  59%|█████▊    | 55/94 [00:08<00:05,  6.72it/s]
19/20 epoch | loss: 0.1795 | accuracy: 93.6%:  59%|█████▊    | 55/94 [00:08<00:05,  6.72it/s]
19/20 epoch | loss: 0.1795 | accuracy: 93.6%:  60%|█████▉    | 56/94 [00:08<00:05,  6.72it/s]
19/20 epoch | loss: 0.2505 | accuracy: 90.5%:  60%|█████▉    | 56/94 [00:08<00:05,  6.72it/s]
19/20 epoch | loss: 0.2505 | accuracy: 90.5%:  61%|██████    | 57/94 [00:08<00:05,  6.58it/s]
19/20 epoch | loss: 0.2452 | accuracy: 91.6%:  61%|██████    | 57/94 [00:08<00:05,  6.58it/s]
19/20 epoch | loss: 0.2452 | accuracy: 91.6%:  62%|██████▏   | 58/94 [00:08<00:05,  6.20it/s]
19/20 epoch | loss: 0.1809 | accuracy: 93.6%:  62%|██████▏   | 58/94 [00:08<00:05,  6.20it/s]
19/20 epoch | loss: 0.1809 | accuracy: 93.6%:  63%|██████▎   | 59/94 [00:08<00:05,  6.41it/s]
19/20 epoch | loss: 0.2145 | accuracy: 92.2%:  63%|██████▎   | 59/94 [00:09<00:05,  6.41it/s]
19/20 epoch | loss: 0.2145 | accuracy: 92.2%:  64%|██████▍   | 60/94 [00:09<00:05,  6.53it/s]
19/20 epoch | loss: 0.2518 | accuracy: 91.6%:  64%|██████▍   | 60/94 [00:09<00:05,  6.53it/s]
19/20 epoch | loss: 0.2518 | accuracy: 91.6%:  65%|██████▍   | 61/94 [00:09<00:04,  6.67it/s]
19/20 epoch | loss: 0.2199 | accuracy: 92.0%:  65%|██████▍   | 61/94 [00:09<00:04,  6.67it/s]
19/20 epoch | loss: 0.2199 | accuracy: 92.0%:  66%|██████▌   | 62/94 [00:09<00:04,  6.79it/s]
19/20 epoch | loss: 0.2221 | accuracy: 92.3%:  66%|██████▌   | 62/94 [00:09<00:04,  6.79it/s]
19/20 epoch | loss: 0.2221 | accuracy: 92.3%:  67%|██████▋   | 63/94 [00:09<00:04,  6.83it/s]
19/20 epoch | loss: 0.2115 | accuracy: 92.4%:  67%|██████▋   | 63/94 [00:09<00:04,  6.83it/s]
19/20 epoch | loss: 0.2115 | accuracy: 92.4%:  68%|██████▊   | 64/94 [00:09<00:04,  6.94it/s]
19/20 epoch | loss: 0.2425 | accuracy: 91.4%:  68%|██████▊   | 64/94 [00:09<00:04,  6.94it/s]
19/20 epoch | loss: 0.2425 | accuracy: 91.4%:  69%|██████▉   | 65/94 [00:09<00:04,  7.06it/s]
19/20 epoch | loss: 0.2226 | accuracy: 91.7%:  69%|██████▉   | 65/94 [00:09<00:04,  7.06it/s]
19/20 epoch | loss: 0.2226 | accuracy: 91.7%:  70%|███████   | 66/94 [00:09<00:03,  7.09it/s]
19/20 epoch | loss: 0.1809 | accuracy: 93.8%:  70%|███████   | 66/94 [00:10<00:03,  7.09it/s]
19/20 epoch | loss: 0.1809 | accuracy: 93.8%:  71%|███████▏  | 67/94 [00:10<00:03,  6.97it/s]
19/20 epoch | loss: 0.2001 | accuracy: 92.8%:  71%|███████▏  | 67/94 [00:10<00:03,  6.97it/s]
19/20 epoch | loss: 0.2001 | accuracy: 92.8%:  72%|███████▏  | 68/94 [00:10<00:03,  6.99it/s]
19/20 epoch | loss: 0.2236 | accuracy: 92.4%:  72%|███████▏  | 68/94 [00:10<00:03,  6.99it/s]
19/20 epoch | loss: 0.2236 | accuracy: 92.4%:  73%|███████▎  | 69/94 [00:10<00:03,  7.01it/s]
19/20 epoch | loss: 0.2055 | accuracy: 92.7%:  73%|███████▎  | 69/94 [00:10<00:03,  7.01it/s]
19/20 epoch | loss: 0.2055 | accuracy: 92.7%:  74%|███████▍  | 70/94 [00:10<00:03,  6.98it/s]
19/20 epoch | loss: 0.1865 | accuracy: 93.5%:  74%|███████▍  | 70/94 [00:10<00:03,  6.98it/s]
19/20 epoch | loss: 0.1865 | accuracy: 93.5%:  76%|███████▌  | 71/94 [00:10<00:03,  7.00it/s]
19/20 epoch | loss: 0.1980 | accuracy: 93.2%:  76%|███████▌  | 71/94 [00:10<00:03,  7.00it/s]
19/20 epoch | loss: 0.1980 | accuracy: 93.2%:  77%|███████▋  | 72/94 [00:10<00:03,  6.96it/s]
19/20 epoch | loss: 0.2322 | accuracy: 92.0%:  77%|███████▋  | 72/94 [00:10<00:03,  6.96it/s]
19/20 epoch | loss: 0.2322 | accuracy: 92.0%:  78%|███████▊  | 73/94 [00:10<00:03,  6.84it/s]
19/20 epoch | loss: 0.1841 | accuracy: 93.7%:  78%|███████▊  | 73/94 [00:11<00:03,  6.84it/s]
19/20 epoch | loss: 0.1841 | accuracy: 93.7%:  79%|███████▊  | 74/94 [00:11<00:02,  6.91it/s]
19/20 epoch | loss: 0.2121 | accuracy: 92.4%:  79%|███████▊  | 74/94 [00:11<00:02,  6.91it/s]
19/20 epoch | loss: 0.2121 | accuracy: 92.4%:  80%|███████▉  | 75/94 [00:11<00:02,  6.98it/s]
19/20 epoch | loss: 0.2021 | accuracy: 92.9%:  80%|███████▉  | 75/94 [00:11<00:02,  6.98it/s]
19/20 epoch | loss: 0.2021 | accuracy: 92.9%:  81%|████████  | 76/94 [00:11<00:02,  6.99it/s]
19/20 epoch | loss: 0.2028 | accuracy: 93.1%:  81%|████████  | 76/94 [00:11<00:02,  6.99it/s]
19/20 epoch | loss: 0.2028 | accuracy: 93.1%:  82%|████████▏ | 77/94 [00:11<00:02,  6.91it/s]
19/20 epoch | loss: 0.2323 | accuracy: 92.1%:  82%|████████▏ | 77/94 [00:11<00:02,  6.91it/s]
19/20 epoch | loss: 0.2323 | accuracy: 92.1%:  83%|████████▎ | 78/94 [00:11<00:02,  6.90it/s]
19/20 epoch | loss: 0.2554 | accuracy: 91.3%:  83%|████████▎ | 78/94 [00:11<00:02,  6.90it/s]
19/20 epoch | loss: 0.2554 | accuracy: 91.3%:  84%|████████▍ | 79/94 [00:11<00:02,  6.97it/s]
19/20 epoch | loss: 0.2686 | accuracy: 90.5%:  84%|████████▍ | 79/94 [00:11<00:02,  6.97it/s]
19/20 epoch | loss: 0.2686 | accuracy: 90.5%:  85%|████████▌ | 80/94 [00:11<00:02,  6.98it/s]
19/20 epoch | loss: 0.1949 | accuracy: 93.1%:  85%|████████▌ | 80/94 [00:12<00:02,  6.98it/s]
19/20 epoch | loss: 0.1949 | accuracy: 93.1%:  86%|████████▌ | 81/94 [00:12<00:01,  6.93it/s]
19/20 epoch | loss: 0.1781 | accuracy: 94.1%:  86%|████████▌ | 81/94 [00:12<00:01,  6.93it/s]
19/20 epoch | loss: 0.1781 | accuracy: 94.1%:  87%|████████▋ | 82/94 [00:12<00:01,  6.59it/s]
19/20 epoch | loss: 0.2085 | accuracy: 92.8%:  87%|████████▋ | 82/94 [00:12<00:01,  6.59it/s]
19/20 epoch | loss: 0.2085 | accuracy: 92.8%:  88%|████████▊ | 83/94 [00:12<00:01,  6.77it/s]
19/20 epoch | loss: 0.2036 | accuracy: 92.8%:  88%|████████▊ | 83/94 [00:12<00:01,  6.77it/s]
19/20 epoch | loss: 0.2036 | accuracy: 92.8%:  89%|████████▉ | 84/94 [00:12<00:01,  6.73it/s]
19/20 epoch | loss: 0.1826 | accuracy: 93.9%:  89%|████████▉ | 84/94 [00:12<00:01,  6.73it/s]
19/20 epoch | loss: 0.1826 | accuracy: 93.9%:  90%|█████████ | 85/94 [00:12<00:01,  6.63it/s]
19/20 epoch | loss: 0.1854 | accuracy: 93.6%:  90%|█████████ | 85/94 [00:12<00:01,  6.63it/s]
19/20 epoch | loss: 0.1854 | accuracy: 93.6%:  91%|█████████▏| 86/94 [00:12<00:01,  6.71it/s]
19/20 epoch | loss: 0.2154 | accuracy: 92.9%:  91%|█████████▏| 86/94 [00:12<00:01,  6.71it/s]
19/20 epoch | loss: 0.2154 | accuracy: 92.9%:  93%|█████████▎| 87/94 [00:12<00:01,  6.85it/s]
19/20 epoch | loss: 0.2747 | accuracy: 90.0%:  93%|█████████▎| 87/94 [00:13<00:01,  6.85it/s]
19/20 epoch | loss: 0.2747 | accuracy: 90.0%:  94%|█████████▎| 88/94 [00:13<00:00,  6.90it/s]
19/20 epoch | loss: 0.2765 | accuracy: 91.9%:  94%|█████████▎| 88/94 [00:13<00:00,  6.90it/s]
19/20 epoch | loss: 0.2765 | accuracy: 91.9%:  95%|█████████▍| 89/94 [00:13<00:00,  6.97it/s]
19/20 epoch | loss: 0.2198 | accuracy: 92.3%:  95%|█████████▍| 89/94 [00:13<00:00,  6.97it/s]
19/20 epoch | loss: 0.2198 | accuracy: 92.3%:  96%|█████████▌| 90/94 [00:13<00:00,  6.96it/s]
19/20 epoch | loss: 0.1812 | accuracy: 93.4%:  96%|█████████▌| 90/94 [00:13<00:00,  6.96it/s]
19/20 epoch | loss: 0.1812 | accuracy: 93.4%:  97%|█████████▋| 91/94 [00:13<00:00,  6.92it/s]
19/20 epoch | loss: 0.2510 | accuracy: 91.6%:  97%|█████████▋| 91/94 [00:13<00:00,  6.92it/s]
19/20 epoch | loss: 0.2510 | accuracy: 91.6%:  98%|█████████▊| 92/94 [00:13<00:00,  6.90it/s]
19/20 epoch | loss: 0.2156 | accuracy: 92.3%:  98%|█████████▊| 92/94 [00:13<00:00,  6.90it/s]
19/20 epoch | loss: 0.2156 | accuracy: 92.3%:  99%|█████████▉| 93/94 [00:13<00:00,  6.87it/s]
19/20 epoch | loss: 0.1757 | accuracy: 93.5%:  99%|█████████▉| 93/94 [00:13<00:00,  6.87it/s]
19/20 epoch | loss: 0.1757 | accuracy: 93.5%: 100%|██████████| 94/94 [00:13<00:00,  6.95it/s]
19/20 epoch | loss: 0.1757 | accuracy: 93.5%: 100%|██████████| 94/94 [00:13<00:00,  6.75it/s]
train loss: 0.2217 | train acc: 92.4% | val loss: 0.2331 | val acc: 92.3% | val mIoU: 82.9%
saving checkpoint to checkpoints/segmentation/05-07_12-23-26/Segmentation_ckpt_epoch18_metric82.85.ckpt

  0%|          | 0/94 [00:00<?, ?it/s]
20/20 epoch | loss: 0.2097 | accuracy: 91.7%:   0%|          | 0/94 [00:00<?, ?it/s]
20/20 epoch | loss: 0.2097 | accuracy: 91.7%:   1%|          | 1/94 [00:00<00:13,  6.84it/s]
20/20 epoch | loss: 0.2077 | accuracy: 92.5%:   1%|          | 1/94 [00:00<00:13,  6.84it/s]
20/20 epoch | loss: 0.2077 | accuracy: 92.5%:   2%|▏         | 2/94 [00:00<00:13,  6.92it/s]
20/20 epoch | loss: 0.1741 | accuracy: 93.9%:   2%|▏         | 2/94 [00:00<00:13,  6.92it/s]
20/20 epoch | loss: 0.1741 | accuracy: 93.9%:   3%|▎         | 3/94 [00:00<00:12,  7.04it/s]
20/20 epoch | loss: 0.1796 | accuracy: 93.7%:   3%|▎         | 3/94 [00:00<00:12,  7.04it/s]
20/20 epoch | loss: 0.1796 | accuracy: 93.7%:   4%|▍         | 4/94 [00:00<00:12,  7.00it/s]
20/20 epoch | loss: 0.2385 | accuracy: 91.7%:   4%|▍         | 4/94 [00:00<00:12,  7.00it/s]
20/20 epoch | loss: 0.2385 | accuracy: 91.7%:   5%|▌         | 5/94 [00:00<00:13,  6.59it/s]
20/20 epoch | loss: 0.2280 | accuracy: 91.9%:   5%|▌         | 5/94 [00:00<00:13,  6.59it/s]
20/20 epoch | loss: 0.2280 | accuracy: 91.9%:   6%|▋         | 6/94 [00:00<00:13,  6.46it/s]
20/20 epoch | loss: 0.2488 | accuracy: 91.7%:   6%|▋         | 6/94 [00:01<00:13,  6.46it/s]
20/20 epoch | loss: 0.2488 | accuracy: 91.7%:   7%|▋         | 7/94 [00:01<00:13,  6.34it/s]
20/20 epoch | loss: 0.2278 | accuracy: 91.6%:   7%|▋         | 7/94 [00:01<00:13,  6.34it/s]
20/20 epoch | loss: 0.2278 | accuracy: 91.6%:   9%|▊         | 8/94 [00:01<00:13,  6.18it/s]
20/20 epoch | loss: 0.1998 | accuracy: 93.0%:   9%|▊         | 8/94 [00:01<00:13,  6.18it/s]
20/20 epoch | loss: 0.1998 | accuracy: 93.0%:  10%|▉         | 9/94 [00:01<00:13,  6.43it/s]
20/20 epoch | loss: 0.2023 | accuracy: 93.4%:  10%|▉         | 9/94 [00:01<00:13,  6.43it/s]
20/20 epoch | loss: 0.2023 | accuracy: 93.4%:  11%|█         | 10/94 [00:01<00:12,  6.60it/s]
20/20 epoch | loss: 0.2234 | accuracy: 91.8%:  11%|█         | 10/94 [00:01<00:12,  6.60it/s]
20/20 epoch | loss: 0.2234 | accuracy: 91.8%:  12%|█▏        | 11/94 [00:01<00:12,  6.81it/s]
20/20 epoch | loss: 0.2005 | accuracy: 92.9%:  12%|█▏        | 11/94 [00:01<00:12,  6.81it/s]
20/20 epoch | loss: 0.2005 | accuracy: 92.9%:  13%|█▎        | 12/94 [00:01<00:12,  6.80it/s]
20/20 epoch | loss: 0.1948 | accuracy: 93.2%:  13%|█▎        | 12/94 [00:01<00:12,  6.80it/s]
20/20 epoch | loss: 0.1948 | accuracy: 93.2%:  14%|█▍        | 13/94 [00:01<00:11,  6.87it/s]
20/20 epoch | loss: 0.2031 | accuracy: 92.7%:  14%|█▍        | 13/94 [00:02<00:11,  6.87it/s]
20/20 epoch | loss: 0.2031 | accuracy: 92.7%:  15%|█▍        | 14/94 [00:02<00:11,  6.91it/s]
20/20 epoch | loss: 0.1808 | accuracy: 93.7%:  15%|█▍        | 14/94 [00:02<00:11,  6.91it/s]
20/20 epoch | loss: 0.1808 | accuracy: 93.7%:  16%|█▌        | 15/94 [00:02<00:11,  6.99it/s]
20/20 epoch | loss: 0.2646 | accuracy: 91.1%:  16%|█▌        | 15/94 [00:02<00:11,  6.99it/s]
20/20 epoch | loss: 0.2646 | accuracy: 91.1%:  17%|█▋        | 16/94 [00:02<00:11,  6.95it/s]
20/20 epoch | loss: 0.1960 | accuracy: 92.9%:  17%|█▋        | 16/94 [00:02<00:11,  6.95it/s]
20/20 epoch | loss: 0.1960 | accuracy: 92.9%:  18%|█▊        | 17/94 [00:02<00:10,  7.00it/s]
20/20 epoch | loss: 0.1917 | accuracy: 93.3%:  18%|█▊        | 17/94 [00:02<00:10,  7.00it/s]
20/20 epoch | loss: 0.1917 | accuracy: 93.3%:  19%|█▉        | 18/94 [00:02<00:10,  7.09it/s]
20/20 epoch | loss: 0.2033 | accuracy: 92.5%:  19%|█▉        | 18/94 [00:02<00:10,  7.09it/s]
20/20 epoch | loss: 0.2033 | accuracy: 92.5%:  20%|██        | 19/94 [00:02<00:11,  6.77it/s]
20/20 epoch | loss: 0.2875 | accuracy: 90.9%:  20%|██        | 19/94 [00:02<00:11,  6.77it/s]
20/20 epoch | loss: 0.2875 | accuracy: 90.9%:  21%|██▏       | 20/94 [00:02<00:10,  6.83it/s]
20/20 epoch | loss: 0.1873 | accuracy: 93.3%:  21%|██▏       | 20/94 [00:03<00:10,  6.83it/s]
20/20 epoch | loss: 0.1873 | accuracy: 93.3%:  22%|██▏       | 21/94 [00:03<00:10,  6.95it/s]
20/20 epoch | loss: 0.2320 | accuracy: 91.8%:  22%|██▏       | 21/94 [00:03<00:10,  6.95it/s]
20/20 epoch | loss: 0.2320 | accuracy: 91.8%:  23%|██▎       | 22/94 [00:03<00:10,  6.90it/s]
20/20 epoch | loss: 0.1864 | accuracy: 93.3%:  23%|██▎       | 22/94 [00:03<00:10,  6.90it/s]
20/20 epoch | loss: 0.1864 | accuracy: 93.3%:  24%|██▍       | 23/94 [00:03<00:10,  7.04it/s]
20/20 epoch | loss: 0.2291 | accuracy: 92.4%:  24%|██▍       | 23/94 [00:03<00:10,  7.04it/s]
20/20 epoch | loss: 0.2291 | accuracy: 92.4%:  26%|██▌       | 24/94 [00:03<00:10,  6.97it/s]
20/20 epoch | loss: 0.2168 | accuracy: 92.6%:  26%|██▌       | 24/94 [00:03<00:10,  6.97it/s]
20/20 epoch | loss: 0.2168 | accuracy: 92.6%:  27%|██▋       | 25/94 [00:03<00:09,  7.06it/s]
20/20 epoch | loss: 0.1942 | accuracy: 93.3%:  27%|██▋       | 25/94 [00:03<00:09,  7.06it/s]
20/20 epoch | loss: 0.1942 | accuracy: 93.3%:  28%|██▊       | 26/94 [00:03<00:09,  7.06it/s]
20/20 epoch | loss: 0.2050 | accuracy: 93.1%:  28%|██▊       | 26/94 [00:03<00:09,  7.06it/s]
20/20 epoch | loss: 0.2050 | accuracy: 93.1%:  29%|██▊       | 27/94 [00:03<00:09,  7.08it/s]
20/20 epoch | loss: 0.2710 | accuracy: 92.1%:  29%|██▊       | 27/94 [00:04<00:09,  7.08it/s]
20/20 epoch | loss: 0.2710 | accuracy: 92.1%:  30%|██▉       | 28/94 [00:04<00:09,  7.18it/s]
20/20 epoch | loss: 0.2934 | accuracy: 90.7%:  30%|██▉       | 28/94 [00:04<00:09,  7.18it/s]
20/20 epoch | loss: 0.2934 | accuracy: 90.7%:  31%|███       | 29/94 [00:04<00:09,  7.15it/s]
20/20 epoch | loss: 0.1912 | accuracy: 93.6%:  31%|███       | 29/94 [00:04<00:09,  7.15it/s]
20/20 epoch | loss: 0.1912 | accuracy: 93.6%:  32%|███▏      | 30/94 [00:04<00:08,  7.12it/s]
20/20 epoch | loss: 0.2201 | accuracy: 92.3%:  32%|███▏      | 30/94 [00:04<00:08,  7.12it/s]
20/20 epoch | loss: 0.2201 | accuracy: 92.3%:  33%|███▎      | 31/94 [00:04<00:08,  7.12it/s]
20/20 epoch | loss: 0.2108 | accuracy: 92.3%:  33%|███▎      | 31/94 [00:04<00:08,  7.12it/s]
20/20 epoch | loss: 0.2108 | accuracy: 92.3%:  34%|███▍      | 32/94 [00:04<00:08,  7.08it/s]
20/20 epoch | loss: 0.1988 | accuracy: 93.0%:  34%|███▍      | 32/94 [00:04<00:08,  7.08it/s]
20/20 epoch | loss: 0.1988 | accuracy: 93.0%:  35%|███▌      | 33/94 [00:04<00:08,  7.00it/s]
20/20 epoch | loss: 0.2018 | accuracy: 93.0%:  35%|███▌      | 33/94 [00:04<00:08,  7.00it/s]
20/20 epoch | loss: 0.2018 | accuracy: 93.0%:  36%|███▌      | 34/94 [00:04<00:09,  6.66it/s]
20/20 epoch | loss: 0.1925 | accuracy: 93.2%:  36%|███▌      | 34/94 [00:05<00:09,  6.66it/s]
20/20 epoch | loss: 0.1925 | accuracy: 93.2%:  37%|███▋      | 35/94 [00:05<00:08,  6.76it/s]
20/20 epoch | loss: 0.2432 | accuracy: 91.8%:  37%|███▋      | 35/94 [00:05<00:08,  6.76it/s]
20/20 epoch | loss: 0.2432 | accuracy: 91.8%:  38%|███▊      | 36/94 [00:05<00:08,  6.86it/s]
20/20 epoch | loss: 0.2367 | accuracy: 91.8%:  38%|███▊      | 36/94 [00:05<00:08,  6.86it/s]
20/20 epoch | loss: 0.2367 | accuracy: 91.8%:  39%|███▉      | 37/94 [00:05<00:08,  6.96it/s]
20/20 epoch | loss: 0.2834 | accuracy: 91.0%:  39%|███▉      | 37/94 [00:05<00:08,  6.96it/s]
20/20 epoch | loss: 0.2834 | accuracy: 91.0%:  40%|████      | 38/94 [00:05<00:07,  7.01it/s]
20/20 epoch | loss: 0.2015 | accuracy: 92.8%:  40%|████      | 38/94 [00:05<00:07,  7.01it/s]
20/20 epoch | loss: 0.2015 | accuracy: 92.8%:  41%|████▏     | 39/94 [00:05<00:07,  6.99it/s]
20/20 epoch | loss: 0.2288 | accuracy: 91.5%:  41%|████▏     | 39/94 [00:05<00:07,  6.99it/s]
20/20 epoch | loss: 0.2288 | accuracy: 91.5%:  43%|████▎     | 40/94 [00:05<00:07,  6.97it/s]
20/20 epoch | loss: 0.1992 | accuracy: 92.8%:  43%|████▎     | 40/94 [00:05<00:07,  6.97it/s]
20/20 epoch | loss: 0.1992 | accuracy: 92.8%:  44%|████▎     | 41/94 [00:05<00:07,  7.07it/s]
20/20 epoch | loss: 0.2026 | accuracy: 93.2%:  44%|████▎     | 41/94 [00:06<00:07,  7.07it/s]
20/20 epoch | loss: 0.2026 | accuracy: 93.2%:  45%|████▍     | 42/94 [00:06<00:07,  7.10it/s]
20/20 epoch | loss: 0.1956 | accuracy: 93.3%:  45%|████▍     | 42/94 [00:06<00:07,  7.10it/s]
20/20 epoch | loss: 0.1956 | accuracy: 93.3%:  46%|████▌     | 43/94 [00:06<00:07,  7.06it/s]
20/20 epoch | loss: 0.2226 | accuracy: 91.7%:  46%|████▌     | 43/94 [00:06<00:07,  7.06it/s]
20/20 epoch | loss: 0.2226 | accuracy: 91.7%:  47%|████▋     | 44/94 [00:06<00:06,  7.15it/s]
20/20 epoch | loss: 0.2070 | accuracy: 93.0%:  47%|████▋     | 44/94 [00:06<00:06,  7.15it/s]
20/20 epoch | loss: 0.2070 | accuracy: 93.0%:  48%|████▊     | 45/94 [00:06<00:06,  7.11it/s]
20/20 epoch | loss: 0.2293 | accuracy: 91.8%:  48%|████▊     | 45/94 [00:06<00:06,  7.11it/s]
20/20 epoch | loss: 0.2293 | accuracy: 91.8%:  49%|████▉     | 46/94 [00:06<00:06,  7.08it/s]
20/20 epoch | loss: 0.1857 | accuracy: 93.4%:  49%|████▉     | 46/94 [00:06<00:06,  7.08it/s]
20/20 epoch | loss: 0.1857 | accuracy: 93.4%:  50%|█████     | 47/94 [00:06<00:06,  6.99it/s]
20/20 epoch | loss: 0.2079 | accuracy: 93.4%:  50%|█████     | 47/94 [00:06<00:06,  6.99it/s]
20/20 epoch | loss: 0.2079 | accuracy: 93.4%:  51%|█████     | 48/94 [00:06<00:06,  7.00it/s]
20/20 epoch | loss: 0.1856 | accuracy: 93.7%:  51%|█████     | 48/94 [00:07<00:06,  7.00it/s]
20/20 epoch | loss: 0.1856 | accuracy: 93.7%:  52%|█████▏    | 49/94 [00:07<00:06,  6.82it/s]
20/20 epoch | loss: 0.2000 | accuracy: 92.8%:  52%|█████▏    | 49/94 [00:07<00:06,  6.82it/s]
20/20 epoch | loss: 0.2000 | accuracy: 92.8%:  53%|█████▎    | 50/94 [00:07<00:06,  6.87it/s]
20/20 epoch | loss: 0.2090 | accuracy: 92.7%:  53%|█████▎    | 50/94 [00:07<00:06,  6.87it/s]
20/20 epoch | loss: 0.2090 | accuracy: 92.7%:  54%|█████▍    | 51/94 [00:07<00:06,  6.92it/s]
20/20 epoch | loss: 0.2548 | accuracy: 91.8%:  54%|█████▍    | 51/94 [00:07<00:06,  6.92it/s]
20/20 epoch | loss: 0.2548 | accuracy: 91.8%:  55%|█████▌    | 52/94 [00:07<00:06,  6.92it/s]
20/20 epoch | loss: 0.1737 | accuracy: 94.3%:  55%|█████▌    | 52/94 [00:07<00:06,  6.92it/s]
20/20 epoch | loss: 0.1737 | accuracy: 94.3%:  56%|█████▋    | 53/94 [00:07<00:05,  6.96it/s]
20/20 epoch | loss: 0.2245 | accuracy: 92.0%:  56%|█████▋    | 53/94 [00:07<00:05,  6.96it/s]
20/20 epoch | loss: 0.2245 | accuracy: 92.0%:  57%|█████▋    | 54/94 [00:07<00:05,  6.97it/s]
20/20 epoch | loss: 0.2482 | accuracy: 92.6%:  57%|█████▋    | 54/94 [00:07<00:05,  6.97it/s]
20/20 epoch | loss: 0.2482 | accuracy: 92.6%:  59%|█████▊    | 55/94 [00:07<00:05,  6.95it/s]
20/20 epoch | loss: 0.1956 | accuracy: 93.1%:  59%|█████▊    | 55/94 [00:08<00:05,  6.95it/s]
20/20 epoch | loss: 0.1956 | accuracy: 93.1%:  60%|█████▉    | 56/94 [00:08<00:05,  6.91it/s]
20/20 epoch | loss: 0.1985 | accuracy: 92.3%:  60%|█████▉    | 56/94 [00:08<00:05,  6.91it/s]
20/20 epoch | loss: 0.1985 | accuracy: 92.3%:  61%|██████    | 57/94 [00:08<00:05,  7.00it/s]
20/20 epoch | loss: 0.2067 | accuracy: 92.2%:  61%|██████    | 57/94 [00:08<00:05,  7.00it/s]
20/20 epoch | loss: 0.2067 | accuracy: 92.2%:  62%|██████▏   | 58/94 [00:08<00:05,  6.94it/s]
20/20 epoch | loss: 0.1655 | accuracy: 94.3%:  62%|██████▏   | 58/94 [00:08<00:05,  6.94it/s]
20/20 epoch | loss: 0.1655 | accuracy: 94.3%:  63%|██████▎   | 59/94 [00:08<00:05,  6.95it/s]
20/20 epoch | loss: 0.2308 | accuracy: 91.7%:  63%|██████▎   | 59/94 [00:08<00:05,  6.95it/s]
20/20 epoch | loss: 0.2308 | accuracy: 91.7%:  64%|██████▍   | 60/94 [00:08<00:04,  6.95it/s]
20/20 epoch | loss: 0.2374 | accuracy: 91.5%:  64%|██████▍   | 60/94 [00:08<00:04,  6.95it/s]
20/20 epoch | loss: 0.2374 | accuracy: 91.5%:  65%|██████▍   | 61/94 [00:08<00:04,  6.91it/s]
20/20 epoch | loss: 0.1924 | accuracy: 93.3%:  65%|██████▍   | 61/94 [00:08<00:04,  6.91it/s]
20/20 epoch | loss: 0.1924 | accuracy: 93.3%:  66%|██████▌   | 62/94 [00:08<00:04,  6.98it/s]
20/20 epoch | loss: 0.2115 | accuracy: 92.5%:  66%|██████▌   | 62/94 [00:09<00:04,  6.98it/s]
20/20 epoch | loss: 0.2115 | accuracy: 92.5%:  67%|██████▋   | 63/94 [00:09<00:04,  6.87it/s]
20/20 epoch | loss: 0.2755 | accuracy: 92.4%:  67%|██████▋   | 63/94 [00:09<00:04,  6.87it/s]
20/20 epoch | loss: 0.2755 | accuracy: 92.4%:  68%|██████▊   | 64/94 [00:09<00:04,  6.93it/s]
20/20 epoch | loss: 0.2215 | accuracy: 92.5%:  68%|██████▊   | 64/94 [00:09<00:04,  6.93it/s]
20/20 epoch | loss: 0.2215 | accuracy: 92.5%:  69%|██████▉   | 65/94 [00:09<00:04,  6.92it/s]
20/20 epoch | loss: 0.1951 | accuracy: 93.2%:  69%|██████▉   | 65/94 [00:09<00:04,  6.92it/s]
20/20 epoch | loss: 0.1951 | accuracy: 93.2%:  70%|███████   | 66/94 [00:09<00:04,  6.93it/s]
20/20 epoch | loss: 0.2404 | accuracy: 91.8%:  70%|███████   | 66/94 [00:09<00:04,  6.93it/s]
20/20 epoch | loss: 0.2404 | accuracy: 91.8%:  71%|███████▏  | 67/94 [00:09<00:03,  6.98it/s]
20/20 epoch | loss: 0.2195 | accuracy: 92.1%:  71%|███████▏  | 67/94 [00:09<00:03,  6.98it/s]
20/20 epoch | loss: 0.2195 | accuracy: 92.1%:  72%|███████▏  | 68/94 [00:09<00:03,  6.80it/s]
20/20 epoch | loss: 0.3180 | accuracy: 88.9%:  72%|███████▏  | 68/94 [00:09<00:03,  6.80it/s]
20/20 epoch | loss: 0.3180 | accuracy: 88.9%:  73%|███████▎  | 69/94 [00:09<00:03,  6.86it/s]
20/20 epoch | loss: 0.2219 | accuracy: 92.0%:  73%|███████▎  | 69/94 [00:10<00:03,  6.86it/s]
20/20 epoch | loss: 0.2219 | accuracy: 92.0%:  74%|███████▍  | 70/94 [00:10<00:03,  6.86it/s]
20/20 epoch | loss: 0.2118 | accuracy: 92.5%:  74%|███████▍  | 70/94 [00:10<00:03,  6.86it/s]
20/20 epoch | loss: 0.2118 | accuracy: 92.5%:  76%|███████▌  | 71/94 [00:10<00:03,  6.92it/s]
20/20 epoch | loss: 0.2086 | accuracy: 93.1%:  76%|███████▌  | 71/94 [00:10<00:03,  6.92it/s]
20/20 epoch | loss: 0.2086 | accuracy: 93.1%:  77%|███████▋  | 72/94 [00:10<00:03,  6.50it/s]
20/20 epoch | loss: 0.2186 | accuracy: 92.5%:  77%|███████▋  | 72/94 [00:10<00:03,  6.50it/s]
20/20 epoch | loss: 0.2186 | accuracy: 92.5%:  78%|███████▊  | 73/94 [00:10<00:03,  6.56it/s]
20/20 epoch | loss: 0.2177 | accuracy: 92.1%:  78%|███████▊  | 73/94 [00:10<00:03,  6.56it/s]
20/20 epoch | loss: 0.2177 | accuracy: 92.1%:  79%|███████▊  | 74/94 [00:10<00:03,  6.56it/s]
20/20 epoch | loss: 0.1867 | accuracy: 93.5%:  79%|███████▊  | 74/94 [00:10<00:03,  6.56it/s]
20/20 epoch | loss: 0.1867 | accuracy: 93.5%:  80%|███████▉  | 75/94 [00:10<00:02,  6.62it/s]
20/20 epoch | loss: 0.2989 | accuracy: 91.6%:  80%|███████▉  | 75/94 [00:11<00:02,  6.62it/s]
20/20 epoch | loss: 0.2989 | accuracy: 91.6%:  81%|████████  | 76/94 [00:11<00:02,  6.73it/s]
20/20 epoch | loss: 0.2037 | accuracy: 92.9%:  81%|████████  | 76/94 [00:11<00:02,  6.73it/s]
20/20 epoch | loss: 0.2037 | accuracy: 92.9%:  82%|████████▏ | 77/94 [00:11<00:02,  6.79it/s]
20/20 epoch | loss: 0.2203 | accuracy: 92.3%:  82%|████████▏ | 77/94 [00:11<00:02,  6.79it/s]
20/20 epoch | loss: 0.2203 | accuracy: 92.3%:  83%|████████▎ | 78/94 [00:11<00:02,  6.62it/s]
20/20 epoch | loss: 0.2012 | accuracy: 92.2%:  83%|████████▎ | 78/94 [00:11<00:02,  6.62it/s]
20/20 epoch | loss: 0.2012 | accuracy: 92.2%:  84%|████████▍ | 79/94 [00:11<00:02,  6.74it/s]
20/20 epoch | loss: 0.1809 | accuracy: 93.9%:  84%|████████▍ | 79/94 [00:11<00:02,  6.74it/s]
20/20 epoch | loss: 0.1809 | accuracy: 93.9%:  85%|████████▌ | 80/94 [00:11<00:02,  6.86it/s]
20/20 epoch | loss: 0.1779 | accuracy: 93.6%:  85%|████████▌ | 80/94 [00:11<00:02,  6.86it/s]
20/20 epoch | loss: 0.1779 | accuracy: 93.6%:  86%|████████▌ | 81/94 [00:11<00:01,  6.91it/s]
20/20 epoch | loss: 0.2219 | accuracy: 92.6%:  86%|████████▌ | 81/94 [00:11<00:01,  6.91it/s]
20/20 epoch | loss: 0.2219 | accuracy: 92.6%:  87%|████████▋ | 82/94 [00:11<00:01,  6.95it/s]
20/20 epoch | loss: 0.2280 | accuracy: 92.2%:  87%|████████▋ | 82/94 [00:12<00:01,  6.95it/s]
20/20 epoch | loss: 0.2280 | accuracy: 92.2%:  88%|████████▊ | 83/94 [00:12<00:01,  7.00it/s]
20/20 epoch | loss: 0.2122 | accuracy: 92.8%:  88%|████████▊ | 83/94 [00:12<00:01,  7.00it/s]
20/20 epoch | loss: 0.2122 | accuracy: 92.8%:  89%|████████▉ | 84/94 [00:12<00:01,  7.14it/s]
20/20 epoch | loss: 0.2220 | accuracy: 92.0%:  89%|████████▉ | 84/94 [00:12<00:01,  7.14it/s]
20/20 epoch | loss: 0.2220 | accuracy: 92.0%:  90%|█████████ | 85/94 [00:12<00:01,  7.08it/s]
20/20 epoch | loss: 0.2165 | accuracy: 92.3%:  90%|█████████ | 85/94 [00:12<00:01,  7.08it/s]
20/20 epoch | loss: 0.2165 | accuracy: 92.3%:  91%|█████████▏| 86/94 [00:12<00:01,  7.02it/s]
20/20 epoch | loss: 0.2279 | accuracy: 92.1%:  91%|█████████▏| 86/94 [00:12<00:01,  7.02it/s]
20/20 epoch | loss: 0.2279 | accuracy: 92.1%:  93%|█████████▎| 87/94 [00:12<00:01,  6.98it/s]
20/20 epoch | loss: 0.1863 | accuracy: 93.3%:  93%|█████████▎| 87/94 [00:12<00:01,  6.98it/s]
20/20 epoch | loss: 0.1863 | accuracy: 93.3%:  94%|█████████▎| 88/94 [00:12<00:00,  6.97it/s]
20/20 epoch | loss: 0.1782 | accuracy: 94.2%:  94%|█████████▎| 88/94 [00:12<00:00,  6.97it/s]
20/20 epoch | loss: 0.1782 | accuracy: 94.2%:  95%|█████████▍| 89/94 [00:12<00:00,  6.98it/s]
20/20 epoch | loss: 0.1897 | accuracy: 93.3%:  95%|█████████▍| 89/94 [00:13<00:00,  6.98it/s]
20/20 epoch | loss: 0.1897 | accuracy: 93.3%:  96%|█████████▌| 90/94 [00:13<00:00,  6.88it/s]
20/20 epoch | loss: 0.1893 | accuracy: 93.7%:  96%|█████████▌| 90/94 [00:13<00:00,  6.88it/s]
20/20 epoch | loss: 0.1893 | accuracy: 93.7%:  97%|█████████▋| 91/94 [00:13<00:00,  6.96it/s]
20/20 epoch | loss: 0.1815 | accuracy: 93.5%:  97%|█████████▋| 91/94 [00:13<00:00,  6.96it/s]
20/20 epoch | loss: 0.1815 | accuracy: 93.5%:  98%|█████████▊| 92/94 [00:13<00:00,  6.96it/s]
20/20 epoch | loss: 0.2145 | accuracy: 92.6%:  98%|█████████▊| 92/94 [00:13<00:00,  6.96it/s]
20/20 epoch | loss: 0.2145 | accuracy: 92.6%:  99%|█████████▉| 93/94 [00:13<00:00,  6.98it/s]
20/20 epoch | loss: 0.2265 | accuracy: 92.0%:  99%|█████████▉| 93/94 [00:13<00:00,  6.98it/s]
20/20 epoch | loss: 0.2265 | accuracy: 92.0%: 100%|██████████| 94/94 [00:13<00:00,  6.95it/s]
20/20 epoch | loss: 0.2265 | accuracy: 92.0%: 100%|██████████| 94/94 [00:13<00:00,  6.90it/s]
train loss: 0.2147 | train acc: 92.6% | val loss: 0.2363 | val acc: 92.2% | val mIoU: 82.7%
saving checkpoint to checkpoints/segmentation/05-07_12-23-26/Segmentation_ckpt_epoch19_metric82.65.ckpt
loaded best ckpt from checkpoints/segmentation/05-07_12-23-26/Segmentation_ckpt_epoch18_metric82.85.ckpt
test acc: 90.0% | test mIoU: 79.2%
